barcode,name,name_en,brand,calories,proteins,carbs,fats,serving_size,serving_unit,alt_serving_qty,alt_package_qty
00004472,Prot Bar pure Choc,,Herbalife,370,23.2,37.5,10.7,100,g,56,56
00034906,Limonada Rodie,,Piata9,40,0.1,9.7,0,100,ml,,500
0011210697003,Sriracha Sauce🙂,,TABASCO,140,2.5,31.6,0.5,100,ml,100,256
0016229912888,Rice Stick,,Aroy-d,357,7.1,80,0.8,100,g,187,
00210119,Oolong,,Fuzetea,19,0,4.4,0,100,ml,400,
00244251,Crispy Prawns,,Asia,209,8.3,24.5,8,100,g,100,
0030000570425,Protein Instant Oatmeal Apples & Cinnamon,,Quaker,367,16.7,51.7,5,100,g,60,360
0034000702329,Reese's 2 Peanut Butter Cups,,Reese's,500,10.8,56.2,29.3,100,g,100,42
0036595328366,tortilla wraps classic,,Snack Day (Lidl),310,9.9,52,6.5,100,g,,370
0044900302420,HOT & SPICY PREMIUM SMOKED SAUSAGES,,CATTLEMAN'S CUT,500,30.4,4.3,47.8,100,g,23,340.2
0049000057997,Sprite,,The Coca-Cola Company,9,0,0,0,100,ml,250,500
0051943262017,Original Smoked Sausages,,Tillamook Country Smoker,438,37.5,0,31.3,100,g,16,
0055940031232,Cerbona,,Cerbona,374,7.4,76.6,2.4,100,g,225,225
0070177078782,Pure Ceylon Tea,,Twinings,1,0,0.3,0,100,g,,50
0070462014983,Chews,,Sour Patch Kids,417,1.7,81.7,8.3,100,g,60,
0078742237497,Sweet Peas,,Great Value,71,3.5,11.8,0,100,g,85,
00852043,Multi Seed Mix,,Marks & Spencer,581,21,9,48.4,100,g,100,
00957515,Paine Neagra,,,245,12,43,1.7,100,g,36,
0097241319350,Energy Bar Strawberry & Cranberry,,Iron Girl,409,4.9,74,10,100,g,40,
01052305,Giraffe Bloomer,,Sainsbury's,243,9.1,45.2,1.8,100,g,,
0200000005214,Pastrama De Porc,,Gusturi Romanesti,153,30.7,0.5,2.5,100,g,80,
0200182132067,Sirloin Tip Toast,,Aldi,150,20.3,0,7.9,100,g,113.4,
05806926,White Rice Quality I,,Deroni,346,7,77,0.8,100,g,200,
0607469292603,Hummus,,Bert,219,8,15,14,100,g,100,
06104696,Almonds,,Alesto Lidl,621,24.5,4.8,53.3,100,g,30,
0612322000127,Super Seeded Oatcakes,,nairn's,457,12,49.6,21,100,g,10,200
0629025440037,Olympus Iaurt Grecesc Cu Rodie,,Iogo,93,5.7,13.9,1.6,100,g,125,
0630855160002,Sour Belts Strawberry,,,333,3,81.8,0,100,g,,
0642108937309,Înghețată cu Pepene Galben,,Grădina lui Andrei,310,2.5,23.9,43.2,100,g,,150
0653748610972,Paprika Sticks,,Carpathian Jerky,425,37,2.1,29,100,g,10,
0655383538420,Hummus,,Sempre Sano,256,6.9,26.8,12.3,100,g,,
0684811800235,Zahăr Bod Cristal,,Bod,405,0,99.9,0,100,g,,1000
0705632687901,Pernute scortisoara,,Nutrivita,418,8,72,8,100,g,,
0716123125987,Stevia Sweetener,,Sweet Leaf,0,0,0,0,100,g,,
0721688285458,Vegan Protein Cinnamon Cereal Geschmack,,Strive,373,80,4.1,4.1,100,g,,
0722252387530,Crunchy Peanut Butter,,Clif Bar,388,16,53,12,100,g,68,68
0723153642506,Prunes,,Taylor,240,2.5,65,0,100,g,40,250
0739113619761,Chiftelute De Prepelita Cu Ou,,Mega,192,16.2,0,13.4,100,g,250,
0745760278855,Couscous,,Alto,357,19.3,59.7,3.3,100,g,200,
0755440003875,Wedges Original,,Farm Frites,117,2.2,18.7,3,100,g,600,
0757226224108,Won't Migdale,,Double Vegan,556,4.7,4.4,57.8,100,g,,
0757528048112,Takis Dragon Sweet chilli,,Takis,536,7.1,60.7,28.6,100,g,28,92.3
0829944094650,Pink Salmon Skin-on Fillets,,Great American Seafood Imports Co.,80,15.9,0,1.8,100,g,113,
0830953000358,Brocco Shoots,,Friends Fields,25,2.6,1.7,0.3,100,g,,
0842234000933,plant-based stuffed turk’y,,Gardein,154,8.8,13.7,6.2,100,g,227,
0850003560670,PRIME Blue Raspberry,,PRIME,4,0,1,0,100,ml,500,500
0850003560694,LEMON LIME,,PRIME,4,0,1,0,100,ml,500,500
0850003560717,PRIME Tropical Punch,,PRIME,5,0,1.2,0,100,ml,500,
0850003560991,Prime strawberry watermelon,,PRIME,4,0,1,0,100,ml,500,500
0850034416274,Vegan bar Mandarin & Chocolate,,Haha Natural,335,25,27,14,100,g,40,
0850040427066,Prime ice pop,,Prime,4,0,1,0,100,ml,500,500
0850040427110,PRIME Meta Moon,,PRIME,4,0,1.2,0,100,ml,500,500
0858369006665,Soylent Cacao Powdered food Complete meal Formula v1.9,,Soylent,270,13,27,14,100,g,60,
0902900602820,Pistachio,,Nutribon,654,23,23,50,100,g,50,
0904065012421,"Chefir Cremos, Gust Domol Verde",,Napolact,57,3.2,3.7,3.3,100,g,100,
0904265031444,Sunca Praga,,Matache Macelaru,103,18,0.7,3,100,g,,
09141209,Bourn Vita 500Gram Pauch,,Cadbury,284,5.1,59.3,0.4,100,g,23.6,
10783336,Kokosmehl,,K-Land,358,3.3,6.2,33.5,100,g,,300
1506799002946,Mușchiulet De Porc,,Camara Noastra,119,21,2,3,100,g,100,
16811207,petit déjeuner miel et pépites de chocolat,,TOBLERONE,529,5.5,68.2,20.5,100,g,22,435
16916753,Choco fresh,,Kinder,577,7.3,40.2,42.7,100,g,,
1903749190003,KAFFEREP Oat sugar-free,,Ikea,532,4.7,50,33,100,g,12.5,160
2000000028573,Happy Hippo Cacao,,Kinder,589,6.7,53.6,38.6,100,g,20.7,20.7
20003548,Nuss-Nougat-Creme,,Choco Nussa,551,3.7,57.3,33.3,100,g,100,400
20004392,Plátkovaná červená řepa,,Freshona,49,1,9.9,0.5,100,g,170,430
20005726,Nut & Fruit Mix Classic,,Alesto,534,13.4,33.8,36.9,100,g,30,200
20005733,"Walnusskerne, angebrochen",,Alesto,712,15.5,3.7,69.1,100,g,30,200
20005825,Melk Lait,,Fin Carré,535,9.6,57.9,30.2,100,g,4.2,100
20006167,Fette croccanti con sesamo,,Tastino,360,11,58,6,100,g,20,250
20019907,Succo di limone,,ITALIAMO,28,0.4,2.2,0.5,100,ml,15,200
20027834,"Feine Extrawurst, Fleisch",,,227,0.7,10,20,100,g,,
20039547,Schlagsahne 30%,,Envia,293,2.5,3.2,30,100,ml,100,200
20047214,Mozzarella grated,,Lidl,331,25,2,24.5,100,g,50,200
20047238,Nussmix,,Alesto,647,20.3,6.4,58,100,g,30,1
20055820,Chicken wings mild,,Culinea,195,20,4.1,10.8,100,g,,750
20063757,spaghetti,,Combino,350,12.5,70.5,1.2,100,g,100,1000
20064464,"Rahm Brotaufstrich, Paprika&chili",,Lidl,212,5.6,4,19,100,g,100,200
20073541,Tatra,,Mein Fest,460,20,2.3,41.2,100,g,,5
20084431,Black Beans in Brine,,Sol & Mar,82,6,10,0.4,100,g,,520
20092016,Eis auf Kokosnussmilchbasis,,Gelatelli,343,3.5,25.2,24.5,100,ml,69,276
20094508,Crefee mit feinen Kräutern,,Milbona,163,6,3,23,100,g,,150
20096403,Szprot,,Nixe,129,11,4.5,7.2,100,g,170,170
20103644,Coconut Milk kókusz tej,,Freshona,205,1.8,1.8,21,100,ml,100,400
20104375,Ice cream Dragon Fruit,,Vitasia,178,1.6,29.4,5.8,100,ml,36,400
20105211,Baton cu brânză proaspătă cu glazură cu cacao,,Lidl,322,8.8,32.3,17.2,100,g,150,150
20107338,Triple taste ice cream,,Bon Gelati,172,1.6,22.5,7,100,ml,,2000
20113384,Mix zeleniny na čínský způsob,,Freshona,28,1.5,3.4,0.5,100,g,100,450
20121556,Taco Dinner Kit,,el tequito,461,6.5,61.2,20,100,g,,320
20127459,"Sana Light 0,9% grasime",,Pilos ( Lidl ),35,3.2,3.7,0.9,100,ml,100,400
20127695,Camara Nostra passata,,Bulion,62,3.2,13.4,0.5,100,g,100,
20130022,Lapte de consum,,Pilos,49,3,4.8,2,100,ml,,1000
20133207,Pistaches,,Alesto,605,26.5,10.3,49.2,100,g,70,70
20133214,Pistazienkerne geröstet & ohne Salz,,Alesto,612,23.4,11.2,50.4,100,g,,70
20134112,Choco Crisp Eis,,Gelatelli,333,4.3,32.7,20,100,ml,120,180
20140472,Liver Pate with roasted onion,,Alpen fest style,325,12.7,2.5,33,100,g,,130
2014145311974,Ciocolata Neagra Cu Cristale De Flori De Tei,,Iasi,527,7.4,34.5,38.9,100,g,90,
20141615,bio vegetable mix,,Freshona,32,2.3,2.9,0.7,100,g,,750
20150907,Cranberries,,Alesto Selection,330,0.5,76.2,0.9,100,g,30,200
20158651,Buraczki wiórki,,Freshona,43,1.2,8,0.5,100,g,100,500
20163822,Kartoffelpüree!!!Achtung Beutel,,Harvest Basket,62,2,11,0.9,100,g,200,110
20171964,Wildlachsfilet à la provencal,,ocean sea,98,20,0.4,1.8,100,g,100,700
20173265,Riffled Chips,,,537,5.9,48.4,35,100,g,,
20178253,šlehačka,,Pilos,215,2.5,11.4,17,100,ml,100,250
20186999,petit chocolat,,J.D. Gross,576,7.3,36.7,42.2,100,g,16.7,200
20198251,Carnati Oltenesti,,Matache Macelaru,255,16.9,3.1,19.4,100,g,100,
20206086,Camambert Le Crémeux Authentic French Soft Cheese classic,,Duc De Coeur,343,16,0.1,31,100,g,,200
20211141,Captain Rondo Choco Duo,,Lidl,473,6.2,65,20,100,g,28,500
2023235093089,"Cozonac Carrefour,nuca,satife,rahat",,,344,9.2,47.4,11.2,100,g,,
2023235104686,Paine Alba Carrefour,,Carrefour,191,6.8,38.3,0.8,100,g,1,
2023235125520,Gogoși,,Mega,384,7.4,42.5,20.3,100,g,40,
2024245037681,Ceafă De Mangaliță,,Szekely Falat,314,14.9,0.5,28.3,100,g,300,
20248109,Herbe Sahne,,Excelsior,546,7.3,46.9,35.3,100,g,,200
20261405,Gofre moi,,Lidl,500,6.6,51.8,29.2,100,g,34,272
20265816,Morski,,Kuljanka,344,26,18,26,100,g,16,500
20268213,Sour cherry yogurt,,Pilos,41,3.2,4.8,1,100,g,,400
20280239,Gouda,,Milbona,370,25,0,30,100,g,20,1000
20282653,Süß-Kirschen,,River Valley,65,7,14,0.5,100,g,,680
20286910,Salt Snack,,Snack Day,504,7.7,56.7,27.5,100,g,,
20290436,Vitte wheat and rice flakes,,Crownfield,405,9.5,73.5,6.6,100,g,100,250
20290443,Vitte,,Crownfield,408,9,74.3,6.8,100,g,50,250
20310615,Crunchy,,Crownfield,464,8.5,64,18,100,g,,350
20351700,Muştar cu hrean,,Kania,102,4.9,8.5,4.6,100,g,,300
20353568,Iaurt natur 3.5%,,Pilos / LIDL,59,3.2,3.7,3.5,100,g,,
20353889,Traube- Nuss Müsli,,Crownfield,375,10.8,53.6,10.6,100,g,,1000
20353919,Zimtinos,,Crownfield,427,6.7,74.7,10.3,100,g,100,
20358327,salt chips,,Snack Day,525,7,48,33,100,g,150,150
20358457,CRUNCHY STRAWBERRY MÜSLI,,CROWNFIELD,452,9,67,15,100,g,50,350
20359492,Grated Horseradish,,Kania,171,2.4,17.5,10.1,100,g,10,
20385668,Milk & honey snack,,Milbona,428,6.8,42.5,25.8,100,g,28,112
20386078,Yogurt Strawberry,,Pilos,96,3.4,13.5,2.7,100,g,,150
20399405,Wasabi Crispy Coated Peanuts,,Vitasia,557,14.9,43.6,34.8,100,g,100,150
20405625,basmati rice,,Golden Sun (Lidl),350,8.9,75,1.1,100,g,,500
20413422,Noix de cajou grillées et salées,,Alesto,618,18.5,21.7,50,100,g,30,150
20421007,Tiradell cornetti rigati,,Combino,351,10.7,73,1.2,100,g,100,500
20427610,Mini gratin dauphinois,,Toque Du Chef Lidl,133,3.8,11.7,8.3,100,g,120,480
20430726,Noir extra Chocolat,,FIN CARRÉ,532,4.7,52.2,32.1,100,g,40,200
20436322,Nuts and raisin,,Alesto,507,18,34.1,30.8,100,g,50,100
20462642,Fusilli pugliesi tris,,Italiano,362,12.5,73.2,1.8,100,g,56,500
20465216,Kabanosi,,Realvalle,488,25,4.8,41,100,g,100,120
20486570,Cottage Cheese,,Milbona,70,12,4.3,0.5,100,g,100,
20491338,Chips with sea salt and olive flavour,,Lidl,535,6.5,51,33,100,g,,200
20493387,Leaf Spinach,,Freshona,25,3.2,0.6,0.2,100,g,100,450
20525743,Bruschetta tomates,,Italiamo,435,1.6,3,45.2,100,g,,190
20540111,Yogurt with Cola Bubbles,,McEnnedy,88,2.5,13.6,2.6,100,g,175,175
20551858,Extra crunchy crisp salt&peper chips,,lidl,490,6.6,57,25,100,g,,125
20561970,yoghurt peach and passion fruit,,pilos,96,3.4,13.5,2.7,100,g,100,400
20568825,Mortadella Bologna PGI with Pistachios,,Dulano,283,15,0,25,100,g,100,150
20589509,Pilos milk,,Pilos,48,3.4,4.9,1.5,100,ml,,1500
20613945,Golden Hills Butter,,Fude Serrahn Milchprodukte,748,0.6,0.7,82.5,100,g,25,250
20623180,Pear Nectar,,Lidl,62,0.2,14.3,0.1,100,ml,,1000
20654498,Hamsii,,Nautica,280,20.5,1.5,20,100,g,,150
20656805,Yaourt à la grecque,,Milbona,133,3.9,13.3,8.2,100,g,125,1000
20679279,Camara Noastra - Magiun de prune,,Camara Noastra,234,2.1,55,0.4,100,g,,350
20690076,Șuncă Piticel,,Pirates,121,21,2.4,3,100,g,,100
20690281,Rico biscuits hazelnut,,Lidl,434,8,67,14,100,g,50,
20694289,Backmischung Macarons Kakao,,Lidl,323,9.2,45.3,10.9,100,g,,250
20702175,Potato gratin,,Deluxe,166,4.3,12,11,100,g,100,400
20706869,Trüffelpralinen mit Alkohol,,Deluxe,490,4,53.9,26.5,100,g,,200
20724696,Almonds,,Alesto,620,24.5,4.8,53.3,100,g,30,200
20755256,Epres gyümölcsszelet,,Alesto ( Lidl ),337,2.7,64.3,5.7,100,g,100,30
20759605,Solevita,,Solevita,44,0.7,9,0.2,100,ml,200,1000
20771126,potato chips,,duc de coeur,540,6,50.5,34,100,g,,200
20776800,Feta P.D.O,,Eridanous,276,15.4,1.8,23,100,g,30,400
20790080,Crenvursti de porc,,pikok,289,12,1.7,26,100,g,100,
20790363,WRAP cu piept de pui,,chef select,160,6.8,16.6,6.8,100,g,230,230
20790974,Iaurt Natur - Bifidus,,Pilos - Lidl,59,3.4,4.5,3,100,g,140,
20790981,IAURT CREMOS în stil GRECESC,,Pilos,123,3.7,4.5,10,100,g,140,140
20791278,Sana,,Pilos,59,3.2,3.7,3.5,100,g,400,400
20792527,Salata cu icre de crap si ceapa,,Nautica,516,3.1,2.2,55,100,g,,
20809676,schwäbische sprätzle g.g.a.,,chef select,169,6.3,25.8,4.1,100,g,,500
20821449,Yogurt mango & vanilla,,Milbona,59,2.8,11,0.1,100,g,,500
20856878,Neapolitaner Waffeln,,Compliment,512,5.2,59.4,27.5,100,g,65,65
20884260,Feinste passierte Tomaten Bio,,Baresa,33,1.7,5.6,0.1,100,g,100,500
20893323,Luxury stollen,,Deluxe,408,7.4,50.5,18.8,100,g,,
2090010086727,yogurt,,Stay Strong,77,10,4.8,2,100,g,200,
20930912,Carrots Apples Oranges,,Solevita,46,0.5,10,0.5,100,ml,,900
20932770,Gewürz-Spekulatius,,Coppenrath,476,6.1,69,19,100,g,,600
20948306,Seminte Negre De Floarea Soarelui Prajite,,Alesto,439,19,10.7,37.3,100,g,20,
20948931,popcorn,,Snack Day,454,8.3,53,24,100,g,,300
20963545,Cereal yogurt bifidus,,Lidl,120,4.9,17.5,3.2,100,g,,
20968526,Zmrzlina vanilka s lesními plody,,Vemondo,185,1.1,29,7.1,100,ml,,300
20968533,Dairy Free Ice Cream Peanut and Hazelnut,,Lidl,211,2.1,29.5,9.2,100,ml,,300
20971496,Prosciutto cotto,,Dulano Selection,115,20,2,3,100,g,30,150
20972349,Pate de pasare,,Baroni,153,9.1,5.1,10.4,100,g,100,
20972622,IAURT cremos în stil GRECESC,,Pilos,123,3.7,4.5,10,100,g,,500
20972783,"Iaurt natur 1,5%",,Pilos,41,3.2,3.7,1.5,100,g,,400
20973049,Susan,,Castello,588,17.7,11.7,49.7,100,g,,200
20973278,carnati de bere picanti,,,185,26.2,0.2,8.8,100,g,,400
20973575,ciorba burta,,cămara noastră,79,7.5,2,4.4,100,g,400,
2116821000018,Sandwich Muschi Tiganesc,,Mega Image,260,12.8,18.3,15,100,g,100,
2118837000013,Eclere Cu Cafea,,Excellent Everyday Special,240,4.2,31,11,100,g,,
2134015002303,Foccacia Cu Branza,,Auchan,284,9.3,48.9,5.4,100,g,,
2134292003642,Focaccia Cu Plante Aromatice,,Auchan,251,8.3,48.5,2,100,g,38,
21522987,Weisse Bohnen mit Suppengrün,,Penny,80,6.2,8.4,0.9,100,g,,800
21637193,Jumbo peanut caramel,,Chocola,549,9.1,48,35,100,g,,
2327021403015,Curmale Medjool,,Bio Market,322,1.8,75,0.2,100,g,14,
2327021404241,Gourmet Deluxe Nuts,,Bio Market,630,16.5,13.9,56.8,100,g,,
2411917001994,Turta Alba Cu Masline,,Panifcom,287,7.6,49.5,8.1,100,g,160,
2417290014156,Schweinfleischerzeugnis,,Coop Naturafarm,150,23,1,6,100,g,,
2501307004060,Cascaval,,Lidl,347,23.6,0,28.1,100,g,,
2501427001703,Piept De Pui Afumat,,Pikok,110,21,1.8,2,100,g,170,
2501427002168,Piept De Pui Afumat,,Pikok,110,21,1.8,2,100,g,100,
2501427002205,Piept De Pui Afumat,,Pikok Lidl,110,21,1.8,2,100,g,100,
2502537005643,Scaricica De Porc,,Lidl,230,17.8,1.3,17,100,g,100,
2503485003538,Camara Noastă,,Cotlet Țărănesc,119,21,2,3,100,g,,
2503639002837,File De Somon Norvegian,,Fresh Fish Today,213,19.8,0,14.9,100,g,100,
2503816002339,șunculiță cu verdeață,,cămara noastră,102,19,2,2,100,g,100,
2504602004582,Snitzel Din Piept De Pui,,Lidl,138,18.5,12,1.8,100,g,,
2505641003864,Muschi File,,Baroni,112,17,2,4,100,g,1,
2506992003428,Mușchi Țigănesc,,Lidl,164,21,2,8,100,g,100,
2511686002564,Șuncă de porc,,Dulano Selection,137,19.7,1,6,100,g,,
2515886010978,Piept de pui,,Fragedo,112,21.7,0.4,2.9,100,g,,1000
2537851000005,Cârnați Grătărel,,,353,15,1.3,32,100,g,,
2538002000004,Cârnati Casa plini de carne,,Elit,370,13.6,0.5,34.8,100,g,100,
2541979002520,Slăninuță Aleasă,,Mălina,597,13.8,0.4,60.3,100,g,100,
2544292000006,elit coasta,,elit,209,19.8,1.2,13.9,100,g,,
2555918008184,Breast Fillet,,Fragedo,94,20.8,0.1,1.1,100,g,,
2557680002506,Slanina Afumata,,Hary ProMeat,821,0.6,0,89.7,100,g,,
2565324313811810443,"McDonald's, Triple Cheeseburger",,,524,32,36,28,100,g,100,
2570600016681,Telemea De Vaca,,Covalact,277,17,0.2,23,100,g,,
26229034,Weizenmischbrot &quot;Unser Mildes&quot;,,Bäckerkrönung,242,7.5,45,2.7,100,g,,500
2628702009893,Nuggets Format Din Piept De Pui,,Familia Safir,225,18.4,11,11.9,100,g,100,
2710802003847,Chicken Burger,,Carrefour,151,19,2.4,7.3,100,g,,
2732569000013,Bagheta cu Maia si seminte,,Auchan,314,10.4,52.3,6.2,100,g,,
2732659000015,Paine Ardeleneasca Cu Cartofi,,Auchan,231,6.9,48.1,0.9,100,g,,
2736254000012,Paine Pave Cu Maia Feliata,,Auchan,251,8.7,50.6,0.9,100,g,,
2736316000011,Painea Gospodarului,,Auchan,264,9.7,41,6,100,g,400,
2810680005701,Carnati Macelaresti,,Metro Chef,238,15.4,0.8,19.2,100,g,500,
2824430006184,Frigarui Piept De Porc,,Purland,414,13,0.6,40,100,g,,
2860657009096,Chicken Thighs,,Fragedo,150,19.1,0.5,8,100,g,100,
2862394003955,US Beef Chuck Eye Steak,,Kaufland Favorites,230,17.3,0,17.9,100,g,,
2872190009945,Jambon Afumat,,Kravys,206,18,1.5,13.5,100,g,100,
2900047033161,Gouda,,ADORO,352,23.4,0.2,28.5,100,g,,
2913344009166,Carne Tocata De Vita,,Gusturi Romanesti,206,17.7,0.8,14.5,100,g,,
2919355004930,"Aripi de pui condimentate, picante",,Mega,146,17.5,2.6,7.3,100,g,,
2955658002273,Piept De Porc,,Drag De Romania,291,22,0.5,23,100,g,,
3017800182222,Porumb Gold,,Daucy,89,2.9,12,2.4,100,g,140,140
3017800219331,Chickpeas al vapore,,D’aucy,123,7.1,11.2,2.4,100,g,100,
3038351480100,Panzani Lasagne wheat pasta,,panzani,361,12,72,2,100,g,,500
3038354199603,Panzani sauce pesto basilic 200g,,Panzani,329,3.8,7.9,31,100,g,100,200
3038356507604,Panzani Cous Cous Paste Fainoase,,panzani,365,12,73,2,100,g,,500
3038359001208,Pesto basilico,,PANZANI,331,4.2,7.3,31,100,g,100,200
3038359006289,Panzani - spf - sauce bolognaise veggie,,Panzani,85,5.7,6.3,3.6,100,g,,400
3045140280902,Trauben-Nuss,,Milka,508,6.2,57,28,100,g,16.7,100
3046920021265,Extra Creamy Milk Chocolate,,Lindt,570,6.3,52,37,100,g,,
3046920021470,Ciocolata dark,,Lindt,535,6,52,32,100,g,,
3046920021531,Hazelnut Extra Creamy,,Lindt,590,7.7,46,41,100,g,,80
3046920022378,Robust dark,,Lindt,584,12.5,22,46,100,g,,100
3046920028363,Excellence 85% Cacao Rich Dark,,Lindt,584,12.5,22,46,100,g,20,100
3046920028721,Dark absolute 99% cacao,,Lindt EXCELLENCE,565,14,9,49,100,g,50,50
3046920029759,Extra fine dark chocolate,,Lindt & Sprüngli,592,10,14,55,100,g,10,100
3046920071086,Drak Chocolate 70% Cocoa,,Lindt,566,9.5,35,41,100,g,100,
3073781048476,Branza topita vacuta vesela 240 gr,,La Vache qui rit,230,11,6,18,100,g,15,240
3073781121322,Brânza&Grisine,,la vache qui rit.,283,10,24.3,15.7,100,g,100,35
3083680001663,Weiße Bohnen,,Bonduelle,89,6.6,11,0.7,100,ml,200,425
3083680001793,Haricots Blancs a La Tomate,,Bonduelle,108,4.3,13,3.2,100,g,430,400
3083680004275,MAZARE MARE,,Bonduelle,96,7.2,9.6,0.9,100,g,176,530
3083680008464,KVĚTÁK,,Bonduelle restauration,25,1.5,3,0.3,100,g,,2500
3083680008785,Frozen whole very small green beans,,Bonduelle restauration,37,1.8,4.3,0.5,100,g,,2500
3083680009003,Frozen peas,,Bonduelle restauration,70,5.1,8.7,0.6,100,g,,2500
3083680009508,Crveni pasulj,,Bonduelle,71,5.6,8.2,0.5,100,g,,250
3083680009591,Épinard hâché galets CE2 FR,,Bonduelle restauration,19,1.8,1.6,0.2,100,g,150,2500
3083680013086,Frozen sliced mushrooms,,Bonduelle restauration,22,2.2,1.1,0.5,100,g,,2500
3083680015394,Maïs / Sweet Corn,,Bonduelle,72,2.7,11,1.4,100,g,,150
3083680015424,Zlatá kukurica sklo,,Bonduelle,80,2.9,12,1.7,100,ml,120,580
3083680018500,Frozen spherical carrots,,Bonduelle restauration,37,0.7,6.4,0.4,100,g,,2500
3083680025881,Maïs SSA 1/2,,Bonduelle,80,2.9,11,1.9,100,g,140,285
3083680045162,Kukuřice supersweet,,Bonduelle restauration,72,2.7,9.2,1.8,100,g,,2500
3083680047364,MAZARE MEDIE,,Bonduelle,74,5.5,7.4,0.7,100,g,,265
3083680055628,Brocoli fleurette,,Bonduelle,25,2.3,1.9,0.3,100,g,,2250
3083680077934,Chou romanesco fleurette,,Bonduelle restauration,30,2,4.7,0.1,100,g,,2500
3083680090742,Raudonosios pupelės Čili padaže,,Bonduelle,106,4.7,12.1,2.9,100,g,,200
3083680466936,Groszek Bonduelle 530G Sloik,,Bonduelle,81,6.3,8,0.8,100,g,125,375
3083680495882,Cooked dried kidney beans,,Bonduelle,107,4,14.7,2.8,100,g,215,200
3083680510233,Cooked kidney beans,,Bonduelle,71,5.6,8.2,0.5,100,g,200,800
3083680538404,MAZARE MICA,,Bonduelle,74,5.5,7.4,0.7,100,g,130,130
3083680566377,4 SEASONS MIX,,Bonduelle,38,2.5,4.4,0.4,100,g,400,400
3083680567077,CHINA MIX,,Bonduelle,27,1.4,3.5,0.3,100,g,100,400
3083680576925,Frozen mixed vegetables,,Bonduelle restauration,26,1.5,3.1,0.3,100,g,,2500
3083680577472,Steamed vacuum sweet corn in kernels from organic farming,,Bonduelle,80,2.2,13,1.4,100,g,285,285
3083680585903,Frozen mix of cooked vegetables and rice,,Bonduelle,81,2.6,15,0.3,100,g,,400
3083680592857,Frozen mixed vegetables,,Bonduelle restauration,28,2.5,2.8,0.2,100,g,,2500
3083680592864,Frozen mixed vegetables,,Bonduelle restauration,28,2.6,2.3,0.3,100,g,,2500
3083680638906,Frozen mixed vegetables,,Bonduelle restauration,54,3.6,4.6,1.5,100,g,,2500
3083680638913,Wok China,,Bonduelle restauration,30,1.2,4.5,0.2,100,g,,2500
3083680642385,Pois mange tout,,Bonduelle,41,2.7,6.1,0.1,100,g,100,1000
3083680811392,Duo carottes rond. Minute® CE2 FR,,Bonduelle restauration,35,0.9,5.8,0.3,100,g,150,2500
3083680836371,Epinards Feuilles Préservées 750g,,Bonduelle,24,2.5,1.5,0.4,100,g,290,750
3083680963596,Epinard branche mille feuilles,,Bonduelle restauration,24,2.5,1.5,0.4,100,g,125,2500
3083680995429,Summer Stir Fry,,Bonduelle,28,1.6,3.8,0.2,100,g,,400
3083680996044,Lentils,,Bonduelle,91,6.9,13,0.5,100,g,,265
3083680996716,Frozen breaded cauliflowers florets,,Bonduelle restauration,52,3.2,6.8,0.7,100,g,,1000
3083680996723,Frozen prefried vegetable mix,,Bonduelle restauration,105,1.5,5,7.6,100,g,,1000
3083681001495,Garden peas,,Bonduelle,77,5.3,9.1,0.7,100,g,,265
3083681001679,Purée carotte 100% légume CE2 FR,,Bonduelle restauration,30,0.9,4.3,0.3,100,g,,2500
3083681003901,Cannellini gőzben párolt,,Bonduelle,89,6.6,10,1,100,g,100,250
3083681003925,LEGUMERIA BORLOTTI,,Bonduelle,95,6.8,11.1,0.9,100,g,100,250
3083681003949,CECI SOTTOVUOTO,,Bonduelle,119,6.4,15,2.2,100,g,200,265
3083681003963,Šošovica,,Bonduelle,106,8.5,14,0.7,100,g,265,265
3083681012620,Vacuum white beans,,Bonduelle,106,6.5,15,0.8,100,g,110,225
3083681016574,CIUPERCI FELIATE,,Bonduelle,19,2.2,0.6,0.4,100,g,85,170
3083681018110,Frozen vegetables and fruits in sauce,,Bonduelle restauration,54,1,11,0.1,100,g,83,2500
3083681024258,Maïs doux traité à la vapeur en grains,,Bonduelle,73,2.7,11,1.4,100,g,143,570
3083681031157,Bon Menu Barbecue,,Bonduelle,90,5.2,13,0.7,100,g,,430
3083681032512,Frozen mixed vegetables,,Bonduelle restauration,25,1.5,3.1,0.2,100,g,,2500
3083681033113,Frozen whole small wax beans,,Bonduelle restauration,31,1.8,3.4,0.3,100,g,,3000
3083681036770,Broccoli Vapeur,,Bonduelle,30,2.8,2.1,0.6,100,g,400,400
3083681036800,Peas,,Bonduelle,72,5.2,8.5,0.7,100,g,100,400
3083681036831,Cut Yellow Beans,,Bonduelle,28,1.7,3.1,0.2,100,g,200,400
3083681043815,BON Goldmais mit Chili.,,Bonduelle,76,2.2,13,1,100,ml,130,425
3083681044287,Frozen mixed vegetables,,Bonduelle restauration,32,1.5,4.2,0.2,100,g,,2500
3083681045345,Frozen whole very small green beans,,Bonduelle,29,1.9,3.1,0.1,100,g,200,400
3083681057799,Frozen mixed vegetables,,Bonduelle restauration,27,1.5,3.6,0.2,100,g,,2500
3083681063332,Amestec de legume imperial,,Bonduelle,28,1.5,3.5,0.3,100,g,,400
3083681063349,Frozen mixed vegetables,,Bonduelle,28,1.5,3.8,0.2,100,g,,400
3083681068146,Bunt dazu Kichererbsen,,CONAXESS TRADE NORGE AS,120,6.4,14.7,2.2,100,g,80,65
3083681068184,Crispy Maïs,,Bonduelle,73,2.9,11,1.9,100,g,75,140
3083681068191,Minipack Zwarte Bonen,,Bonduelle,106,7.7,13,1,100,g,,65
3083681068801,Vegetables for Cream Soup Sweet Pumpkin Mix,,Bonduelle,29,0.8,4.8,0.2,100,g,125,400
3083681068818,Légumes verts pour soupe,,Bonduelle,34,2.1,4,0.4,100,g,100,400
3083681106947,Steam pocessed garden peas,,Bonduelle,77,5.3,9.1,0.7,100,g,130,265
3083681130164,Riz de broccolis,,Bonduelle,24,1.8,2.1,0.4,100,g,100,400
3083681139327,Ready Meal Rustic with Potatoes and Mushrooms,,Bonduelle,100,2.4,15,2.9,100,g,400,400
3083681139389,Vegetables mix Provencal,,Bonduelle,67,1.7,7.4,2.7,100,g,400,400
3083681144048,Warzywne risotto z patelni,,Bonduelle,77,3.7,13,0.3,100,g,200,400
3083681144079,Spain mix with rice,,Bonduelle,72,3.3,12,0.3,100,g,200,400
3083681144109,Thailand Mix With Rice Frozen,,Bonduelle,60,1.6,12,0.3,100,g,200,400
3083681155303,MEXICO MIXT,,Bonduelle,79,3.4,11,1.5,100,g,,130
3083681189209,Gnocchi With Spinach And Peas,,Bonduelle,107,4.6,16,2.2,100,g,107,
3083681189230,gnocchi with tomatoes,,Bonduelle,122,3.7,18,3.5,100,g,,
3090291125138,Emmental Style,,Ile De France,352,25,0.5,28,100,g,,
3155250367094,La motte de beurre aux cristaux de sel.as,,Président,727,0.7,1,80,100,g,,250
3155251205524,Beurre Tendre Doux,,Président,745,0.7,1,82,100,g,,250
3161911393210,Le Beurre Demi-Sel Sel,,Elle&Vire International,725,0.6,0.7,80,100,g,10,200
3175681000834,Galletas Soja Higo,,Gerblé,447,12,61,16,100,g,,
3175681074835,Gerble Stevia Edulcorant Naturel 45G,,Gerblé,395,0,98.7,0,100,g,,45
3175681117860,Les Pains complets - Seigle aux graines de lin,,Céréal Bio,194,5.2,33,2.1,100,g,70,500
3175681247154,Whey Protein Chocolate Flavor,,isostar,390,73.3,7,6.7,100,g,30,570
3178530402353,Petites Madeleines,,St Michel,420,5.8,54,21,100,g,31,175
3184030006236,Slightly Salted Butter,,Paysan Breton,726,0.8,0.6,80,100,g,,250
3228022000298,Beurre Léger Doux 40% MG,,Président,375,0.8,3,40,100,g,,250
3228022000311,President unt 100 grame,,President,745,0.7,1,82,100,g,10,100
3228022910023,Beurre doux,,PRÉSIDENT,740,0.7,1,82,100,g,100,200
3237580162287,Biscuits cuillers,,Carrefour,346,7.2,74,1.8,100,g,16.7,200
3237580171838,Pain d'épices,,Carrefour,295,3,67,0.9,100,g,,470
3245390084422,Palets Bretons Spécialité de Pont-Aven au beurre,,Carrefour,529,6.2,60,29,100,g,16.7,100
3245411157944,SOJA à la VANILLE,,Carrefour BIO,46,3.2,4,1.8,100,ml,100,1000
3245411443559,P'tit Déj Pépites de chocolat,,Carrefour,453,7.9,66,16,100,g,50,400
3245411443566,"P'tit déj Saveur - Smaak Apricot, almonds & chocolate chips*",,Carrefour,463,8.1,65,18,100,g,50,400
3245411573669,Riz Sans sucres ajoutés**,,Carrefour BIO,57,0.5,11,1.3,100,ml,125,1000
3245412379284,Couscous fin,,Carrefour,349,12,69,1.8,100,g,100,1000
3245412435263,Profiteroles au chocolat,,Carrefour,244,5.3,32,9,100,g,90,360
3245412563034,Kit Burritos,,Carrefour,326,9.4,55,7.3,100,g,,510
3245412563041,Kit fajitas,,Carrefour,326,9.4,55,7.3,100,g,,505
3245412563256,8 Tortillas au blé,,Carrefour,326,9.4,55,7.3,100,g,80,320
3245412568329,TORTILLA CHIPS Goût Chili,,Carrefour,472,6.6,64,20,100,g,25,200
3245412568749,Toetilla Chips Nature,,Carrefour,472,6.6,64,20,100,g,25,200
3245412589980,Biscuits Nature,,Carrefour,393,11,74,5,100,g,100,300
3245412738289,Lasagne,,Carrefour,356,13,71,1.8,100,g,68,500
3245412885174,Fusilli cuisson rapide 3mn Al dente,,Carrefour,352,12,72,1.2,100,g,,500
3245412886171,Fusilli,,Carrefour,358,12,72,1.5,100,g,,500
3245412886232,3 min COQUILLETTE,,Carrefour,352,12,72,1.2,100,g,,500
3245413136527,Couscous aux épices,,Carrefour,363,12,70,3,100,g,100,500
3245413451804,Avoine,,Carrefour BIO,43,0.5,7.2,1.2,100,ml,,1000
3245413497901,8 Tortillas Blé et maïs,,Carrefour,319,11,54,6.3,100,g,80,320
3245414249950,Classico,,Carrefour,0,0,0,0,100,g,,252
3245414263048,P'tit Déj Honey & chocolate chips*,,Carrefour,453,7.8,65,17,100,g,50,400
3245414394155,Intenso,,Carrefour,397,14.4,40.2,15.4,100,g,,252
3245414637696,Tiramisu,,Simpl,183,4.5,32,2.6,100,g,80,160
3245414663435,"Carrefour Simpl, Bâtonnets de surimi 400g, flowpack",,Carrefour,114,7.7,14,3.2,100,g,16.9,400
3245414663565,Saucisse SÈCHE,,Carrefour,460,24,3.3,39,100,g,,300
3245414667181,Crêpes jambon emmental,,Carrefour,116,4.9,17,3,100,g,,1000
3245414671133,Cheeseburgers,,Carrefour,258,12,22,13,100,g,125,750
3245678047095,85% noir corsé,,Auchan,594,12,20,49,100,g,10,100
3245678049280,cao kido,,Auchan,361,4.8,77,2.2,100,g,,450
3245678049440,Auchan poudre 100% cacao (10-12% m.g.) 100g,,Auchan,335,24,20,11,100,g,,100
3256228965387,"Fromage blanc nature 7,6%MG - 8x100g",,U,108,5.7,4.3,7.6,100,g,,
3270190007418,Petits pains grilles,,Carrefour,407,9.5,73,7.8,100,g,70,225
3270190007425,Petits pains grilles,,Carrefour,408,10,66,10,100,g,52,225
3270190008200,Kaomix,,Carrefour,167,7.6,25,3.8,100,g,,450
3270190008262,Huile d\'olive,,Carrefour,823,0,0,91,100,ml,,1000
3270190008279,Huile d'olive vierge extra,,Carrefour,822,0,0,91,100,ml,,500
3270190020288,Beurre Gastronomique Doux,,CMI (Carrefour Marchandises Internationales),743,0.7,0.6,82,100,g,10,250
3270190114055,Cookies aux pépites de chocolat & noisettes,,Carrefour,501,6.5,55,28,100,g,33,200
3270190128519,Petit beurre tablette Chocolat noir,,Carrefour BIO,493,7.5,60,24,100,g,2,150
3270190128717,SOJA Sans sucres ajoutés,,Carrefour BIO,41,3.8,1.4,2.1,100,ml,125,1000
3270190129509,Toons goût chocolat,,Carrefour,472,6.9,70,17,100,g,100,295
3270190132035,Couscous fin,,Carrefour,349,12,69,1.8,100,g,100,500
3270190178057,Marshmallows,,Carrefour,337,4,80,0.5,100,g,,300
3270190178866,Bingo goût chocolat,,Carrefour,498,6.3,62,24,100,g,37.5,225
3270190197867,Biscottes,,Carrefour,405,14,61,10,100,g,35,300
3272770017138,Le Cream Cheese ile de France,,Ile De France,205,8.3,3,17.8,100,g,15,
3333687110678,Pave Traditionnel,,Polette,377,26,1,30,100,g,,
3333687110692,Chiffonnade De Rosette,,Polette,371,25,0.6,29,100,g,,
3368990000033,Pur sucre roux de canne Non raffiné &quot;cristal&quot;,,Peltier,390,0,99,0,100,g,,1000
3379670021507,Duo de haricots épeautre et orge aux champignons,,Paul & Louise,178,4.6,22.9,7,100,g,100,
3387390320374,fitness,,fitness,318,6.1,52.4,4.4,100,g,23.5,23.5
3415583001837,"Lody truskawkowo-malinowe z sosem malinowym i kawałkami makaronika (8,5%)",,Nestlé,257,4,26.1,14.9,100,g,87,364
3451790940217,Beurre gastronomique - doux,,Elle & Vire,744,0.7,0.8,82,100,g,100,250
3451791340412,Lait demi-écrémé stérilisé UHT - Longue conservation,,Elle & Vire,46,3.2,4.8,1.5,100,ml,200,1000
3560070095926,Pamplemousse Boisson aux fruits,,Carrefour,15,0.5,3.4,0,100,ml,,1000
3560070142224,Cacahuètes,,Classic,615,26,9.6,50,100,g,25,500
3560070209071,Mascarpone,,Carrefour,392,4.5,3.5,40,100,g,100,250
3560070242016,Cookies aux pépites de chocolat & saveur noix de coco,,Carrefour,526,5.5,52,32,100,g,16.7,200
3560070290819,Tartelettes goût abricot,,Simpl,431,5,73,13,100,g,33.3,200
3560070290840,Tartelettes goût fraise,,Simpl,434,5,73,13,100,g,33.3,200
3560070316243,Milky CHOCOLAT AU LAIT,,Carrefour,503,7,63,24,100,g,,225
3560070328826,Fusilli,,Carrefour,352,12,72,1.2,100,g,,500
3560070328857,Coquillettes,,Carrefour,355,13,70,1.9,100,g,100,500
3560070328888,Spaghetti,,Carrefour,355,13,70,1.9,100,g,100,1000
3560070328918,Coquillettes,,Carrefour,355,13,70,1.9,100,g,100,1000
3560070328949,Macaroni,,Carrefour,344,12,68,2,100,g,100,500
3560070328970,Spaghetti,,Carrefour,355,13,70,1.9,100,g,,500
3560070329038,Fusilli,,Classic',355,12,72,1.5,100,g,100,1000
3560070329120,Cheveux d'ange,,Carrefour,355,12,72,1.5,100,g,100,500
3560070329151,Macaroni,,Carrefour,355,13,70,1.9,100,g,100,1000
3560070329182,Nouilles,,Carrefour,355,13,70,1.9,100,g,,1000
3560070330836,Pétales de Blé Goût Chocolat,,Simpl,382,8.6,80,1.9,100,g,30,375
3560070330867,Boules De CÉRÉALES,,Carrefour,372,9.7,73,3.2,100,g,,750
3560070332670,100% pur fruit pressé orange,,CMI (Carrefour Marchandises Internationales),45,0.6,9.6,0.1,100,ml,200,1000
3560070332847,Pomme,,Carrefour,39,0.5,9.6,0.5,100,ml,200,1500
3560070333066,Tropical,,CMI (Carrefour Marchandises Internationales),47,0.5,11,0.5,100,ml,200,1000
3560070333127,Orange Jus à base de concentré,,Carrefour,36,0,8.4,0,100,ml,200,1500
3560070336722,Bâtonnets géants CHOCOLAT BLANC,,Carrefour,285,2.4,33,16,100,g,,483
3560070339815,Fusilli,,CMI (Carrefour Marchandises Internationales),350,12,71,1.5,100,g,100,500
3560070339860,Spaghetti,,CMI (Carrefour Marchandises Internationales),350,12,71,1.5,100,g,,500
3560070339914,Macaroni,,CMI (Carrefour Marchandises Internationales),350,12,71,1.5,100,g,100,500
3560070340194,Olives noires,,Carrefour,151,1,0,15,100,g,,200
3560070340316,Huile De Tournesol,,Carrefour,828,0,0,92,100,ml,,3000
3560070342167,Petit beurre,,Carrefour,432,7.3,77,10,100,g,20,500
3560070342464,Fourrés Goût chocolat,,Carrefour,453,6.2,71,16,100,g,47.6,500
3560070342495,Fourrés Goût vanille,,Carrefour,451,5.1,75,15,100,g,23.8,500
3560070342525,Assortiment de biscuits,,Carrefour,515,5.9,59,27,100,g,,500
3560070342877,Chocolat au lait,,Carrefour,524,5.3,64,27,100,g,16.7,500
3560070343362,Pain au Chocolat,,Carrefour,401,6.8,48,19,100,g,45,450
3560070343393,Brioche tranchée,,Carrefour,345,9.4,53,10,100,g,63,500
3560070343904,Bœuf bourguignon et pommes de terre,,Carrefour,77,7.1,8.5,1.3,100,g,,300
3560070343935,Colin d'Alaska sauce citron et riz,,Carrefour,101,6.8,12,2.7,100,g,300,300
3560070343966,Poule au riz et carottes,,Carrefour,128,9,13,4.1,100,g,,300
3560070343997,Cordons bleus de volaille,,CMI (Carrefour Marchandises Internationales),230,12,17,12,100,g,100,200
3560070344918,Pain DE mie,,Carrefour,255,8.2,47,3,100,g,84,750
3560070348503,Pizzas MARGHERITA,,Carrefour,200,5.8,34,4.2,100,g,,900
3560070348596,Melk broodjes - Pains au lait,,Carrefour,345,8.3,55,9.8,100,g,35,350
3560070362127,Pur Arabica MOULU,,Carrefour,397,14.4,40.2,15.4,100,g,,250
3560070366811,Thon albacore À l'huile d'olive,,Carrefour,293,17,0,25,100,g,,420
3560070377947,Mini galettes de riz Chocolat noir,,Carrefour BIO,472,6.2,65,20,100,g,,60
3560070379545,Emmental râpé,,Simpl,384,27,1,29,100,g,30,200
3560070384754,Tagliatelle carbonara Aux lardons fumés,,Carrefour,182,5.4,13,12,100,g,,300
3560070387427,Amande intense,,Carrefour BIO,63,1.7,4.9,4.1,100,ml,,1000
3560070401826,biscottes braisées,,Carrefour,370,14,59,5.6,100,g,100,270
3560070419456,Tortilla chips classic,,Carrefour BIO,480,6.7,63,22,100,g,125,125
3560070422067,Queues de crevettes CRUES,,Carrefour,81,18,0.8,0.8,100,g,,450
3560070439881,Galleta de mantequilla,,Carrefour,441,8,73,12,100,g,16.7,167
3560070444366,10 Légumes POUR Minestrone,,,36,1.6,6.3,0.5,100,g,,
3560070444373,Haricots Verts Très Fins,,Carrefour,32,1.9,3.8,0.5,100,g,250,1000
3560070466894,Pétales de maïs,,Carrefour,380,8.1,83,1.1,100,g,,500
3560070468751,Spaghetti,,Carrefour,349,12,70,1.5,100,g,,1000
3560070468782,Spaghetti,,Carrefour,344,12,68,2,100,g,,500
3560070473007,Blanc,,Carrefour,552,7,59,32,100,g,,100
3560070477197,Petit beurre pocket,,Carrefour,460,7.9,75,14,100,g,,300
3560070479641,Intenso,,Carrefour,397,14.4,40.2,15.4,100,g,,336
3560070479702,Classico,,Carrefour,0,0,0,0,100,g,,336
3560070484225,MINI SAFARI Chocolat au lait,,Classic',502,6.9,68,22,100,g,40,160
3560070485529,Filets DE MERLU BLANC,,Carrefour,83,16,0.8,1.9,100,g,,
3560070492527,Bâtonnets de Poissons PANÉS,,Carrefour,172,11,15,7.4,100,g,,450
3560070495948,Frites,,Carrefour,134,2.3,22,3.4,100,g,,2500
3560070529636,Tranches de filets de Colin d'Alaska,,Simpl,78,17,0,0.9,100,g,100,1000
3560070543243,Croc'poulet au fromage,,Carrefour,251,12,12,17,100,g,100,800
3560070546848,Pâtes Farfalle,,Carrefour,355,13,70,1.9,100,g,75,500
3560070546879,Pipe Regate,,Carrefour,355,13,70,1.9,100,g,,500
3560070552498,CHOUX-FLEURS En fleurette,,Carrefour,31,2.9,2.1,0.9,100,g,,1000
3560070553990,Farfalle,,Carrefour,355,12,71,1.8,100,g,100,1000
3560070554027,Penne rigate,,Carrefour,355,13,70,1.9,100,g,100,1000
3560070554058,Serpentini,,Carrefour,352,12,72,1.2,100,g,,500
3560070555307,Linguine,,Carrefour,355,12,71,1.8,100,g,100,500
3560070555369,Pipe Rigate,,Carrefour,355,13,70,1.9,100,g,,1000
3560070555390,Penne Rigate,,Carrefour,355,13,70,1.9,100,g,100,500
3560070561407,Boulettes au boeuf*,,Carrefour,200,12,3.5,15,100,g,,900
3560070573011,Petits pains grilles,,Carrefour,422,9.8,69,11,100,g,100,225
3560070573639,16 Bâtonnets GLACÉS,,Carrefour,298,2.5,25,21,100,ml,,536
3560070581870,Crunchy,,Carrefour,428,11,57,15,100,g,45,500
3560070604340,10 Moelleux hachés au bœuf* *Préparation à 80% de viande bovine hachée avec protéines végétales,,Simplo,256,17,1.9,20,100,g,,1000
3560070606856,Barre pâtissière,,Carrefour,371,5.6,51,16,100,g,30,800
3560070613847,Capellini,,Carrefour,352,12,72,1.2,100,g,,1000
3560070614202,Copos de Avena Integral,,Original,372,14,59,7,100,g,,500
3560070616114,Frites,,Carrefour,114,2.1,20,2.4,100,g,,1000
3560070617715,Mini cookies choco,,Carrefour,522,6.9,63,26,100,g,,40
3560070649266,P'tit Déj Saveur fruits rouges,,Carrefour,455,6.9,68,16,100,g,50,300
3560070649327,Bingo goût noisette,,Carrefour,503,5.7,64,24,100,g,37.5,225
3560070669905,Tomates basilic,,Carrefour,47,1.2,6.9,1.2,100,g,420,420
3560070678051,P'tit Déj Pépites de chocolat,,Carrefour,453,7.9,66,16,100,g,50,600
3560070682683,Galleta de mantequilla con tableta de chocolate con leche,,Carrefour BIO,508,7.5,60,26,100,g,25,150
3560070686148,Frites Allumettes pour friteuse,,Carrefour,126,2.4,21,3.1,100,g,,2500
3560070687350,Filets de Colin Alaska,,Carrefour,70,16,0,0.7,100,g,,950
3560070687619,Cacahuetes con cáscara tostados sin sal,,Carrefour,615,29,6.2,50,100,g,,400
3560070692842,Mini Saucissons Secs,,Carrefour,474,29,3.5,38,100,g,37.5,75
3560070698561,Purée de tomates,,Carrefour,24,1.3,3.8,0,100,g,,500
3560070713110,Dolce,,Carrefour,0,0,0,0,100,g,,252
3560070717903,Frites,,Carrefour,134,2.3,22,3.4,100,g,,1000
3560070718788,Grissini Sésame et Huile d'olive 7%,,Carrefour,491,16,55,22,100,g,,125
3560070725618,Galette de maïs Chocolat Noir,,Carrefour BIO,489,7.1,61,23,100,g,,100
3560070728190,Ananas Jus à base de concentré,,CMI (Carrefour Marchandises Internationales),47,0,11,0,100,ml,200,1000
3560070737017,Petits pains grilles,,Carrefour,407,9.5,73,7.8,100,g,52,400
3560070737048,Petits pains grilles,,Carrefour,408,10,66,10,100,g,52,400
3560070751082,Tartelette au caramel beurre demi-sel,,Carrefour,391,5.5,47,20,100,g,87,160
3560070755370,Cappuccino,,Carrefour,440,5.9,77,12,100,g,,168
3560070759354,Les Tablettes CHOCOLAT NOIR,,Carrefour,511,6.9,67,23,100,g,,150
3560070765430,DUO P'TIT DÉJ,,Carrefour,479,7.2,65,20,100,g,50.6,253
3560070765461,DUO P'TIT DÉJ,,Carrefour,479,7.1,65,20,100,g,50.6,253
3560070774265,Cônes parfum vanille,,Carrefour,280,3.5,39,12,100,ml,,550.4
3560070774326,Cônes PARFUM CHOCOLAT Pistache,,Carrefour,294,3.4,38,14,100,ml,,548
3560070777013,Cannelloni - Pâtes alimentaires de qualité supérieure,,Carrefour,362,13,74,1.4,100,g,,250
3560070778720,Cacahuètes,,Carrefour,603,27,7,49,100,g,25,500
3560070787975,Decafeinato,,Carrefour,4,0.1,0.6,0.2,100,g,6.9,252
3560070800230,Choco Curlz,,Carrefour,378,9.3,75,2.9,100,g,30,375
3560070800292,Choco Rice,,Carrefour,381,7.1,81,2,100,g,30,375
3560070800322,Snow flakes,,Carrefour,385,5.7,88,0.8,100,g,30,375
3560070800384,Wizzy Crisp,,Carrefour,389,9.2,81,1.9,100,g,30,375
3560070818914,Cappuccino,,Carrefour,36,1.5,6.1,0.5,100,g,14,200
3560070819362,Haricots verts,,Carrefour BIO,17,1.4,1.8,0,100,ml,90,330
3560070821938,Boules de céréales Gout miel,,Carrefour,392,6.1,88,1.4,100,g,30,750
3560070822744,Petits pains grilles,,Carrefour,408,10,66,10,100,g,,400
3560070822997,Tortilla chips,,Carrefour,472,6.6,64,20,100,g,25,300
3560070823291,Biscottes Blé complet,,Carrefour,366,12,62,4.9,100,g,33,300
3560070823802,Muesli crujiente con frutos secos,,Carrefour,448,8.5,66,15,100,g,45,750
3560070824137,Couscous,,Carrefour,351,13,68,2,100,g,100,1000
3560070824564,Biscottes braisées,,Carrefour,392,12,73,4.6,100,g,36,270
3560070825219,BISCOTTES Nature,,Carrefour,391,11,72,5.6,100,g,5,800
3560070825271,Nectar de pomme,,Carrefour Discount,20,0,5,0,100,ml,200,1000
3560070825318,Tortillas Chips,,Carrefour,472,6.6,64,20,100,g,100,400
3560070825813,Multifruits,,Carrefour,25,0,5.6,0,100,ml,200,2000
3560070826018,Pavés de SAUMON kéta du Pacifique,,Carrefour,166,21,0.6,9.2,100,g,,250
3560070826063,Latte Macchiato,,Carrefour,451,14,65,15,100,g,12,56
3560070833993,Haché au boeuf,,Carrefour,254,16,2.4,20,100,g,,700
3560070873821,3 Tablettes de Chocolat Noir,,Carrefour,515,4.4,56,29,100,g,20,300
3560070885169,Tiramisu à la Framboise,,Carrefour,209,3.9,30,7,100,g,100,200
3560070899289,Mini Circle Goût chocolat,,Carrefour,488,6.7,64,22,100,g,42,168
3560070910366,Huile d\'olive vierge extra,,Carrefour Bio,823,0,0,91,100,ml,,1000
3560070910489,Spécial pâtes,,Carrefour,324,26,1,24,100,g,100,150
3560070923984,Riz long grain étuvé,,Carrefour Discount,359,7.4,81,1.1,100,g,62.5,1000
3560070924011,Riz Long,,Simplo,350,7.4,78,0.6,100,g,,1000
3560070924073,Riz long,,Carrefour,355,7.3,79,0.8,100,g,,500
3560070926930,Tortillas chips nature,,Carrefour,472,6.6,64,20,100,g,,150
3560070926992,Tortillas chips,,Carrefour,472,6.6,64,20,100,g,,150
3560070932429,Galettes au beurre,,Carrefour,450,7.5,70,15,100,g,12.5,125
3560070932641,Saucissons secs mini noix,,Carrefour,489,30,3.8,39,100,g,,75
3560070940257,Olives noires à la grecque,,Carrefour,379,1.9,8.5,36,100,g,,400
3560070940288,Olives vertes entières,,Carrefour,145,1,1.3,14,100,g,,400
3560070940356,Olives vertes dénoyautées,,Carrefour,145,1,1.3,14,100,g,,600
3560070941346,Huile d'olive,,Carrefour,822,0,0,91,100,ml,,1000
3560070941810,Mini Marshmallows - arôme naturel de vanille,,Carrefour,333,3.2,79,0.5,100,g,100,200
3560070941841,Marshmallows Mix,,Carrefour,339,4,80,0.5,100,g,25,250
3560070941933,Barres au caramel,,Carrefour,464,4.4,66,20,100,g,,240
3560070941964,Barrita de chocolate con galleta,,Carrefour,505,5.3,66,24,100,g,,290
3560070955589,P'tit Déj 6 céréales complètes,,Carrefour,435,7.4,67,14,100,g,50,400
3560070973743,Huile d'olive vierge extra,,Carrefour BIO,822,0,0,91,100,ml,45,500
3560070981793,Filets de maquereaux espagnols,,Carrefour,169,27,0,6.9,100,g,,125
3560070984046,Choco Bonbon,,Carrefour,565,7.8,51,36,100,g,,200
3560070995905,"GALETTES Blé, Épinards, Emmental, Panure multigrains",,Carrefour,238,15,16,12,100,g,,400
3560070996131,Biscuithé,,Carrefour,458,7.4,75,14,100,g,29,335
3560071000493,Biscottes goût brioché,,Carrefour,395,11,73,5.1,100,g,,300
3560071004408,16 Grosses croquettes de poisson,,Carrefour,161,10,21,3.7,100,g,,1000
3560071005214,90% cacao noir,,Carrefour,622,12,16,54,100,g,16,80
3560071007287,Choco Curlz,,Carrefour,378,9.3,75,2.9,100,g,,375
3560071008574,Pistaches grillées salées,,Carrefour,604,24,13,49,100,g,25,125
3560071008673,"Filete Soja, trigo, guisantes",,Carrefour,235,19,8.5,13,100,g,,400
3560071008680,Burger,,Carrefour Veggie,252,14,16,14,100,g,,400
3560071012243,Crok goût chocolat,,Carrefour,450,5.4,64,18,100,g,20,300
3560071013493,Crevettes sauvages décortiquées cuites,,Simplo,48,9.9,0.5,0.7,100,g,,500
3560071013714,Cappuccino Vanilata,,Carrefour,47,1.1,9.2,0.6,100,g,,18
3560071013721,CAPPUCCINO Decaffeinato,,Carrefour,336,18,63,0.5,100,g,,12.5
3560071013745,CAPPUCCINO Chocolate,,Carrefour,46,1.3,8.7,0.6,100,g,,18
3560071014094,Amande Sans sucres,,Carrefour BIO,26,0.7,1.7,1.7,100,ml,200,1000
3560071015152,Espirales cocción rápida,,Carrefour,344,12,68,2,100,g,,500
3560071016180,P'TIT DÉJ,,Carrefour,466,8,65,18,100,g,,400
3560071016869,Spaghetti,,Carrefour,355,12,71,1.8,100,g,,1000
3560071016876,Coquillettes,,Carrefour,355,12,71,1.8,100,g,,1000
3560071016883,Macaroni,,Carrefour,350,11,72,1.2,100,g,,1000
3560071016890,Fusilli,,Carrefour,355,12,71,1.8,100,g,,1000
3560071016982,Couscous,,Carrefour,356,13,70,1.9,100,g,100,500
3560071017439,3min PENNE RIGATE CUISSON RAPIDE,,Carrefour,344,12,68,2,100,g,,500
3560071017903,Bike,,Carrefour,344,12,68,2,100,g,,500
3560071019228,Poisson pané,,Carrefour,195,12,17,8.6,100,g,,450
3560071046897,Riz Coco,,Carrefour BIO,51,0.5,10,1.2,100,ml,1000,1000
3560071048051,Le chocolat gourmand,,Carrefour,550,6.1,54,34,100,g,10.6,155
3560071058234,CROK goût Vanille,,Carrefour,465,4.4,64,21,100,g,100,300
3560071062378,Génoises orange,,Carrefour,375,3,70,9,100,g,25,300
3560071082765,Petit beurre original,,Carrefour,460,7.9,75,14,100,g,25,400
3560071083021,Petit beurre 🧈Original,,Carrefour,460,7.9,75,14,100,g,100,200
3560071083465,Petit beurre pépites de chocolat,,Carrefour,457,7.5,69,16,100,g,25,200
3560071083472,Petit beurre multi céréales,,Carrefour,454,8.8,69,15,100,g,,200
3560071083991,Noix de cajou,,Carrefour,615,19,21,49,100,g,,125
3560071084042,Cacahuètes grillées sans sel ajouté.,,Carrefour,622,27,9.7,51,100,g,,200
3560071084059,CACAHUÈTES GRILLEES SALEES,,Carrefour,615,26,9.6,50,100,g,,250
3560071084158,Morceaux de thon,,Carrefour,102,24,0.5,0.7,100,g,,370
3560071084165,Morceaux de thon à l'huile de tournesol,,Carrefour,190,25,0,10,100,g,,150
3560071085124,Biscuits Selection,,Carrefour,517,6.6,59,28,100,g,,500
3560071086336,sauce tomate,,Carrefour,56,1.2,7.7,2,100,g,,420
3560071086343,Bolognaise,,Carrefour,68,2.2,7.1,3.1,100,g,,420
3560071090821,Choco Bollz,,Carrefour,380,8.7,77,2.4,100,g,,375
3560071090951,Raisin,,Carrefour Discount,67,0,15,0,100,ml,,1000
3560071098605,P'TIT DÉJ No Gluten !* CHOCOLATE CHIPS**,,Carrefour,468,8.4,62,20,100,g,,150
3560071099251,Bâtonnets saveur crabe,,Carrefour Discount,131,6.2,14,5.4,100,g,,400
3560071099404,Sprits,,Carrefour,534,5,58,31,100,g,22.2,400
3560071099824,Pocket bingo au chocolat,,Carrefour,492,7,62,23,100,g,,300.8
3560071117085,Crocks au cacao,,Carrefour,476,6.9,68,19,100,g,,120
3560071117115,Petit beurre,,Carrefour,455,3.8,79,14,100,g,32.5,130
3560071151423,Chocolate Chip Cookies,,Simpl,501,6.5,66,23,100,g,16.6,200
3560071156916,"Cookies Choco, noisettes",,Carrefour,501,6.5,55,28,100,g,,200
3560071168674,Pétales de maïs,,Carrefour,380,8.1,83,1.1,100,g,100,750
3560071174996,3 min PIPE RIGATE,,Carrefour,352,12,72,1.2,100,g,,500
3560071175252,Miettes de thon listao à l'huile de tournesol,,Carrefour,272,18,0,22,100,g,,150
3560071179267,Toons goût fraise,,Carrefour,406,5.7,78,7.4,100,g,100,295
3560071191276,CROK Goût tout chocolat,,Carrefour,445,6.1,63,18,100,g,,300
3560071206604,Beurre gastronomique doux,,Carrefour,743,0.7,0.6,82,100,g,100,250
3560071222468,CHILI SIN CARNE Et riz complet,,Carrefour,103,5.6,11,3.1,100,g,,600
3560071222499,Poêlée de nouilles chinoises,,Carrefour,84,3.2,12,2.1,100,g,300,900
3560071225872,N°11 Spaghetti,,Carrefour,354,12,72,1.3,100,g,,500
3560071230494,Intenso,,Carrefour,1,0.2,0.3,0,100,g,,420
3560071230500,Amérique Latine,,Carrefour BIO,1,0.2,0.3,0,100,g,,250
3560071230517,Pérou,,Carrefour,1,0.2,0.3,0,100,g,,250
3560071232627,Chips Nature Sel de Guérande,,Carrefour BIO,546,5,50,35,100,g,100,125
3560071233990,Grande Fin et délicat,,Carrefour,397,14.4,40.2,15.4,100,g,,112
3560071234003,INTENSO Corsé et épicé,,Carrefour,397,14.4,40.2,15.4,100,g,,105.6
3560071234010,ESPRESSO N°5 100% ARABICA,,Carrefour,397,14.4,40.2,15.4,100,g,,92.8
3560071234027,Lungo Généreux et Fruité,,Carrefour,1,0.2,0.3,0,100,g,,99.2
3560071234034,INTENSO Corsé et épicé,,Carrefour,397,14.4,40.2,15.4,100,g,,198
3560071234041,LUNGO Généreux et fruité,,Carrefour,1,0.2,0.3,0,100,g,,186
3560071237943,Cacahuètes grillées,,Carrefour,622,27,9.7,51,100,g,,200
3560071240394,"Végétal Burgers Soja, blé, pois",,Carrefour,235,19,8.5,13,100,g,100,400
3560071240509,Lasagne,,Carrefour,107,6.4,13,3.1,100,g,,600
3560071244057,AMÉRIQUE LATINE GRAINS Pur Arabica,,Carrefour BIO,1,0.2,0.3,0,100,g,,500
3560071244101,Bâtonnets Chocolat au lait,,Carrefour BIO,534,6.7,58,30,100,g,,125
3560071253080,Wraps blé complet,,Carrefour,304,7.7,48,7.4,100,g,,370
3560071260156,il Délicio Original,,Carrefour,370,5.3,65,11,100,g,,182
3560071266011,Cookies goût chocolat et pépites de chocolat,,Carrefour,502,6.7,62,24,100,g,,200
3560071266370,Mini circle goût fraise,,Carrefour,425,5.4,74,13,100,g,100,168
3560071270605,Morceaux de Thon,,Carrefour,99,23,0,0.8,100,g,,279
3560071275839,Gold,,Carrefour,296,19.4,42.6,1.1,100,g,,200
3560071278083,Gold,,Carrefour,296,19.4,42.6,1.1,100,g,,200
3560071318574,Bâtonnets géants Chocolat au lait,,Carrefour,284,2.6,32,16,100,ml,,483
3560071318796,Mini Circle Goût chocolat,,Carrefour,488,6.7,64,22,100,g,100,168
3560071357474,Cornflakes,,Carrefour,329,7.7,63.8,3.5,100,g,40,500
3560071357481,MUESLI & Co 7 FRUITS SECS,,Carrefour,362,9.1,64,5.8,100,g,,750
3560071357498,Marshmallows,,Carrefour,337,4,80,0,100,g,,300
3560071357504,Peach' ACID,,Carrefour,336,5.4,78,0,100,g,,250
3560071357511,Cola' ACID,,Carrefour,337,5.4,78,0,100,g,,250
3560071357528,Frit' ACID,,Carrefour,337,5.4,78,0,100,g,,250
3560071357535,Shiny' ACID,,Carrefour,338,5.4,78,0,100,g,,250
3560071357542,Krokodil',,Carrefour,322,5.5,74,0.5,100,g,,250
3560071357566,Purée de piment,,Carrefour,38,1.5,3.6,1,100,g,,100
3560071357573,Sauce soja Salée,,Carrefour,32,4,2.5,0.5,100,ml,,125
3560071357597,Pur sirop d'erable,,Carrefour,272,0,66,0.5,100,g,,250
3560071357603,pâine,,Care four,401,12,75,5.1,100,g,,
3560071357634,Petit beurre tablette,,Carrefour BIO,508,7.5,60,26,100,g,,150
3560071357641,Cookies,,Carrefour,495,5.5,58,26,100,g,,200
3560071357658,Les Galets Goût noix de coco,,Carrefour,479,5.5,69,20,100,g,,125
3560071357672,Petit beurre,,Carrefour,460,7.9,75,14,100,g,,200
3560071357689,Noir amandes entières,,Carrefour,562,11,41,38,100,g,,200
3560071357719,Grissini,,Carrefour,491,16,55,22,100,g,,125
3560071357726,Tortilla chips,,Carrefour,472,6.6,64,20,100,g,,300
3560071357733,Tomates basilic,,Carrefour,47,1.2,6.9,1.2,100,g,,420
3560071357757,Huile d'olive Vierge extra,,Carrefour,822,0,0,91,100,ml,,1000
3560071357764,Huile d'olive Vierge extra,,Carrefour,822,0,0,91,100,ml,,500
3560071357771,Huile d'olive vierge extra,,Carrefour BIO,822,0,0,91,100,ml,100,1000
3560071357795,Pois chiches,,Carrefour,118,6.5,14,2.4,100,g,,400
3560071357801,Haricots verts,,Carrefour,28,1.7,3,0.2,100,g,,660
3560071357818,8 Tortillas,,Carrefour,326,9.4,55,7.3,100,g,,320
3560071357825,TORTILLA CHIPS Goût Chili,,Carrefour,472,6.6,64,20,100,g,,200
3560071357832,8 tortillas,,Carrefour,321,11,54,6.3,100,g,40,320
3560071357849,6 Wraps,,Carfour,326,9.4,55,7.3,100,g,100,370
3560071357856,Tortilla nachos,,Carrefour,472,6.6,64,20,100,g,100,200
3560071357870,Tomates pelées,,Carrefour,20,1.2,3,0,100,g,,400
3560071357887,Filets de sardines sauce tomate et petits légumes,,Carrefour,150,15,3.5,8.3,100,g,,100
3560071357894,Filets de sardines,,Carrefour,205,22,0,13,100,g,,100
3560071357900,Thon blanc,,Carrefour,198,27,0,10,100,g,,
3560071357917,FILETS DE THON Albacore À L'HUILE D'OLIVE VIERGE EXTRA,,Carrefour,198,27,0,10,100,g,,190
3560071357931,Thon entier albacore au naturel,,Carrefour,122,26,0,2,100,g,,
3560071357948,Miettes de thon,,Carrefour,225,23,0,15,100,g,,
3560071357955,Morceaux de thon,,Carrefour,107,25,0,0.8,100,g,,
3560071357962,TORTILLA CHIPS Nature,,Carrefour,472,6.6,64,20,100,g,,200
3560071357979,Emmental râpé,,Carrefour,381,28,2,29,100,g,,200
3560071357993,Ananas 100 % pur jus. Flash pasteurisé. Réfrigéré.,,Carrefour,47,0,11,0,100,ml,,1000
3560071358006,Profiteroles au chocolat,,Carrefour,244,5.3,32,9,100,g,,360
3560071358013,Tiramisu au Café,,Carrefour,228,4.1,30,8.6,100,g,,500
3560071358020,Tiramisu,,Carrefour,231,4.3,30,8.7,100,g,,
3560071358037,Tiramisu au Witherspoon Speculoos,,Carrefour,288,5,38,12,100,g,,200
3560071358044,Beurre gastronomique doux,,Carrefour,749,1.1,0.6,83,100,g,,250
3560071358051,Mini saucissons secs aux noix,,Carrefour,489,30,3.8,39,100,g,,75
3560071360481,100% PUR JUS Clémentine,,Carrefour,41,0,9.5,0,100,ml,,1000
3560071360511,Les Tablettes CHOCOLAT NOIR,,Carrefour,511,6.9,67,23,100,g,100,150
3560071360528,Boudoirs,,Carrefour,392,6.7,83,3.5,100,g,100,400
3560071360535,Cocktail exotic,,Carrefour,435,2.3,62,19,100,g,,110
3560071360542,TORTILLA CHIPS Nature,,Carrefour BIO,480,6.7,63,22,100,g,,125
3560071360559,Olives À la farce aux,,Carrefour,158,1,0.1,16,100,g,,
3560071360566,Olives noires,,Carrefour,151,1,0,15,100,g,,
3560071360573,Champignons de Paris,,Carrefour,18,1.7,0.9,0,100,g,,
3560071360610,SOJA Sans sucres ajoutés**,,Carrefour BIO,41,3.8,1.4,2.1,100,ml,,1000
3560071360627,Riz Sans sucres ajoutés,,Carrefour,57,1,11,1.3,100,ml,,1000
3560071360634,Avoine,,Carrefour,43,0.5,7.2,1.2,100,ml,,1000
3560071360665,Cheddar,,Carrefour,413,24,0.5,35,100,g,,200
3560071360702,Fourrés,,Carrefour,449,5.7,74,14,100,g,,500
3560071360719,Sprits,,Carrefour,517,5.5,61,28,100,g,,200
3560071360733,Lait,,Carrefour,576,8.6,46,39,100,g,,100
3560071360757,Lasagne,,Carrefour,356,13,71,1.8,100,g,,500
3560071360764,Cornichons,,Carrefour,16,1.2,0.7,0.2,100,g,100,
3560071360771,Cornichons,,Carrefour,16,1.2,0.7,0.2,100,g,,
3560071360788,Galettes Maïs,,Carrefour,378,6.5,85,0.7,100,g,,
3560071360795,Amande Sans sucres,,Carrefour,25,0.7,1.7,1.7,100,ml,,1000
3560071360825,Lardons nature,,Carrefour,295,14,0.8,26,100,g,,200
3560071360832,Lardons fumés,,Carrefour,295,14,0.8,26,100,g,,200
3560071360849,Mascarpone,,Carrefour,375,4.3,4,38,100,g,,500
3560071362164,Mini marshmallows,,Carrefour,333,3.2,79,0,100,g,,200
3560071362171,Marshmallows mix,,Carrefour,339,4,80,0,100,g,,250
3560071362188,Sweet box,,Carrefour,322,5.5,73,0.5,100,g,,600
3560071362195,Dômes Saveurs fruits,,Carrefour,332,4.7,77,0,100,g,,250
3560071362201,Vermicelli,,Carrefour,108,0,24,0,100,g,,100
3560071362218,Les Tablettes POCKET CHOCOLAT AU LAIT,,Carrefour,506,6.8,69,22,100,g,,250
3560071362225,Les Tablettes GOÛT NOISETTE CHOCOLAT AU LAIT,,Carrefour,494,6.4,64,23,100,g,,150
3560071362232,Milky CHOCOLAT AU LAIT,,Carrefour,503,7,63,24,100,g,,225
3560071362249,Barres à la figue,,Carrefour,394,4.3,75,7.8,100,g,,120
3560071362287,Petit beurre original,,Carrefour,460,7.9,75,14,100,g,,300
3560071362294,Petit beurre pépites de chocolat,,Carrefour,457,7.5,69,16,100,g,,200
3560071362300,Cocktail sans sel ajouté,,Carrefour,549,19,25,40,100,g,,100
3560071362317,Grissini,,Carrefour,416,12,70,9,100,g,,125
3560071362324,Tortillas chips,,Carrefour,472,6.6,64,20,100,g,,150
3560071362331,Tortillas chips,,Carrefour,472,6.6,64,20,100,g,,150
3560071362348,Couscous,,Carrefour,353,13,69,1.8,100,g,,1000
3560071362362,Purée de tomates nature,,Carrefour,34,1.4,5.9,0,100,g,,500
3560071362386,Pur jus de citron,,Carrefour,27,0,2,0,100,ml,,500
3560071362393,Huile de pépins de raisin,,Carrefour,828,0,0,92,100,ml,,1000
3560071362409,Sauce Tartare,,Carrefour,535,1.1,4,57,100,g,,245
3560071362416,Tomates séchées au soleil,,Carrefour,166,3.7,13,9.5,100,g,,
3560071362423,Lentilles,,Carrefour,85,6.3,12,0,100,g,,400
3560071362430,Coeurs d'artichauts,,Carrefour,26,1.4,4,0,100,g,,
3560071362447,Poivrons rouges grillés,,Carrefour,18,0.7,3.1,0,100,g,,660
3560071362454,Poivrons Piquillo Grillés et à l'ail,,Carrefour,30,1.5,5.4,0.2,100,g,,290
3560071362485,SOJA à la VANILLE,,Carrefour,62,3.8,6.7,2.1,100,ml,,1000
3560071362492,Sirop AGAVE,,Carrefour,300,0,75,0,100,ml,,250
3560071362508,Vitality* Figue,,Carrefour,441,11,65,14,100,g,,200
3560071362515,Spécial pâtes,,Carrefour,324,26,1,24,100,g,,150
3560071362522,Cuisson & patisserie,,Carrefour,631,0,0,70,100,g,,500
3560071362539,Le Limousin Façon Bouchère,,Carrefour,217,20,0.5,15,100,g,,480
3560071362546,Vanille de Madagascar,,Carrefour,184,2,25,8.4,100,g,,500
3560071362553,Fraise,,Carrefour,163,1.8,27,5.2,100,g,,500
3560071362560,Chocolat noir,,Carrefour,224,4,26,11,100,g,,500
3560071362577,Chocolat Pistache,,Carrefour,266,3.2,36,12,100,g,,411.4
3560071362591,Mini saucisses sèches à croquer,,Carrefour,476,27,2.3,40,100,g,,150
3560071364434,Mascarpone,,Carrefour,375,4.3,4,38,100,g,,250
3560071376789,Miettes de thon,,Carrefour,130,14,3.9,6.4,100,g,,160
3560071413835,Chocolat Au Lait,,Carrefour,506,7.1,63,25,100,g,,500
3560071413842,Chocolat croquant,,Carrefour,501,5.9,60,25,100,g,,500
3560071413859,Lait & éclats de Noisettes,,Carrefour,508,8.1,57,27,100,g,,400
3560071414696,Homard canadien,,Carrefour,89,19,0,1.4,100,g,,350
3560071414887,Kit Crispy Fajitas,,Carrefour,328,9.4,55,7.3,100,g,,530
3560071415259,Gaufrettes Fourrrées,,Carrefour,524,6.5,56,30,100,g,,175
3560071415297,Gaufrettes fourrées Parfum chocolat,,Carrefour,524,8,55,30,100,g,,175
3560071417536,AVOINE au CACAO,,Carrefour,54,1.3,7.5,1.9,100,ml,,1000
3560071417628,Amande à la vanille,,Carrefour BIO,36,0.5,4.9,1.4,100,ml,250,1000
3560071423568,Chocolat blanc,,Carrefour,532,4,67,28,100,g,,400
3560071427986,Pommes rissolées,,Carrefour,148,2.3,24,4.2,100,g,,1000
3560071431884,Espresso Leggero,,Carrefour,397,14.4,40.2,15.4,100,g,,52
3560071431914,Espresso Savoroso,,Carrefour,397,14.4,40.2,15.4,100,g,,52
3560071431945,Espresso Profondo,,Carrefour,397,14.4,40.2,15.4,100,g,,52
3560071431976,Espresso forte,,Carrefour,1,0.1,0,0,100,g,,208
3560071432003,Espresso Forte,,Carrefour,397,14.4,40.2,15.4,100,g,,52
3560071432034,Espresso decaffeinato,,Carrefour,1,0.2,0,0,100,g,90,52
3560071432065,Lungo Forte,,Carrefour,397,14.4,40.2,15.4,100,g,,52
3560071432096,Lungo Voluptuo,,Carrefour,0,0.1,0,0,100,g,5.2,52
3560071432126,Expresso Savoroso,,Carrefour,1,0.1,0,0,100,g,,208
3560071432157,Espresso Vanilata,,Carrefour,391,14.2,39.6,15.2,100,g,,52
3560071432188,Caramella Intensita 6,,Carrefour,391,14.2,39.6,15.2,100,g,,52
3560071432218,Espresso nocciolita,,Carrefour,1,0.2,0.3,0,100,g,,52
3560071432249,Espresso brazil,,Carrefour,397,14.4,40.2,15.4,100,g,,52
3560071432270,Espresso Colombie,,Carrefour,1,0.2,0.3,0,100,g,,52
3560071432300,Espresso Éthiopie,,Carrefour,397,14.4,40.2,15.4,100,g,,52
3560071432454,Ristretto,,Carrefour,397,14.4,40.2,15.4,100,g,,52
3560071432546,Espresso Delicato,,Carrefour,397,14.4,40.2,15.4,100,g,,104
3560071432669,Espresso Onctuoso,,Carrefour,397,14.4,40.2,15.4,100,g,,52
3560071432690,Ristretto Ultimo,,Carrefour,397,14.4,40.2,15.4,100,g,,52
3560071432751,Espresso Forte,,Carrefour,397,14.4,40.2,15.4,100,g,,104
3560071432850,Espresso Profondo,,Carrefour,397,14.4,40.2,15.4,100,g,,208
3560071434755,"12 mini croques Sapin Jambon, Truffe blanche d'été (1%)",,Carrefour,269,13,16,17,100,g,,110
3560071436384,Bâtonnets de poisson panés,,Carrefour,189,11,16,8.8,100,g,100,900
3560071441036,Grande,,Carrefour,397,14.4,40.2,15.4,100,g,,112
3560071441180,Lait & céréales croustillantes,,Carrefour,483,7.7,64,21,100,g,,400
3560071448561,Espresso,,Carrefour,1,0.1,0,0,100,g,,250
3560071449834,Thon albacore,,Carrefour,302,12.6,0,33.9,100,g,,
3560071449865,Thon albacore Au naturel,,Carrefour,104,24,0,0.9,100,g,56,
3560071452278,Café Grande 100% Arabica,,Carrefour,1,0.1,0,0,100,g,,210
3560071452711,Pulpe de tomate,,Carrefour,23,0.9,3.3,0.3,100,g,,
3560071453480,Assortiment de bonbons,,Carrefour,394,0,94,1.8,100,g,,720
3560071454166,il Délicio Original,,Carrefour,370,5.3,65,11,100,g,,364
3560071454289,Classico,,Carrefour,397,14.4,40.2,15.4,100,g,,420
3560071454333,Dolce,,Carrefour,1,0.1,0,0,100,g,,420
3560071454364,Dolce,,Carrefour,397,14.4,40.2,15.4,100,g,,336
3560071454708,Latte macchiato saveur caramel karamel smaak,,Carrefour,32,1.1,4.5,1.1,100,g,,120
3560071455453,Le Moelleux,,Carrefour,406,6.4,61,15,100,g,100,250
3560071456801,"ESTRIBOS Virgin 0,0%",,Carrefour,33,0.5,6.6,0.5,100,ml,,990
3560071457105,Croquettes de pommes de terre,,Carrefour,116,2.7,24,0.5,100,g,,2500
3560071458980,Mochi Coconut,,Carrefour,222,2.5,39,6.1,100,ml,,210
3560071459017,Mochi vanilla,,Carrefour Sensation,212,2.4,41,4.2,100,g,,210
3560071459048,Mochi Chocolate,,Carrefour,224,2.7,44,3.8,100,ml,,210
3560071459079,Mochi mango passion fruit,,Carrefour,184,0.7,44,0,100,ml,,210
3560071459437,Tartines craquantes Au blé complet,,Carrefour BIO,389,10,79,1.8,100,g,100,150
3560071462987,Tortilla fromage,,Carrefour,472,6.6,64,20,100,g,,200
3560071468187,Amande douceur,,Carrefour,33,0.6,4.1,1.5,100,ml,,1000
3560071469160,Huile d'olive vierge extra,,Carrefour,819,0,0,91,100,ml,,1000
3560071469542,Galettes de riz complet,,Carrefour BIO,388,7.9,81,3,100,g,7.7,130
3560071469573,Galettes 4 Céréales,,Carrefour BIO,384,8,80,2.6,100,g,100,130
3560071469641,Galettes épeautre,,Carrefour BIO,361,20,61,1.9,100,g,8,130
3560071469740,Galettes de riz chocolat au lait,,Carrefour BIO,501,7.5,63,24,100,g,,100
3560071469771,Galettes de riz Chocolat Noir,,Carrefour BIO,492,7.3,60,23,100,g,14,100
3560071472245,Dosettes Classic,,Carrefour,397,14.4,40.2,15.4,100,g,,334
3560071472276,Dosettes Dolce,,Carrefour,397,14.4,40.2,15.4,100,g,,334
3560071472382,Caramella,,Carrefour,0,0,0,0,100,g,,140
3560071477721,Haricots verts,,Carrefour,17,1.4,1.8,0.2,100,g,,
3560071478247,Graines de Courge,,Carrefour,601,35,3.3,49,100,g,,200
3560071478278,Graines de Tournesol,,Carrefour BIO,644,24,5,57,100,g,,200
3560071478308,Graines de sésame,,Carrefour,647,25,1.7,58,100,g,,200
3560071478377,Soja douceur,,Carrefour BIO,47,3.7,3,2.1,100,ml,60,1000
3560071478643,Flocons d'avoine complete,,Carrefour,363,12,59,6.6,100,g,,500
3560071479398,Cappuccino ORIGINAL,,Carrefour,35,1.5,6.1,0.5,100,g,,140
3560071479657,Galettes MAÏS,,Carrefour BIO,378,6.5,85,0.7,100,g,8,
3560071479671,Galettes épeautre,,Carrefour,361,20,61,1.9,100,g,9,130
3560071481612,Filets de cabillaud,,Carrefour,83,18,0.7,0.9,100,g,100,500
3560071481995,Cappuccino CLASSICO,,Carrefour,33,0.5,6.6,0.5,100,g,,200
3560071482022,Cappuccino chocolate,,Carrefour,42,0.5,8,0.7,100,g,,200
3560071482695,Cereales crunchy chocolat au lait,,Sensation,445,9.4,56,17,100,g,50,500
3560071482732,Crunchy Chocolat noir Noisette,,Carrefour,450,9.3,54,19,100,g,,500
3560071482916,100% Pur fruit pressé Pomme,,Carrefour,43,0,10,0,100,ml,,1000
3560071482978,Pamplemousse,,Carrefour,33,0.5,7.6,0,100,ml,,1000
3560071483036,Crocks mix,,Carrefour,424,6.5,69,12,100,g,,620
3560071491147,HIRAKU Whisky,,Carrefour,0,0,0,0,100,ml,,500
3560071491727,Mochi black sesame,,Carrefour,226,2.5,44,4.4,100,g,,210
3560071496821,mochi pistachio,,Carrefour,229,2.1,44,4.8,100,ml,,210
3560071499716,Pizza a la napolitaine prosciutto e funghi,,Carrefour,202,9,27,6.3,100,g,,400
3560071499747,Pizza Margherita à la Napolitaine,,Carrefour,220,8.8,29,7.3,100,g,,370
3560071503284,Figurines de chocolat au lait.,,Carrefour,531,5.9,59,29,100,g,,75
3560071504069,Toast crock',,Carrefour,372,11,74,2.8,100,g,,250
3560071504090,Toast crock' céréales complètes,,Carrefour,359,9.9,67,3.1,100,g,100,250
3560071504564,Caffe latte,,Carrefour,26,1.7,3.5,0.5,100,g,9.5,152
3560071504571,Cappuccino,,Carrefour,33,1.7,5.3,0.5,100,g,,120
3560071506766,2 Dômes saumon Avocat,,Carrefour,255,9.8,3.3,22,100,g,,150
3560071506797,2 croustillants noix de saint-jacques*,,Carrefour,215,8.2,15,13,100,g,,116
3560071506827,"2 CROUSTILLANTS Chèvre, confit de Figue",,Carrefour,278,13,21,16,100,g,,116
3560071506933,Capsule café intenso,,Carrefour,1,0.1,0,0,100,g,,104
3560071506957,Espresso,,Carrefour,1,0.1,0,0,100,g,,96
3560071506964,Lungo Généreux et Fruité,,Carrefour,1,0.1,0,0,100,g,,104
3560071507305,LUNGO Généreux et fruité,,Carrefour,1,0.1,0,0,100,g,,195
3560071507367,Feuilletés au fromage,,Carrefour,262,4.6,30,13,100,g,,650
3560071522094,Moulage de chocolat au lait.,,Carrefour,542,5.9,56,32,100,g,,90
3560071527655,3 min Fusilli,,Carrefour,352,12,72,1.2,100,g,,1000
3560071530273,Riz et blé soufflés Chocolat,,Carrefour,388,8.2,81,2.6,100,g,100,750
3560071530365,The vert saveur menthe,,Carrefour,14,0,3.4,0,100,g,,83.2
3560071532789,Décaféiné,,Carrefour,1,0.2,0,0,100,g,,104
3560071551674,Flocons d'avoine complète,,Carrefour,372,14,59,7,100,g,,500
3560071552565,Mochi Rasberry,,Carrefour,182,0.9,42,0,100,ml,,210
3560071555429,Ananas en morceaux,,Carrefour,63,0,15,0,100,g,,560
3560071555450,Ananas en tranches,,Carrefour,62,0,15,0,100,ml,,565
3560071562601,Pâtes étoiles,,Carrefour,344,12,68,2,100,g,,500
3577060130017,Micro Popcorn Sare,,Chio,444,8.9,58,17,100,g,,80
3577060130048,Popcorn cu Unt,,chio,459,8.8,58,19,100,g,80,80
3596710508914,Ananas en morceaux au sirop leger,,Auchan,66,0.5,16,0.5,100,g,,340
3596710517442,Biscuits avec tablette de chocolat au lait,,Auchan,491,6.6,67,21,100,g,,150
3663458006788,Holly Pop,,Not Guilty Sweet Revolution,390,0,97,0,100,g,12,
3664346304863,Chocolate Orange Milk,,Terry's,524,5.8,59,29,100,g,31.4,157
3760228710583,Crevettes tempura,,Sushi Gourmet,164,14.9,16.4,4.3,100,g,,195
3800020491430,Kit Kat Hazelnut,,Nestle,529,5.8,57.8,29.9,100,g,33,
3800020491447,Double Chocolate,,KitKat,531,5.7,56.6,30.4,100,g,33,
3800024310041,Lotto Classic Snack cu brânză,,Best foods,560,9.1,47.7,36.7,100,g,,35
3800024310072,Lotto,,Lotto,515,16,48.6,27.5,100,g,,
3800024311116,Lotto Classic Snack,,Best Foods,560,9.1,47.7,36.7,100,g,,80
3800024311123,Lotto pizza,,Best foods,541,7.2,52.9,32.8,100,g,75,
3800024340536,Salted Baked Peanuts,,Best,618,28,14,50,100,g,300,300
3800040806429,Protein collagen spread mango passion fruit & peach,,Tru balance,194,10.5,50,0.5,100,g,220,220
3800047700119,Plăcintă clasică din foi cu brânză,,Bella,303,6.6,32,16,100,g,,800
3800047757908,Mini Rolls Apple Cinnamon,,Bella,314,4.9,37,16,100,g,31,
3800106400288,Orez brun integral,,Krina,370,7.5,76,3.2,100,g,,
3800112161227,crema pentru gatit cucina doro 1L,,,245,2.8,6.8,23,100,g,,1000
3800112162132,cucina d'oro,,Cucina d`oro,245,2.8,6.8,23,100,ml,100,500
3800118903340,Seminte De Floarea Soarelui Coapte Cu Sare,,Djili,545,18.3,39.5,34.9,100,g,,
3800203052311,Salt popcorn,,Carrefour,395,10,53,13,100,g,80,
3800203860114,semințe,,solei,192,8.3,1.1,16.5,100,g,,30
3800205870517,Bruschette Chips Slow Roasted Garlic,,Maretti,453,9.1,71,14,100,g,28,70
3800205871255,Bruschette Chips Pizza Flavour,,Maretti,453,9.1,71,14,100,g,100,70
3800205871705,MyMotto Crispy Wafer: Cocoa & Cocoa,,Motto,532,5,54,32,100,g,30,30
3800205871866,Mr Stix,,Chill & Grill,530,3.5,67,27,100,g,50,50
3800205875109,bruschette chips,,Maretti,453,9.1,71,14,100,g,100,70
3800205875307,Bruschette Chips,,Maretti,467,9,66,18,100,g,,85
3800205875604,Bruschette chips Fine cheese,,Maretti,447,8.8,70,14,100,g,85,70
3800205876861,My Motto Hazelnut & cocoa,,My Motto,538,5,60,30,100,g,30,34
3800205879404,Kubeti Pui,,Kubeti,456,9.4,68,15,100,g,,35
3800206351077,Telemea de oaie Josi 200g,,Josi,283,17,2,23,100,g,,200
3800225476843,Maca powder,,Dragon Superfoods,342,12,67,0.6,100,g,,200
3800225478885,Sucre de fleurs de coco,,Dragon Superfoods,384,1.2,94,0.5,100,g,100,250
3800225660136,Mancare De Naut,,Natura,378,21.4,64.5,7.5,100,g,,
3800228842218,Chicory coffee natural,,Coffee zarra,305,3.8,50,0.1,100,g,,
3800231730632,Iaurt de băut cu bifidus,,Milkeria,36,3.2,3.8,0.9,100,g,,320
3800232550000,Bar Strawberry & Strawberry Yoghurt,,Healthy Bars,419,5.1,65.4,14.5,100,g,25,25
3800232731539,Proteine Et Chocolate,,Roo'bar,480,27,29,27,100,g,,60
3800233074062,Chips de riz,,rice UP!,460,8,68,17,100,g,60,60
3800233074383,Brown rice bar,,riceUP,520,7.5,61,25,100,g,18,18
3800233781625,Cocoa Nibs,,Bett’r,642,14,26,53,100,g,,
3800237480616,Mr stix,,Mr Stix Cheese,530,3.5,67,27,100,g,,125
3800502905110,Protein Bar Dubai Style,,Planet Fit,396,28.4,34.3,17.7,100,g,,
3850104265679,Vegeta pentru paste,,Vegeta,190,0,45.2,1,100,g,,20
3850104267109,Lino Lada Milk,,Lino,561,7,54,35,100,g,30,340.2
3850354018575,PUDDING,,STAY STRONG PRO,74,10,6.2,0.9,100,g,200,200
3850355005987,Camembert flavour,,Président,191,14,4.5,13,100,g,17.5,140
3856020239879,Vegeta,,Podravka,157,8.5,27,0.5,100,g,,
3856021302770,Pom-băr Smântână,,Chio,504,3.7,63,25,100,g,50,
3870085021835,Cooking Cream Meggle 500g.,,Meggle,206,2.9,3.6,20,100,ml,100,500
3877002085031,Cocoa & milk,,tako,469,2.7,56.3,26.1,100,g,,250
4000177407509,Multi Vitamin,,Capri-Sun,41,0,9.9,0,100,ml,,200
4000177408100,capri sun Mystic dragon,,Capri-Sun,33,0,8,0,100,ml,200,200
4000339035229,Philadelphia 200 gr,,PHILADELPHIA,227,5.4,4.3,21,100,g,30,200
4000339695027,Philadelphia cottage cheese,,Philadelphia,97,10,3.5,4.5,100,g,,200
4000381076416,Sesam Grissini aus Weizen,,Erdmannhauser,460,13.6,54.7,19,100,g,,100
4000415007706,Schogetten Ciocolată cu lapte cu bucățele de biscuiți cu ovăz,,Schogetten,556,5.5,56,34,100,g,,100
4000415028701,Chocolat trilogia strawberry,,Schogetten,552,5.4,58,33,100,g,,100
4000415043100,Schogetten Ciocolată cu lapte,,Schogetten,557,5.4,55,35,100,g,,33
4000415143800,Valge šokolaad krõbedate sarapuupähklitega,,Schogetten,541,6.3,56,32,100,g,100,100
4000415730307,Dark Chocolate With Hazelnuts,,Schogetten,559,6.7,43,38,100,g,5.5,
4000415832100,Popcorn Chocolate,,Schogetten,554,5.4,56,34,100,g,,100
4000417012005,Rum Raisins Hazelnuts with original Jamaican rum,,RITTER SPORT,522,6.3,56,28,100,g,100,100
4000417025005,Ritter Sport Marzapane chocolate,,Alfred Griiner GmbH & Co. KG,496,6.5,61.3,25.8,100,g,,100
4000417260000,Chocolat noir extra fin,,Ritter Sport,603,8.7,25,49,100,g,,100
4000417652409,Choco bubes fabulous friends,,Ritter Sport,575,6.8,50,37.5,100,g,,176
4000512015062,Number One,,Trolli,335,5.3,76,0,100,g,100,1000
4000521004569,Vitalis Knusper Plus Double Chocolate,,Dr. Oetker,478,9.8,59,21,100,g,40,450
4000522008535,"Brezli Original Chio 500 GR, 1 Paquet",,Chio,372,11,71,4,100,g,,
4000522009532,Stickletti Cașcaval,,Chio,476,11,63,19,100,g,30,80
4000522009747,Stickletti Cartofi,,Chio,482,5.5,66,21,100,g,30,80
4000522060885,Maxi Mix,,Chio,475,9.2,70,17,100,g,,750
4000522061172,Maxi Mix,,Chio,457,8.8,60,19,100,g,30,250
4000522061752,Chio Stickletti,,Chio,399,11,77,4,100,g,30,100
4000607850004,Schogetten alpine milk chocolate,,Schogetten,560,5.4,55,35,100,g,100,100
4000607852008,Dark Chocolate,,Schogetten,525,6.4,50,31,100,g,,100
4000607854606,Kruger Czekolada Shogetten-kids,,Schogetten,550,5.2,55,34,100,g,,100
4000607854705,Yoghurt Strawberry Chocolate,,Schogetten,542,7.4,53,33,100,g,,100
4000943560117,Why Protein Isolate,,Transylvani Nutrition,384,93.3,0,0,100,g,,
4001507111011,Flocons d'avoine,,fortín,375,14,59,7,100,g,,500
4001686301326,Haribo Goldbären,,Haribo,343,6.9,77,0.2,100,g,,300
4001686330067,Pommes Fizz,,Haribo,337,3.2,80,0.5,100,g,,
4001724037514,Ristorante,,Ristorante - Dr. Oetker,251,10.9,23.5,12.1,100,g,340,
4001724047551,Ristorante Piccolissima Tre Formaggi,,Dr. Oetker,237,13,24,9.6,100,g,,216
4001757013646,Bitterschokolade dark chocolate,,Weinrich,621,8.2,20.4,53.3,100,g,,100
4001757016135,Weinrichs 1895 finest chocolate,,Weinrich,594,6.7,32.2,46.3,100,g,40,100
4001954160266,Tradycyjne masło irlandzkie,,Kerrygold,748,0.7,0.7,82.5,100,g,,200
4001954160587,"Tradycyjne masło Irlandzkie, solone",,Kerrygold,725,0.7,0.6,80,100,g,,200
4002084922571,Hatz Pizza,,Dorian Popa,219,9.3,28,7.2,100,g,,
4002084922601,Hatz Pizza,,House of Taste,250,9.5,30,9.8,100,g,,
4002084925022,Cheese Frenzy,,Hatz,263,11,29,11,100,g,480,
4002309015620,Chocremo,,Kaufland,590,3.8,50,41,100,g,,
4002334117597,High Protein Yougurt,,Kclasic,64,10,5,0.4,100,g,100,
4002468237215,Velemea,,Hochland,207,4.4,2.3,18.9,100,g,,150
4002671118622,Almette Cu Smântân?,,Almette,259,5.6,3,25,100,g,100,150
4002671118646,Crema De Branza Cu Verdeata,,Hochland,251,7,4.1,23,100,g,100,150
4002671120632,Almette iaurt,,Almette,193,7.1,5.1,16,100,g,,150
4002671134622,Almette Cremă de brânză proaspătă cu ceapă verde,,Almette,192,8.3,3.7,16,100,g,,150
4002671147059,Almette cu Roşii si Busuioc BRÄNZĀ,,Almette,232,6.4,4.3,21,100,g,,150
4002671155948,Almette,,Almette,258,5.6,3,25,100,g,,
4002671165640,Crema De Branza Cu Hribi,,Almette,257,5.8,4.4,24,100,g,100,150
4002671169464,Almette Cu Verdeata Light,,Hochland,120,9,4.7,7,100,g,150,
4003751011017,Alpenhaim Branza Brie,,Alpenhaim,309,20,1,25,100,g,,125
4003908098748,Stremel-Lachs,,Kaufland,258,24,0,18,100,g,100,
4004236572474,Vicious Whey - Vanilla,,Transylvania Nutrition,400,85.5,11.5,1.4,100,g,,
4004790046572,Tofu Smoked,,Take It Veggie Kaufland,193,21,1.3,11,100,g,,
40052403,kit Kat chocolatina 41.5 hg,,Nestlé,511,6.7,60.5,26.4,100,g,41.5,41.5
4006196088392,Vollkorn Spaghetti,,Mamma Lucia,340,12,75,1,100,g,100,
4006229006447,Martinel Pate,,Reinert,319,11,1,30,100,g,,
4006229055117,Smoked Chicken Ham,,Kemper,103,20,1,2,100,g,,
4006265000485,Cheddar Lactose Free,,Meggle,385,25,0.1,32,100,g,25,
4006894203400,Stollen Bites mit Bratapfel Füllung,,Lambertz,370,4,62.5,10.7,100,g,100,350
4007415005565,compot mare piersici halb,,Mikado,66,0.4,15.5,0.5,100,g,,
4007882758209,Gelderländer Bauchspeck,,,334,15,1,25,100,g,,
4008167103714,Dallmayr Prodomo spezialveredelt,,Dallmayr,397,14.4,40.2,15.4,100,g,,500
4008400290126,kinder pinguin,,Kinder,450,7,37.8,29.7,100,g,30,30
4008400290829,Kinder Pinguin,,Kinder,450,7,37.7,29.7,100,g,30,240
4008400320328,Bueno,,Kinder,567,8.4,49.3,37.2,100,g,21.5,129
4008400399324,tic-tac Orange,,Tic tac,400,0.1,96.7,3,100,g,,49
4008400511924,Figurina din ciocolata Santa claus,,Kinder,579,8.8,53.9,36.2,100,g,160,160
4008400553023,Maxi King,,Kinder,520,6.7,38.2,37.5,100,g,35,35
4008400863023,Maxi King,,,521,6.7,38.2,37.5,100,g,35,35
40084107,Überraschung,,Kinder,561,8.4,52.6,34.9,100,g,20,20
40084176,Kinder Country,,Kinder,562,8.6,54.9,33.8,100,g,23.5,23.5
4008432043691,Cascaval,,Kaufland,370,28.2,0.1,28.5,100,g,150,
40084701,Kinderriegel,,Kinder,568,8.7,53.5,35,100,g,12.5,156
40084794,Milchschnitte,,Kinder,421,7.9,34,27.9,100,g,28,28
4008713713244,Müsli Riegel Erdbeer Joghurt,,K-Classic,401,6.7,67,11,100,g,25,
4008713756661,Copos de avena,,Brüggen,375,14,59,7,100,g,40,500
4008976519386,Latte aptamil,,Nutricia,482,5,53.5,24.6,100,g,,
4009097021215,Landbrötchen,,K-Bio,249,8.7,49,1.3,100,g,,62.5
4009176454958,Sprits,,Carrefour,537,5,58.9,31,100,g,22.2,400
4009176514614,Biscuit Sandwich,,Kaufland,472,5.3,68.4,19,100,g,26.3,
4009176517950,Sesam Volkorn-Knäckebrot,,K Classic,373,12,58,6.9,100,g,,250
4009176517974,Roggen Vollkorn-Knäckebrot,,Kaufland Classic,349,12,64,1.6,100,g,,250
4009900401937,Extra Professional White Dose,,Wrigley's,140,0,58.3,0,100,g,,
4009900484152,Chewing gum,,Mars,143,0,59.4,0,100,g,,84
4009900484275,Chicles de hierbabuena sin azúcar,,Wrigley's,150,0,62,0,100,g,,84
4010871006731,Sushi,,Lidl,134,4.3,21.1,3.3,100,g,326,
4011100005846,Peanut,,m&m's,524,9.8,59,26,100,g,41.6,250
40111216,Bounty 2x,,Mars,483,3.4,58.6,24.1,100,g,29,57
4011316013338,Ahornsirup Bio,,Kaufland,365,0,91,0.5,100,ml,100,250
4011800530518,corny,,corny,443,6.2,66.1,16.3,100,g,100,50
4011800575229,Corny Free Weiße Schoko,,Corny,338,6.8,72.4,8.8,100,g,20,20
4013159604599,Nudeln Spaghetti,,COMBINO,359,12,72,1.9,100,g,80,500
4014303142288,Du-bye Chocolate - Pistachio & Knafeh,,Halloren,565,7.6,53,36,100,g,11,
4014400400007,Toffifee 15er,,STORCK,521,6,58.9,29,100,g,8,125
4014400901405,Merci Milk Selection,,Merci,579,8.1,50.1,37.8,100,g,12.5,250
4014400914276,Merci,,Storck,572,7.7,33.5,42.7,100,g,,100
4014400917956,Finest Selection Mandel Knusper Vielfalt,,merci,571,9.6,47.2,37.4,100,g,12.5,250
4014400932959,Toffifee weiße Schokolade,,Storck,541,6.4,55.9,32.7,100,g,8.3,125
40144399,Knoppers,,Storck,545,9.2,51.6,32.8,100,g,25,
40144450,Knoppers Nussriegel Einzelpackung,,Knoppers,536,8.4,52.2,31.6,100,g,40,40
4014500506500,jogobella 0% truskawkowa,,Zott,38,4.3,5,0.1,100,g,100,150
4014500509747,Zott Cheese Snack X4,,Zott,308,23,2,23,100,g,21,84
4014500513485,Monte Snack,,Zott,484,5.1,39.7,33.6,100,g,,116
4014500517711,Milk Tiger Cheese Strings,,Zott,308,23,2,23,100,g,,
4014760022062,Inele De Calamar,,MareFino,203,7,27,7.4,100,g,,
4014760024561,Fish fingers,,Marefino,195,12,15,9.3,100,g,100,
4014760024998,Fischstäbchen,,,181,12,15,7.9,100,g,,450
4017100108198,Original Keks,,Leibniz,441,8.4,74,12,100,g,5,100
4017100110818,Leibniz Butterkeks - Kakao,,Bahlsen,464,6.9,69,17,100,g,,200
4017100114519,Leibniz biscuits with 100% wholemeal,,Leibniz,447,8.3,66,15,100,g,,200
4017100116728,Wholemeal biscuits,,Leibniz,433,8.4,65,14,100,g,,200
4017100209833,Choco Leibniz,,Leibniz,505,7.5,61,25,100,g,,
4021900124852,Sahne Heringsfilets,,Nadler,293,6.9,6.7,26.5,100,g,,400
4023600202281,Paula pudding cu gust de ciocolata și vanilie,,Dr. Oetker,99,3.3,14,3.1,100,g,125,500
4025500001377,Yogurt cremoso fragola in pezzi,,Müller,104,3.2,14.4,3.3,100,g,,
4025500002282,Yogurt cremoso more e lamponi,,Müller,104,3.2,14.4,3.3,100,g,,500
4025500006532,Yogurt cremoso cocco in pezzi,,Muller,125,3.2,14.7,5.5,100,g,100,500
4025500105341,Yogurt cremoso ciliegia in pezzi,,Müller,105,3.1,14.9,3.3,100,g,,500
4025500132477,Mullermilch šokolādes,,Müller,76,3.2,12.3,1.5,100,ml,400,377
4025500150785,Muller sm 375g,,MULLER,242,2.8,3,24,100,g,,375
4025500152918,Yaourt,,Muller,90,2.9,14.5,1.9,100,g,,125
4025500152956,Iaurt,,Muller,91,2.9,14.4,1.9,100,g,,
4025500171162,Sm Muller 950g,,,242,2.8,3,24,100,g,,
4025500179694,Iaurt muller,,Muller,73,4.4,5.3,3.5,100,g,125,125
4025500186821,Kalinka Kefir,,müller,46,3.4,4.1,1.5,100,g,100,500
4025500207953,iaurt in stil grecesc,,müler,122,3.4,3.9,10,100,g,140,
4025500248949,Fruit passion,,Muller,106,3.7,17,2.2,100,g,,250
4025500259464,Ayran,,Müller,38,2.1,2.3,2.1,100,ml,,500
4025500262211,Muller Băutură lactată cu gust de ciocolată,,Muller,66,3.6,9.3,1.5,100,ml,,378
4025500271213,Müllermilch Protein Banana Taste,,müller,62,6.5,5.4,1.5,100,g,400,
4025500272142,Müllerdrink vanilka,,Müller,63,0.4,11.4,1.6,100,ml,,382
4025500300319,Mousse High Protein,,müller,84,10,3.9,2.6,100,g,200,
40255347,Typ Kaffee - Espresso Macchiato,,Müller,64,3.2,9.9,1.2,100,ml,,250
4025700001023,Milka chocolate Hazelnuts,,Milka,551,7.2,52.1,34.1,100,g,16.7,100
4028491400884,Quickbury Mixed Cereal Bread 500G,,Quickbury,197,6,32.5,2.6,100,g,,
4049728000110,Lapte de consum,,vreau-din-romania,44,3.1,4.5,1.5,100,ml,1000,1000
4049728000134,Lapte de consum (lait roumain),,,62,3,4.5,3.5,100,g,,
4049728000929,"Iaurt Natur 3,5% grăsime",,CLASSIC,56,3.4,4.5,3.5,100,g,,900
4049728002817,Sana,,,61,3.2,4,3.6,100,g,,
4049728003104,Grisine cu Mac,,K,388,10.9,75.1,4.9,100,g,,
4049728003456,"Brânză făgăraș 5,8% grăsime",,Kaufland,117,13,3.6,5.6,100,g,200,200
4049768009784,Sandwich Sweet chili chicken,,Go fresh,192,9.3,24,5.6,100,g,185,185
4053216054837,Chocolate Lava Cake,,Duc De Coeur Lidl,367,5.7,30.5,24,100,g,90,
40561073,Almond,,Magnum,331,4.9,30,21,100,ml,86,86
4056489009214,Premium Tortellini Prosciuttto Crudo,,chef select,253,10.8,38,6.1,100,g,250,250
4056489018636,Tortilla Wraps,,Snack Day,301,9.3,48,6.3,100,g,,370
4056489018995,Mandeln Honig & Salz,,Alesto,545,17.2,35.7,35.8,100,g,100,150
4056489019213,Cream Spread High Protein,,Pilos,89,10,11.5,0.3,100,g,200,200
4056489019473,Couscous,,Campo largo,355,14,68.2,2,100,g,100,500
4056489022848,tricolour chips salted,,Lidl,484,7.5,56.6,24,100,g,,100
4056489027539,Mozzarella,,Lovilio,265,19,1.7,20,100,g,,400
4056489030058,Kingsize Peanut Caramel Flavour,,fin carré,549,9.1,48,35,100,g,32.8,295
4056489032373,camembert classic,,Fromalia,273,20,1,21,100,g,,275
4056489033042,Noisettes grillées,,Alesto,723,14.3,3.5,70.5,100,g,30,200
4056489033806,Édes tejes zsemle,,Maître Jean Pierre,361,9,53,12.1,100,g,35,350
4056489035367,Iaur grecesc,,Milbona,121,4.6,3.2,10,100,g,,1100
4056489036371,Gratin cheese-mix,,Lidl,324,26,2,23.3,100,g,100,200
4056489038344,Sunca de Porc,,Lidl,112,20,1,3,100,g,100,100
4056489038351,Delikatess Pfefferschinkenbraten,,Dulano,102,20,1,2,100,g,100,100
4056489041313,Bio Organic Almond Drink,,Milbona,23,0.5,2.4,1.2,100,ml,200,1000
4056489041320,Bio napitak od zobi,,Vemondo,37,0.4,5.6,1.2,100,ml,200,1000
4056489042396,Le Sfoglie Puff Pastry,,Italiamo,518,6.7,53.3,30,100,g,30,225
4056489063773,Crunchy,,Crownfield,378,9.2,66,15,100,g,50,350
4056489067566,Tofu naturalne,,Vemondo,125,12,2.3,7.5,100,g,180,180
4056489067740,Tofu smoked,,DONAU SOJA,138,14,2,8,100,g,100,180
4056489068839,Tofu Gyros style,,Grill&fun,126,12,2,7.5,100,g,180,180
4056489081661,Bacon de porc,,,233,16,0.5,18.6,100,g,,300
4056489081784,Chifle pentru hamburger,,Tastino,271,8.9,46.9,4.7,100,g,75,
4056489082958,Lapte,,Pilos,62,3,4.5,3.5,100,ml,200,1000
4056489082972,Smântână 12 %,,Pilos,131,2.8,2.9,12,100,g,,400
4056489082996,ACTIVE iaurt de băut,,Pilos,49,3.2,4.5,2,100,g,,
4056489083047,Telemea Din Lapte De Capră,,Pilos ( Lidl ),261,15,0.7,22,100,g,300,300
4056489083061,Pilos Telemea de vaca,,Pilos,261,15,0.7,22,100,g,50,
4056489090007,Premium Chips,,Snack Day,463,5.3,41,28,100,g,,100
4056489095897,Huile d'olive vierge extra origine Espagne extraite à froid bio,,LIDL,800,0,0,93.3,100,ml,15,500
4056489095927,Edel-Zartbitter 56% Limone-Ingwer,,J. D. Gross,556,5.9,46.7,37,100,g,12.5,125
4056489096481,Sodergarden - gekühlt streichzart,,Milbona,590,0.5,0.7,65,100,g,25,250
4056489098591,Mascarpone,,Lidl,401,5.5,2.5,41,100,g,250,250
4056489098614,Mascarpone,,Italiamo,401,5.5,2.5,41,100,g,,500
4056489099062,Ricotta,,Lidl,150,7,3,12,100,g,,250
4056489100553,Ananas Stücke,,Freshona,56,0.5,13,0.5,100,g,100,340
4056489104230,Cashews roasted & salted,,Alesto,621,21.3,22,48.8,100,g,30,150
4056489104254,Noix de coco râpée Belbake,,August Töpfer &amp; Co.,680,7.4,8.4,65.2,100,g,25,250
4056489108078,Käse Stängli,,Snack Day,501,12,53,26,100,g,100,150
4056489108085,Flûtes au sel et beurre,,Snack Day,499,10,57,25,100,g,100,150
4056489108122,MILK light,,Milbona,47,3.4,4.9,1.5,100,ml,100,1000
4056489108771,Thunfisch,,Lidl,110,12,6.2,3.8,100,g,185,185
4056489109709,Schokoladenpudding mit Sahne,,LiDL,94,3,14.7,2.7,100,g,100,200
4056489110149,Creme Joghurt mild Pfirsich Maracuja,,Milbona,99,2.9,14.6,3.9,100,g,,1000
4056489113652,Cheese twists,,Snack Day,501,12,53,26,100,g,,
4056489117582,Brie,,Chêne d'argent,356,17,0,32,100,g,,200
4056489119395,Dried Plums Pitted,,Alesto,245,2.3,53.4,0.5,100,g,,200
4056489120520,Vištienos filė dešrelės SELECTED,,Pikok,194,16,1.1,14,100,g,250,250
4056489122876,Vegetable with fine butter herb sauce,,Freshona,98,2.7,7.8,5.3,100,g,150,300
4056489127253,Feta,,Milbona,287,16.2,0.2,24.6,100,g,200,200
4056489127291,Gyros Reis-Pfanne,,Crop's Ready Meals,94,5.2,14,1.9,100,g,750,375
4056489128854,Mild Cheddar,,Milbona,416,25.4,0.1,34.9,100,g,,200
4056489129622,Sandwich fromage fondu,,Lidl,231,13.7,6.1,16,100,g,,
4056489139409,Lasagne Bolognese with minced meat tomato sauce,,chef select,134,5.1,13,6.7,100,g,400,1000
4056489141877,Huile d'olive vierge extra,,Primadonna,820,0,0,91.1,100,ml,10,1000
4056489147268,Regenbogen Forellenfilets,,nautica,138,22,0,5.5,100,g,100,125
4056489147275,Regenbogen Forellenfilets Pfeffer,,nautica,138,22,0,5.5,100,g,,125
4056489150398,Süßkartoffel Pommes,,Lidl,141,1.7,21,4.7,100,g,100,500
4056489150527,creamy PEANUT BUTTER,,Maribel,651,27.3,21.4,48,100,g,15,350
4056489156208,Milk chocolate caramel seasalt,,Fin Carré way to go,547,7,54.3,33.1,100,g,30,180
4056489158271,Aszalt ananászos gyümölcsszelet kesudióval és mandulával,,Alesto,438,9,57,18,100,g,30,
4056489160557,Lait Éclats de Caramel & Céréales Soufflées,,fin CARRE,529,5.9,60.4,28.9,100,g,4.2,100
4056489163756,Mazăre verde fină,,Freahona,85,6.4,9.5,0.9,100,g,,
4056489164272,Cartofi cu coajă pentru prăjit,,Cămara noastră,77,1.7,16,0.3,100,g,100,
4056489164487,Iaurt de băut,,Pilos,49,3.2,4.5,2,100,g,,400
4056489165194,Yogurt for drinking,,Pilos,49,3.2,4.5,2,100,g,400,400
4056489165217,Sana,,Pilos,64,3.4,4.5,3.6,100,g,400,400
4056489166061,Salam de Sibiu IGP,,Lidl,496,24,1,44,100,g,,470
4056489166085,Smântână,,Pilos,205,2.5,3.7,20,100,g,,1000
4056489166351,Iaurt de băut 2% grăsime,,Pilos,49,3.2,4.5,2,100,g,330,330
4056489166399,Paine seminente,,Lidl,279,11,37.3,8.1,100,g,100,
4056489167037,Cranberries dried & sweetened,,Alesto,329,0.4,75.9,0.8,100,g,100,250
4056489168317,Huile vierge de noix de coco bio,,VITAD'OR,900,0,0,100,100,ml,,200
4056489177777,Delight Bar Mango,,Alesto,310,5.1,61.4,2,100,g,,50
4056489178569,Bio organic Raw Bar,,Alesto,441,8.3,45.4,23.4,100,g,30,30
4056489178576,Raw bar mango,,Alesto,399,8,50.2,16.1,100,g,15,30
4056489178811,Delight Bar Cocoa Orange,,Alesto,341,7.1,50.5,9.3,100,g,50,50
4056489178828,Delight bar coconut,,Alesto,517,6.1,32.9,37.4,100,g,50,50
4056489178835,Delight Bar mango,,Alesto by Lidl,310,5.1,61.4,2,100,g,50,50
4056489178842,Delight Bar peanut,,VEMONDO,420,13.3,41.2,20.5,100,g,50,50
4056489179733,Broccoli Frozen,,Freshon,32,3.8,2.7,0,100,g,,
4056489181217,Paniermehl,,Belbake,356,11.9,71.7,1.4,100,g,,1000
4056489181293,Rice Noodles,,Vitasia,358,7.5,78,1.3,100,g,80,200
4056489182252,Free From,,Lidl,339,2.5,79.2,1,100,g,,1000
4056489182528,Frischei-Waffeln,,Contadina Firenze,452,7.1,53.2,23.3,100,g,21,250
4056489183747,Cream cheese,,Milbona,257,5.5,4.6,23.7,100,g,25,200
4056489184652,Kielbasa slaska,,Lidl,245,15,1.3,20,100,g,91.7,550
4056489185338,Krowki,,,385,5.8,82.5,3.5,100,g,,
4056489186267,Apfel,,Vergro,52,0.5,11.2,0.5,100,g,,1000
4056489187813,BIO Organic COTTAGE CHEESE,,Milbona,100,13,3.5,4.5,100,g,,200
4056489189138,Vollkorn Knäckebrot,,GRÄFSCHAFTER,375,12.8,57.5,7.5,100,g,,250
4056489189237,Chocolate con leche 0% azúcar añadido,,fin CARRÉ,500,5.4,52.4,35.7,100,g,20,100
4056489192923,Grana Padano DOP rallado/ralado,,Milbona,398,33,0,29,100,g,10,150
4056489192930,Parmigiano Reggiano AOP en copeaux,,Milbona,402,32.4,0,29.7,100,g,30,125
4056489195863,Ovesná kaše čokoládová,,Crownfield,388,11,61,9,100,g,65,65
4056489195917,Jemné ovesné vločky,,Crownfield,372,12,62,5.7,100,g,100,500
4056489203216,Salad cheese in brine,,Milbona,285,14,1,25,100,g,,1000
4056489215660,Chocolate praline selection,,Italiamo,538,6.9,55.6,31.5,100,g,,200
4056489216162,High Protein Chocolate Flavour Pudding,,Milbona,76,10,5.2,1.5,100,g,200,200
4056489216223,Quark Proteico Lampone,,Linessa,70,12.5,3.6,0.5,100,g,200,200
4056489216247,PEACH-PASSION FRUIT Quark,,Pilos,69,12.3,3.7,0.5,100,g,200,200
4056489230366,Panna da cucina,,Latteria,224,2.5,4,22,100,ml,,200
4056489232407,Cocos&Choco,,Mister choc,483,3.6,59,25,100,g,,350
4056489237587,Orange Soft Drink,,San Celestino,32,0,7.4,0,100,ml,100,330
4056489238072,Aceto Balsamico Di Modena,,Kania,113,1,23,0,100,ml,,500
4056489238386,Bio BasisMüsli 5-Cereal-Mix,,Crownfield,366,11.7,59.1,7,100,g,50,500
4056489238393,Bio Basis Müsli,,Crownfield,352,11.6,58.3,5.7,100,g,,750
4056489238614,Gelatelli Chocolate,,Gelatelli,111,8.4,17.3,3,100,ml,265,265
4056489244707,Lait de riz et coco,,Grønvang Food ApS,23,0.1,2.7,1.3,100,ml,100,1000
4056489254683,Thunfisch Filets im eigenem Saft,,Nixe,99,26.3,0,0.9,100,g,150,195
4056489255086,ITALIAMO,,Italiamo,824,0,0,91.6,100,g,,
4056489255499,Schoko Müsli,,Crownfield,414,11.7,58.6,12.8,100,g,50,750
4056489257318,Bonito del norte,,Nixe,206,28.1,0,10.4,100,g,,415
4056489258346,High Protein Joghurterzeugnis - Heidelbeere,,Milbona,65,10,6,0.3,100,g,200,200
4056489258353,Raspberry-Pomegranate Milk Product,,Milbona,65,10,6,0.3,100,g,200,200
4056489258360,High Protein Pfirsich-Orange,,Lidl,65,10,6,0.3,100,g,,200
4056489262312,Tuna Chunks,,Nixe,113,26,0,1,100,g,102,145
4056489264088,Authentic greek yogurt,,Milbona,132,7,3.5,10,100,g,,
4056489267287,Směs želé bonbonů s ovocnou příchutí,,Lidl,325,0.1,80,0.5,100,g,,200
4056489292548,Flour Wheat 650,,Belbake,347,11.5,73,0.9,100,g,,
4056489293507,Paine Toast,,Tastino,230,8.7,42,2.1,100,g,,
4056489293620,Pastă de tomate 24%,,CĂMARA NOASTRĂ,85,3.7,14.9,0.5,100,g,100,565
4056489294726,Greek Style Salad Cheese,,Simply,261,15,0.7,22,100,g,100,200
4056489296812,Whole grain Müsli,,Crownfield,376,9.9,61.2,8.3,100,g,50,500
4056489297253,Vegan Peanut with dark chocolate and peanut pieces,,Gelatelli,361,3.4,34.9,22.8,100,g,65,195
4056489303916,Roger nut,,Tastino,511,6.9,60,26.3,100,g,40,40
4056489303947,Roger mleczny,,Sonday,502,7.1,58.3,25.5,100,g,,40
4056489328766,Tortilla Wraps,,Snack Day Classic,310,9.9,52,6.5,100,g,100,370
4056489329206,Formaggio fresco spalmabile light,,Milbona,100,12.1,3.4,4,100,g,,300
4056489336136,Bio gyömbér shot,,Solevita,39,0.5,7.9,0.5,100,ml,100,500
4056489346357,Almond Drink Sugar-Free,,Vemondo,14,0.5,0,1.2,100,ml,250,1000
4056489346364,Coconut And Rice Milk,,Vemondo,19,0,2.8,0.9,100,ml,250,250
4056489347668,Fior di cacao e panna,,Italiamo,477,8.1,62.4,20.8,100,g,,
4056489350392,Salted Caramel Style,,Hatherwood,459,1.9,71,18,100,g,10,200
4056489351382,Salami im Pfeffermantel,,Dulano/LIDL,326,23.5,1.5,25,100,g,100,130
4056489351399,Salami,,Dulano,336,24.9,0.5,26,100,g,,130
4056489356042,Digestive,,Sondey,462,6,70,17,100,g,14.3,400
4056489358503,Cinni bits,,Crownfield,398,10,73,6.2,100,g,100,250
4056489366096,Muffin de chocolate con caramelo,,Lidl,382,6.3,39.2,20.9,100,g,90,180
4056489366102,Bizcocho con chocolate y avellanas,,Deluxe,377,6.4,41.3,19.3,100,g,,180
4056489366461,Extra Dark 85% Cocoa,,fin CARRÉ,585,10.5,21.2,48.1,100,g,,100
4056489381341,Ziegenkäse,,Eridanos,254,16.6,0.8,20.5,100,g,100,400
4056489387893,Mozzarella Sticks,,Clever Select,259,10,35.7,12.9,100,g,100,250
4056489405740,Pistachios Roasted & Salted,,Alesto,605,26.5,10.3,49.2,100,g,30,500
4056489406662,High Protein Drink Gusto Vaniglia,,Milbona,65,10.5,5.5,0.2,100,g,330,350
4056489406679,High Protein Drink Cacao,,Milbona,64,10.1,5,0.3,100,ml,350,330
4056489406839,Budino Proteico Cioccolato XXL,,Milbona,76,10,5.2,1.5,100,g,400,400
4056489406846,High protein vanilla pudding,,Milbona,75,10,5.2,1.5,100,g,400,400
4056489406921,Knusper KEKS Kiste,,Lidl,495,7,61,24,100,g,,255
4056489411758,Ice cream caramel,,Gelatelli,347,4.5,35.2,20.6,100,g,52,156
4056489412175,Coconut Classic,,Vemondo,97,0.8,4.9,8.1,100,g,60,
4056489412304,lasagne bolognese with beef,,Chef select,139,6,14.6,5.9,100,g,400,800
4056489419129,Peanutbutter&pumpkin pie flavour,,MCENNEDY,619,21.5,19.6,49.2,100,g,,340
4056489420569,Vegan Croissant wth chocolate,,Vemondo,385,6,56.9,14.6,100,g,,318
4056489424383,Delikatess Hähnchen Kochschinken,,Dulano,103,20,1,2,100,g,,130
4056489424499,Curry,,Lidl,316,13.9,22.4,10.3,100,g,85,85
4056489424765,Peanut Butter,,Gelatelli,163,9,17.2,8.3,100,g,265,265
4056489435518,Halloumi,,Milbona,317,20,3,25,100,g,50,225
4056489443025,Margherita,,TRATTORIA Alfredo,204,8.6,31,4.5,100,g,300,900
4056489443346,Delikatess Fleischsalat,,Lidl,350,5.2,7.1,33.3,100,g,100,400
4056489445340,Sesame bars with honey,,Lidl,499,10.9,46.4,28.7,100,g,,81
4056489447177,Sauce tomate bio vegan bolognese style,,Combino,56,3.2,8.1,0.5,100,g,100,350
4056489447818,Mixed Vegetables Mexican Style,,Freshona,69,2.9,7.7,2.3,100,g,375,750
4056489447832,Mixed vegetables Californian style,,Freshona,89,2.5,7.9,4.6,100,g,100,
4056489447856,Gemüsepfanne Italienische Art,,Freshona,53,1.9,4,3,100,g,375,750
4056489451044,Vegan pizza Verdura,,Vemondo,145,4.9,24,2.7,100,g,390,390
4056489452416,Sweet chilli flavour tortilla,,Lidl,474,7.7,60.4,21.1,100,g,30,
4056489455820,Rinderburger,,Chef Select,248,14.6,21.2,11.2,100,g,,
4056489456476,Buckwheat & broccoli,,Greenyard Frozen Langemark,79,3.3,8.7,2.7,100,g,200,400
4056489456551,Hummus Pikant,,Chef Select,250,6.3,13.2,18,100,g,100,200
4056489459330,Blue Tortilla chips,,El Tequito,475,6.8,55.5,23.5,100,g,30,340
4056489463474,"Lapte Bio 3,7%",,Pilos,64,3.2,4.5,3.7,100,ml,200,1000
4056489463740,"Lapte UHT 3,5% grăsime",,Pilos,62,3,4.5,3.5,100,g,,
4056489463757,Milk 1.5% UHT,,Pilos,44,3,4.5,1.5,100,g,,
4056489464143,SALAM DE SIBIU IGP maturat 100 zile,,Deluxe,514,28,1,44,100,g,,100
4056489464242,Bagheta Cu Salam Banatean,,Chef Select,342,12.6,23.4,21.3,100,g,,
4056489467595,RED KIDNEY BEANS,,Freshona,93,7.2,11,0.6,100,g,,255
4056489467953,Strawberry Milk Product,,Milbona,65,10,6,0.3,100,g,200,200
4056489472261,Pudding Hazelnut,,High Protein,77,10,5.8,1.5,100,g,200,200
4056489487395,Thunfisch salar,,Lidl,91,7.7,8.7,2.4,100,g,,
4056489495079,Sardine,,Nixe,207,26.3,0.5,11.3,100,g,100,
4056489495604,Huile de coco,,VitaD'or,900,0,0,100,100,ml,,460
4056489497646,Kashkaval,,MilbonaLidl,303,24.5,2,21.6,100,g,50,200
4056489507802,Anacardo/Castaña-de-cajú tostado/torrada,,Aleso,620,21.3,22,48.8,100,g,30,150
4056489525172,"Whole green Nocellara olives with stones, in brine",,Italiamo,212,1.4,0.5,22,100,g,15,700
4056489530091,Vegetable Crisps with Sea Salt,,Deluxe,525,4.7,40,36,100,g,30,100
4056489532125,Crispy fried onions,,DUTCH STYLE,590,6,40,44,100,g,,280
4056489541851,Pistatien Creme,,Deluxe,534,15.7,27.3,38.7,100,g,100,350
4056489545224,cream cheese,,millbona,254,5.2,4.6,23.5,100,g,200,
4056489550563,Hummus basil pesto,,Chef Select,309,7.3,10.7,25,100,g,50,200
4056489567806,Macarons,,Confiserie Firenze,459,8.1,52.8,23.1,100,g,,144
4056489569190,Waffles Witherspoon Belgrano chocolate filling,,Lidl,463,5.1,52.7,25,100,g,,320
4056489569954,Waffle Biscuits Caranel,,Sondey,469,4.2,64.3,21.4,100,g,,400
4056489569978,šunka kockica,,Dulano,290,15,1,25,100,g,125,250
4056489570257,chicken Pizza pocket,,Lidl El Tequito,225,8.5,31,6.9,100,g,120,360
4056489577997,Gari Sushi Pink - Ginger pickled,,Vitasia,6,0.2,0.5,0.1,100,g,,
4056489600190,Pufuleți Bio,,Lidl,375,7.7,81,1.2,100,g,,
4056489603382,Authentic greek yogurt,,Milbona,128,5.7,3.7,10,100,g,,
4056489610762,Ketchup,,Kania,99,1.5,22,0.1,100,ml,,900
4056489615187,Saumon,,Lidl,177,23,0.5,9.3,100,g,,
4056489620440,Truite fumée,,Nautica,168,20.1,0,9.7,100,g,100,100
4056489640417,Vegan chocolate with walnuts,,Lidl,567,3.3,55.3,36.9,100,g,,180
4056489640820,Cheddar,,Mcenny,391,25,0.1,32,100,g,200,200
4056489645610,șuncă Praga,,pikok,90,14,1.7,3,100,g,,0.5
4056489654216,Choco shells,,Crownfield,372,8.9,74,3,100,g,,500
4056489654223,Choco BALLS,,Crownfield,366,9.3,73,2.2,100,g,100,500
4056489654339,honey hoops,,Crownfield,378,9.1,74.6,2.9,100,g,100,
4056489654346,Cereal,,Lidl,364,8.2,76.4,1.6,100,g,50,500
4056489671763,Tiramisu,,Italiamo,297,3.7,34.5,14.4,100,g,500,500
4056489682677,Pecan Nuts,,Alesto Selection,727,11.2,4.2,71.4,100,g,30,180
4056489682950,Smantana 12,,Pilos,128,2,3.3,12,100,g,,1000
4056489683148,Placinta Cu Visine,,,266,3.8,32.1,12.9,100,g,100,
4056489683223,Tort Diplomat,,Chef Select,237,3.3,30.3,10.8,100,g,100,
4056489683278,Salam de Sibiu,,Lidl,471,23,2,41,100,g,,150
4056489683759,Iaurt Natur Pilos,,Pilos,41,3.2,3.7,1.5,100,g,150,150
4056489683766,"Iaurt 1,5%",,Pilos,41,3.2,3.7,1.5,100,g,100,
4056489683803,"Iaurt 3,5%, 400g",,Pilos,59,3.2,3.7,3.5,100,g,400,
4056489683841,Sana,,Pilos,62,3.2,0,3.5,100,g,400,
4056489684923,Chicken Hot Dog,,Pikok,187,12.1,0.8,15,100,g,100,500
4056489685296,Fusilli,,Combino,354,12.5,71.6,1.2,100,g,100,
4056489685807,Croissant cu cremă de cacao,,Maître Jean Pierre,373,6.2,38.8,21.1,100,g,,85
4056489685937,Yogur High Protein Coco,,Milbona,75,10,6.3,0.6,100,g,200,200
4056489687665,Bio Vanille,,Lidl,45,0.4,6.6,1.8,100,g,,
4056489693321,Mini brotchips,,Mini Brotchips,461,8.8,69,16,100,g,30,140
4056489695370,"Boisson au soja, sucré",,Vemondo,40,3,3.1,1.7,100,ml,150,1000
4056489721413,Crème de pistache,,Deluxe,599,8.7,46,42,100,g,,190
4056489723233,High Protein Strawberry Flavour Drink,,Milbona,65,10.6,5.3,0.2,100,g,350,350
4056489723240,HIGH PROTEIN BANANA FLAVOUR Drink,,Milbona,63,10,5.2,0.2,100,g,350,350
4056489724070,Mousse Proteica Gusto Cioccolato,,Milbona,151,17.5,10.2,3.9,100,g,175,175
4056489724193,Milch&Cerealien Riegel,,Mister Choc,563,7.3,53.3,35.4,100,g,,211.5
4056489724353,Müsli Tyčinka Malina,,Crownfield,375,5.3,71.7,6.7,100,g,30,
4056489730194,Lentil Edamame Salad,,Chef Select,207,9.1,14.2,11.3,100,g,,220
4056489730200,Lentil Carrot Salad,,Chef Select,211,8.2,8.6,14.5,100,g,,220
4056489733621,Neo Original Keks mit Cremefüllung,,Flämische Keksfabrik,484,5,65,22,100,g,11,154
4056489737483,Feta,,Milbona,287,16.2,0.2,24.6,100,g,50,200
4056489748106,Grüne Oliven,,Sol&More,154,1,0,16,100,g,,170
4056489762720,High protein milk chocolate crisp,,fin CARRE,506,30,27,32,100,g,100,90
4056489762737,White Crisp,,fin CARRE,545,30,30,29,100,g,90,
4056489762959,Bio Chia Seeds,,Golden Sun,446,21,3.8,31,100,g,5,300
4056489762966,Quinoa Seeds,,Golden Sun,367,14,59,6.4,100,g,,400
4056489772651,Feta,,Milbona,276,16.5,0.7,23,100,g,200,200
4056489774747,Maple Syrup,,MCENNEDY,355,0,87,0,100,ml,100,250
4056489789277,filetti di tonnk,,Nixe,183,24,0,9.7,100,g,,750
4056489791973,Flips Géant peanut,,MCENNEDY American Way,475,14.2,51.5,22.4,100,g,,450
4056489796732,Prosciutto Crudo,,Deluxe,226,27,0.2,13,100,g,,
4056489798415,Instant Coffee Classic,,Bellarom,296,19.4,42.6,1.1,100,g,,200
4056489810612,Bravčové párky,,Piráti,217,15,0.6,17,100,g,100,
4056489810803,Cordon bleu,,Chef select,196,18,10,9,100,g,125,500
4056489815785,Sea Shells hasselpähkinäkonvehdit,,J.D. Gross,570,6.9,48.1,38.4,100,g,12.5,250
4056489824596,Pork Rib Back,,McEnnedy,236,17.7,9.3,14.1,100,g,,
4056489827870,Popcorn Salted,,SnackDay,503,9.4,47.5,29,100,g,100,600
4056489829621,Arahide prăjite și sărate,,Alesto,650,29.1,7,54.4,100,g,100,500
4056489844129,BIO GYOZA DUMPLINGS WITH VEGETABLES,,chef select,181,5.8,27.8,4.4,100,g,,220
4056489844907,Hummus Sonnengetrocknete Tomaten,,Chef Select,222,6.7,11.4,15,100,g,200,200
4056489846208,Gluten Free Three Cheeses Pizza,,Trattoria Alfredo By Lidl,268,7.4,32.2,11.6,100,g,320,
4056489848509,Bio sauce tomate arrabbiata,,Combino,46,1.3,7,0.8,100,g,,350
4056489848516,Sauce tomate bio à la napolitaine,,Combino,72,1.5,5.8,4.2,100,ml,,325
4056489849742,Irische Butter,,Milbona,746,0.6,0.7,82.3,100,g,,250
4056489851868,Cheddar Slices,,Milbona,237,34.1,2.4,9.9,100,g,100,160
4056489857334,High Protein Milchreis - Klassik,,Milbona,93,7.7,10.4,2.3,100,g,200,200
4056489857341,High Protein Chocolate Rice Puddibg,,Milbona,92,7.7,9.9,2.4,100,g,200,200
4056489857358,High Protein Rice Pudding Vanilla Flavour,,Milbona,91,7.7,9.9,2.3,100,g,200,200
4056489858874,Suc De Mere Cu Cătină,,Cămara Noastră,48,0,12,0,100,ml,100,
4056489859802,"Lapte 1,5",,Lidl,44,3.2,4.5,1.5,100,ml,100,
4056489860198,Bread with whole wheat flour and mixed seeds,,,256,12.2,33,5.8,100,g,25,
4056489861553,Kefir BIO,,Milbona,9,0.7,0.8,0.3,100,ml,500,
4056489865575,Lasagne Lidl,,Lidl,120,5.1,13.4,4.9,100,g,400,400
4056489884385,Latte Macchiato Vanille,,Milbona,57,2.9,8.7,1.2,100,ml,330,330
4056489889908,Hand Cooked Chips - Parmesan Flavour,,Deluxe,518,6.9,57,28,100,g,100,
4056489891130,Pâte à tartiner cacao noisettes bio,,LIDL,516,6.4,59,27.5,100,g,,350
4056489891246,Fiocchetto,,Deluxe,271,29,0.5,17,100,g,100,
4056489917656,Yuzu Dessert,,Vitasia,138,2.9,13.2,8.1,100,g,150,150
4056489917670,Cherry Blossom flavour dessert yogurt,,Vitasia (lidl),136,2.9,12.9,8.1,100,g,150,150
4056489918196,volkoren wrap,,Snack Day,301,9.3,48,6.3,100,g,62,740
4056489918202,Tortilla wraps,,Tastino,310,9.9,52,6.5,100,g,61.7,740
4056489918325,Crème dessert saveur chocolat riche en protéine,,Milbona,79,10,5.9,1.5,100,g,200,200
4056489925583,Mini Wafers Vanilla,,Sondey,544,4.4,64,30,100,g,100,
4056489927129,Mozzarella grated,,Milbona,330,25,2,24.5,100,g,100,250
4056489932406,Nouilles,,Vitasia,88,1.7,11.2,3.3,100,g,,120
4056489936176,High Protein Crunchy Muesli Roasted Peanuts,,Crownfield,456,25,50.6,15.8,100,g,100,500
4056489936183,High Protein Crunchy Musli,,Crownfield,446,29.2,47.5,14,100,g,100,500
4056489941170,burger buns,,Tastino (Lidl),343,11.9,46,11.7,100,g,100,320
4056489948988,Rice Cakes With Chocolate,,Sondey,486,5.6,61.8,22.9,100,g,66,
4056489949275,Orez basmati,,Golden Sun,346,8.7,73.7,1.3,100,g,100,
4056489949701,Iaurt Pilod,,Lidl,60,3.2,3.9,3.5,100,g,,
4056489951049,Telemea de vaca,,Camara Noastra,261,15,0.7,22,100,g,,
4056489951162,Telemea de vaca,,Pilos,234,17,1,18,100,g,100,
4056489951667,Faina Alba De Grau Superioara,,Belbake,346,11,73,0.9,100,g,,
4056489952091,Sana Bio organic,,Pilos,61,3.2,4,3.6,100,g,,330
4056489952480,Pâine Neagră Cu Maia,,ToastUp,249,9.2,46,1.6,100,g,100,
4056489953005,arahide cu coaja rosie,,alesro,607,28.4,3.1,50.7,100,g,100,
4056489953159,Cozonac Cu Nuca,,Cămara Noastră,299,9.7,42.4,9.3,100,g,1200,
4056489953289,Ceapa De Porc Igp,,Camara Noastra,223,24.5,0.5,13.7,100,g,,
4056489962113,Milchreis mit Kirschen,,Chef Select,97,1.5,17.6,2.2,100,g,400,400
4056489962991,Guacamole w tomato and spices,,chef select,183,1.6,8.6,15.3,100,g,,150
4056489973010,EXTRA VIRGIN OLIVE OIL,,PRIMADONNA,830,0,0,92,100,ml,15,750
4056489978169,Tortilla vegan wraps,,Vemondo,294,10,49,5,100,g,61.7,370
4056489983507,High Protein Wraps,,Snack Day,293,18,37,7,100,g,80,320
4056489989158,Crème catalane,,Sol & Mar,201,4.5,22,10.5,100,g,100,200
4056489989363,Barista Hafer,,Vemondo,60,0.9,6.3,3.2,100,ml,100,1000
4056489997658,CRUNCHY PROTEIN BAR Caramel Crisp flavour,,SPORTYFEEL,370,32,36,16,100,g,50,
4058077764314,Pain au seigle,,Jaus,222,7,43,1.3,100,g,100,500
4058172772412,Fulgi de soia eco,,DmBio,403,41,3,21,100,g,,500
4061458021616,Nussknacker - Vollmilchschokolade,,Choceur,590,10,45,40,100,g,100,100
4061458105323,"Joghurt 3,5% Fett türkischer Art",,milfina,67,3.6,5.3,3.5,100,g,100,
4061462249662,Red Kidney Beans,,Aldi,116,9.1,14,0.6,100,g,100,400
4061464203518,Délice Cocos,,Moser Roth,616,6.6,43,46,100,g,,140
4063367004520,Sunca Cruda Afumată,,Bio kaufland,250,21,1,18,100,g,,
4063367004728,Kokosraspel fein geraspelt,,K-Classic,694,6.8,25,63,100,g,,50
4063367097881,Kokoschips ohne Haut,,Kaufland k-bio,649,7.8,7.5,62,100,g,,100
4063367101885,Zarte Haferflocken,,K-Classic,372,12,62,5.7,100,g,40,352
4063367112997,Pfanngemüse Asiatiache Art,,K Classic,75,2.6,6.9,3.4,100,g,,250
4063367144776,kovaszos uborka,,Kaufland,29,0.7,4.4,0.5,100,g,,360
4063367145773,Porridge Schokolade,,K-Classic,390,11,57.1,11,100,g,21,350
4063367146978,Guacamole,,Kaufland,146,1.5,2.1,13,100,g,,150
4063367194351,Schweizer Edelbitterschokolade,,K-Bio,583,7.7,31,45,100,g,,100
4063367210655,Ananassaft,,K-Favourites,51,0.5,12,0.5,100,ml,,1000
4063367213557,High Protein Pudding,,Kaufland,79,10,6.4,1.5,100,g,200,
4063367239137,Veggie Salad Jar,,K-Classic (Kaufland),33,0.8,6.7,0,100,g,,
4063367241871,Backschinken,,Kaufland,114,20.5,1,3,100,g,125,
4063367247743,Veganer cocogurt,,take it. veggie,114,0.9,4.3,10,100,g,400,400
4063367275081,Cheesecake Zitrone,,Kaufland Favorites,382,4.6,48.2,17.6,100,g,85,
4063367280931,Indian Style Chicken Tikka Masala,,K-Classic,140,5.7,18,4.6,100,g,360,360
4063367297083,Putenbrust Klassik,,Delikatess,104,21.5,1,1.5,100,g,,100
4063367312564,Schwarzwälder Schinken,,K-Classic,239,25,1,15,100,g,100,200
4063367321269,American Style Erdnusscreme crunchy,,K-Classic,600,25,15,47,100,g,,350
4063367321276,American Style Erdnusscreme Creamy,,K-Classic,604,25,16,47,100,g,,350
4063367326189,Cheese Burger Vom Rind,,Kaufland,256,13,23,12,100,g,300,
4063367330391,Schottischer Cheddar Am Stück,,K Favorites,416,25,0.1,35,100,g,,200
4063367346118,Ketchupp mild,,Kaufnand,110,2.3,22,0.6,100,g,10,
4063367376627,Puding,,Dr. Oetker,62,10,6.7,1.5,100,g,,200
4063367377044,Irish Angus Burger,,Kaufland,239,18,0,19,100,g,130,
4063367379451,Basmati Reis,,K-Classic,353,8.2,78,0.5,100,g,,500
4063367394959,Belgisches Kakao Konfekt,,K Favourites,599,4.2,41,45,100,g,,200
4063367404702,Bonbon Latte Macchiato,,K-Classic,268,0.5,89,5.4,100,g,,44
4063367405761,K-take it veggie Bio Sojadrink ungesüßt,,K-take it veggie,30,3,0.9,1.6,100,ml,250,1000
4063367405846,Bio Vollmilch,,Kaufland + Bioland,68,3.4,4.8,3.9,100,ml,100,
4063367410369,Veganer Hafer Drink,,Kaufland Take it Veggie,39,0.4,6.2,1.3,100,ml,100,1000
4063367413407,Tomaten gehackt Basilikum,,K-Bio,20,1.1,3.1,0.5,100,g,400,400
4063367421778,High protein mousse Schoko,,Kaufland,75,10,5.2,1.6,100,g,200,200
4063367431784,Veganer Hummus Pikant,,Kaufland,226,6.7,7.3,17,100,g,100,200
4063367435683,Pizza Margherita na spodzie podpieczonym w piecu kamiennym z serem Edam i serem mozzarella,,Kaufland Classic,206,8.3,32.1,4.5,100,g,,900
4063367507069,Studentenfutter,,Kaufland,521,13.4,33.8,36.9,100,g,200,
4063367569081,Vanilla Ice Cream,,K Classic,213,3,22,12.5,100,g,,
4066447366778,schoko riegel,,DmBio,564,8.7,47,38,100,g,,37.5
4066447422825,Beeren-Crunchy mit Haferflocken,,DmBio,438,9.9,64,14,100,g,100,350
4066447562644,DM Bio Linsenwaffeln 100g 1.35€ 1kg 13.50€,,DM,367,29,55,1.7,100,g,6.7,100
4066447677003,Knäckebrot,,dm,346,8.4,66,2,100,g,,
4067776024414,Budincă de ciocolată,,Kaufland,97,3,15,2.7,100,g,200,200
4067796000221,kokos mandel granola,,DmBio,460,11,48,23,100,g,,500
4067796000269,kernel & saaten granola,,dm bio,565,18,24,42,100,g,,500
4067796000306,Schoko Crunchy,,dmBio,415,9.3,58,15,100,g,,500
4067796002003,Haferdrink Natur,,DmBio,40,0.6,6,1.4,100,ml,,1000
4067796002065,Mandel Drink,,DmBio,22,0.9,0.5,1.9,100,ml,,1000
4067796002089,Sojadrink natur,,DmBio,38,3.2,1.8,1.9,100,ml,,1000
4067796003079,Barista Haferdrink,,DmBio,56,0.8,8.4,2.1,100,ml,,1000
4067796066760,Paleo Müsli,,DmBio,489,17,36,29,100,g,100,500
4068428028040,Tortilla Wraps Naturel,,Trader Joe&#039;s,326,9.4,54,7.3,100,g,62,370
4069365017944,Peanut Bits Minis,,Choceur,502,9.5,52,28,100,g,19.4,
4070308104294,Mini Sour Cherry,,Rios,327,2.5,39,18,100,g,,
40822938,"Fanta 0,5",,Fanta,19,0,4.5,0,100,ml,250,500
40858227,Riso Strawberry,,Müller,102,2.9,17.9,2.1,100,g,200,200
40875125,Premium Bourbon - Dairy ice cream,,Bon Gelati,213,3,22,12.5,100,ml,25,1000
40875583,Bubble Milk Chocolate,,fin carré,542,6.3,56.4,31.8,100,g,,100
40879260,Bonbons à l'eucalyptus,,AmanieNord Fresh,390,0,97.6,0,100,g,16,300
40879345,tomates concassées Lidl,,Baresa,42,1.6,6,0.9,100,g,100,400
4088600366227,Chickpeas,,Four Seasons,106,7.5,14.2,0.4,100,g,100,400
4088600453644,Baby Plum Tomatoes,,Aldi Everyday Essentials,18,0.9,3.6,0.3,100,g,80,250
4088700153673,Brioche loaf,,,249,5.5,36.8,8.2,100,g,,
40894355,Cream,,Pilos,344,2.1,3,36,100,g,,500
40896243,Organic Dark Chocolate,,Lidl Organic,572,8.5,35.3,41.6,100,g,30,100
4104060027789,Körniger Bio-Frischkäse,,ANDECHSER NATUR,97,11,3,4.5,100,g,,200
4104420183308,4-Korn Getreidebrei,,Alnatura,386,9.4,79.2,2.8,100,g,,250
4132500002737,High protein balls,,Abbelen,199,24,3,9.5,100,g,,200
4132500002744,High protein balls,,Abbelen,191,22,3,9.5,100,g,200,200
42070351,Orbit Strawberry x2 14g,,Orbit,167,0,67.7,0,100,g,,14
42123866,Original 5 Bitar,,Mars norge,0,0,0,0,100,g,,35
42247371,Orbit bubblemint x10 14g Sugar Free,,orbit,148,0,61.6,0,100,g,,14
42298786,Müllermlich Shake Chocolate Cookies & Cream Geschmack,,Müller,89,3.4,11,3.5,100,ml,,421
42298793,Müllermilch Shake,,Müller,88,3.2,11,3.4,100,ml,,400
42354079,Mullermilch Bautura lactata cu gust de caramel-fursec-ciocolata,,Muller,72,3.3,11,1.6,100,ml,,400
42373261,Muller MIX Vanilla taste jogurt choco balls,,Müller,133,4,16.5,5.3,100,g,,130
42374688,Riso cherry,,Muller,108,3,18.9,2.2,100,g,,
42392149,riso,,müller,109,3.3,18,2.5,100,g,,200
42392170,Püding Choco,,Muller,104,3,17.9,2.1,100,g,450,450
4250231145056,Madame Pompadour,,,448,3.2,56,20,100,g,,150
4250350550885,100% Whey Protein,,Body Attack,395,74,6,7.7,100,g,30,
4260012620276,Soft fruchte Aprikosen,,Sunshine fruit,195,1.9,47.9,0.4,100,g,,250
4260402487731,Snack bar Peanut,,veganz,440,13,41,23,100,g,30,30
4260463470116,Duo Creme,,Gamberina,528,7.1,49,33,100,g,,350
4300175407298,Heidelbeeren,,Kaufland,58,0.9,10.6,0.3,100,g,,125
4300175670746,"Mandarinky, celé měsíčky, loupané, kompot",,KClassic,68,0.5,15,0.5,100,g,,175
4304493261808,Narancslé,,Solevita,44,0.7,9.1,0.2,100,ml,250,1000
4311501607916,"K-Emmentaler-2,29€/24.9.22",,Gut & Günstig,377,29,0,29,100,g,36,250
4313249419417,Schwein,,Edeka,220,18.1,0.1,16.3,100,g,,400
4316268726252,KIDNEY BOHNEN küchenfertig,,Beste Ernte,104,7.2,13.8,0.8,100,g,130,
4334035261843,Köfte de pollo,,1001 Delights,159,15,11,6,100,g,,200
4335619014374,Alesto Selection Pompoenpitten/ Graines de courge,,Alesto,593,34.4,3.6,47.7,100,g,5,200
4335619014404,Alesto pörkölt egészmogyoró,,Alesto,722,14.3,3.5,70.5,100,g,200,200
4335619014442,Pistaches de Californie grillées et salées,,Alesto,614,23.6,7.8,51.6,100,g,30,250
4335619014459,Kalifornische Pistazien geröstet,,Alesto,623,23,7.8,52.9,100,g,30,250
4335619014480,Californian Pistachios roasred & salted,,Alesto,613,23.6,7.8,51.6,100,g,30,500
4335619015005,Gefüllte Frischei Waffeln mit Kakao-Haselnussgeschmack-Füllung,,Lidl,490,6.3,52,28.4,100,g,28,225
4335619016200,High Protein Coffee Drink,,Milbona,49,7.7,4.2,0.1,100,ml,330,330
4335619016217,High Protein Pudding,,Milbona,84,10,6.3,2,100,g,200,200
4335619034303,FULGI DE OVĂZ,,CROWNFIELD,385,12.5,58.8,10,100,g,65,
4335619034310,"Oat flakes - dried dates, bananes and inulin",,Crownfield,364,12.9,61,5.2,100,g,65,450
4335619046290,Tortilla barbecue taste,,Snack Day,475,8,60.3,21.2,100,g,30,200
4335619046344,Nuss Trio,,Alesto,618,20,16,51,100,g,50,
4335619047198,Tuna chunks in brine from real Skipjack tuna,,Nixe,105,22,0,0.4,100,g,102,
4335619052079,Falafel,,Vemondo,260,9.7,27,11,100,g,,
4335619053168,Orez Cu LAPTE,,Lidl,143,2.6,23.1,4.4,100,g,100,
4335619053717,Smântână 20%,,Lidl,203,2.8,2.9,20,100,g,,
4335619053878,Unt Romanesc,,Camara Noastra,753,0,0.8,83,100,g,,
4335619054059,Brânză Gouda Feliată,,Pilos,347,23.3,0.5,27.4,100,g,40,
4335619054141,Greek Yogurt 2% Fat,,Pilos,48,3.6,3.8,2,100,g,140,
4335619054639,Creveti Prefierti Cu Boia,,Fish Today,60,14.7,0,0.1,100,g,,
4335619057487,Cookies,,Sondey,499,6.3,57,26,100,g,18.8,225
4335619073494,High Protein Musli Bars - Choco-Raspberry,,Crownfield,447,26.2,45.1,17.1,100,g,45,
4335619082946,Sušenky plněné kakaovou náplní,,Lidl,471,6,64,20,100,g,100,500
4335619082960,Doppelkekse Kakaocreme-Füllung,,Sondey,477,6.3,68,19,100,g,28,500
4335619092037,Mozzarella geraspelt - râpée,,Milbona,328,23.5,3,24.6,100,g,100,250
4335619098473,High Protein Salata De Ton Cu Fasole Si Quinoa,,Nixe,184,16,6.4,10,100,g,140,140
4335619106109,High Protein Drink Coffee-Flavour,,Pilos,60,10.6,4.2,0.1,100,ml,330,
4335619126480,jogurt & müsli,,Lidl,135,5.6,22,2.3,100,g,250,250
4335619150454,Chopped Cauliflower,,Freshona,34,2.5,4.3,0.4,100,g,500,500
4335619150492,Edamame With Vegetables,,Lidl,121,7.3,9.3,5.2,100,g,,
4335619166080,Whey Protein - Chocolate Flavour,,Lidl,382,71,5.6,7.8,100,g,30,
4335619166097,Whey Protein Vanilla,,Lidl,388,75,5.6,7.3,100,g,30,420
4335619173835,Guacamole,,Lidl,183,1.6,8.6,15.3,100,g,425,
4335619184251,Sultanas,,Belbake,298,2.7,69,0.5,100,g,,250
4335619184992,Pistachio,,Alesto,631,20.2,15.9,53.1,100,g,100,
4335619185227,Sirop d'Agave du Mexique,,Maribel,305,0.5,75,0.5,100,g,100,350
4335619196384,Popcorn Cola Flavour,,Lidl,414,3,83.4,6.4,100,g,,125
4335619201668,Tuna Fillets,,Nixe,83,18.2,0,1.1,100,g,,
4335619202795,Tuna in extra virgin olive oil,,Nixe,325,16,0,29,100,g,,
4335619207653,Tortilla Wrap,,El Tequito,291,8.5,49,5.8,100,g,84,
4335619207851,Strawberry ICE Lidl,,Gelatelli Lidl,225,2.9,39.4,5.2,100,g,75,
4335619209978,Gazpacho,,Lidl,37,0.6,3,2.3,100,ml,330,
4335619230897,ORIGINAL FRENCH Brie,,Milbona,356,17,0.5,31,100,g,,200
4335619232600,Eclair,,Lidl,292,5.7,16.6,22,100,g,95,
4335619233577,Orez Basmati,,Sun Gold,362,9,79,0.5,100,g,100,
4335619277038,Ginger Coated In Dark Chocolate,,Deluxe Lidl,423,2.5,73,12,100,g,100,200
4335619279087,Peelerz Gummy Mango,,Lidl,316,3.1,75.5,0.2,100,g,,
4335619280700,Free From Gluten Tomato & Mozzarella Calzone,,Trattoria Alfredo By Lidl,221,6.3,31.8,6.9,100,g,250,
4335619355798,Crema Branza Proaspata Cu Plante Aromatice,,Goldessa,221,5.3,4,20,100,g,,200
4335619383708,Dates,,Lidl,324,4.2,43.6,13.6,100,g,90,
4335619406254,Minted Lamb Kebab,,Lidl,238,23.1,12.1,13.1,100,g,48,
4335896444543,Biscuits,,KClassic,384,9.7,79,2.9,100,g,,240
4335896745282,K-take it veggie Bio Soja-Reisdrink,,Take it veggie,43,2.1,5.8,1.2,100,ml,200,1000
4335896745305,Vegan Soygurt,,K-take it veggie,50,4.7,1.6,2.6,100,ml,250,500
4335896745329,K-take it veggie Organic Soygurt Vanilla 500g,,K-take it veggie,80,3.8,11,2.2,100,g,250,500
4335896745619,K-take it veggie Organic Soy Cooking Cream,,K-take it veggie,171,3.4,3.3,16,100,ml,25,200
4335896750712,Organic smoked tofu,,K-take it veggie,186,21,1.3,11,100,g,175,350
4335896750729,Tofu natur eco,,K-take it veggie,137,15,0.7,8,100,g,200,400
4335896750811,K-take it veggie Vegetarian Shredded Meat 200g,,K-take it veggie,279,24,1.2,19,100,g,200,200
4335896750828,K-take it veggie Tofu Minced,,K-take it veggie,267,21,1.5,18,100,g,200,200
4335896760230,Dinkelkörner,,Kaufland,343,17,60,1.7,100,g,100,1000
4337182230618,Sojagetränk,,METRO Chef,35,3,1.3,1.8,100,ml,,1000
4337182270867,Berry Mix,,Metro,0,0,0,0,100,g,,
4337185003455,K-take it veggie Bio Brotaufstrich Hummus,,K-take it veggie,314,4.2,7.2,29,100,g,20,125
4337185003479,K-take it veggie Bio Brotaufstrich Hummus,,K-take it veggie,314,4.2,7.2,29,100,g,20,125
4337185003493,K-take it veggie Organic Bread Spread Hummus,,K-take it veggie,314,4.2,7.2,29,100,g,20,125
4337185003516,K-takeit veggie Bio Brotaufstrich Paprika Cashew,,K-take it veggie,162,4.6,11,10,100,g,20,125
4337185003523,K-takeit veggie Bio Brotaufstrich Paprika Cashew,,K-take it veggie,162,4.6,11,10,100,g,20,125
4337185003530,K-take it veggie Organic Bread Spread Paprika Cashew,,K-take it veggie,162,4.6,11,10,100,g,20,125
4337185003639,Pomazánka s lilkem,,K-take it veggie,352,3.9,6,34,100,g,20,180
4337185003646,K-take it veggie Bio Brotaufstrich Aubergine,,K-take it veggie,352,3.9,6,34,100,g,20,180
4337185003653,K-take it veggie Bio Brotaufstrich Aubergine,,K-take it veggie,352,3.9,6,34,100,g,20,180
4337185003714,K-take it veggie Bio Brotaufstrich Ananas Curry,,K-take it veggie,373,3.3,12,35,100,g,20,180
4337185003776,K-take it veggie Bio Brotaufstrich Hot Paprika,,K-take it veggie,356,9.6,5.6,34,100,g,20,180
4337185005244,K-take it veggie Bio Brotaufstrich Champignon Shiitake,,K-take it veggie,178,4,9.2,13,100,g,20,125
4337185005336,K-take it veggie Bio Brotaufstrich Champignon Shiitake,,K-take it veggie,178,4,9.2,13,100,g,20,125
4337185005350,K-take it veggie Bio Brotaufstrich Champignon Shiitake,,K-take it veggie,178,4,9.2,13,100,g,20,125
4337185279836,vegan organic cooking cream,,K-take it veggie,96,0.7,6.2,7.5,100,ml,25,200
4337185318658,K-take it veggie Vegane Nuggets,,K-take it veggie,276,14.4,24.7,12.6,100,g,100,200
4337185341274,K-take it veggie Vegane Bällchen,,K-take it veggie,224,17.5,14.9,9.6,100,g,100,200
4337185341304,K-take it veggie Veganes Schnitzel,,K-take it veggie,259,14.3,22.2,12.3,100,g,,200
4337185341366,K-take it veggie Vegane Nuggets,,K-take it veggie,276,14.4,24.7,12.6,100,g,100,200
4337185395987,Musli cu fructe fara gluten,,K-Free,349,7.4,58,6.8,100,g,,400
4337185448058,Miniromatomaten,,Kaufland,19,0.9,2.5,0.3,100,g,,500
4337185450594,Chewing Gum Spear-Mint,,Chewing Gum,149,0,62,0,100,g,,36
4337185460913,Grana Padano DOP,,Favourites,398,33,0,29,100,g,30,
4337185462702,Tomato Paste,,Kaufland,91,4.8,14.5,1,100,g,100,
4337185473036,Steinofen Margharita,,Kaufland Classic,212,8.7,32,4.9,100,g,285,
4337185495908,Juicy Gums,,K-Classic,335,5.6,77,0.5,100,g,,200
4337185499838,Premium Apfelsaft Naturtrüb,,K Favorites,45,0.5,11,0.5,100,ml,,1000
4337185506857,fulgi integrali de ovăz,,K-Classic,375,13,68,6.9,100,g,100,500
4337185506970,Fruit musli,,K-Classic,340,9,60,4.9,100,g,50,1000
4337185508288,Baton De Musli Cu Caise,,K Classic,393,3.4,70,10,100,g,30,
4337185525933,Cascaval topit,,K classsic,280,16,5.3,22,100,g,200,
4337185596551,Oplatky s náplní (79%) s lískovými oříšky,,K - classic,510,5.2,60,27,100,g,65,65
4337185601996,K-take it veggie Vegan Icecream on Almond Base,,K-take it veggie,252,1.8,23.7,16,100,ml,100,500
4337185603662,K-take it veggie Bio Dinkeldrink,,K-take it veggie,44,0.7,7.7,1.1,100,ml,200,1000
4337185603686,Organic rice drink,,K-take it veggie,48,0.1,9.7,1,100,ml,200,1000
4337185611599,Haselnuss,,K,663,17,6.6,61,100,g,,200
4337185626128,Emmental Kaufland,,Kaufland,394,31,0,30,100,g,,400
4337185664014,Belgische Borkenkonfekt,,Kaufland,597,5,49,42,100,g,,150
4337185664038,Belgisches Borkenkonfekt Zatbitter,,Baronie Belgium,576,5.3,40,42,100,g,,150
4337185665479,Kartofellpüree,,K-Classic,349,8.3,74,0.6,100,g,115,345
4337185667954,K-take it veggie Organic Drink Almond unsweetened,,K-take it veggie,20,0.5,1.1,1.4,100,ml,200,1000
4337185667978,K-take it veggie Organic Oats Vanilla Drink 1l,,K-take it veggie,39,0.5,6.8,1.2,100,ml,200,1000
4337185667992,K-take it veggie Organic Oats Choco Drink 1l,,K-take it veggie,45,0.5,9.6,0.5,100,ml,200,1000
4337185828201,K-take it veggie Organic Bread Spread Tomato Basil 180g,,K-take it veggie,245,5.2,9.7,20,100,g,25,180
4337185828225,K-take it veggie Organic Bread Spread Tomato Basil 180g,,K-take it veggie,245,5.2,9.7,20,100,g,25,180
4337185830877,Dark chocolate,,Kaufland,522,4.7,53,31,100,g,,
4337185832840,K-take it veggie Bio Sojadrink gesüßt,,K-take it veggie,40,3,2.5,1.9,100,ml,200,1000
4337185832864,K-take it veggie Organic Oats Drink 1l,,Kaufland,45,0.3,8,1.2,100,ml,200,1000
4337185832888,K-take it veggie Bio Mandeldrink gesüßt,,K-take it veggie,26,0.4,4.1,1.1,100,ml,200,1000
4337185832918,Organic Soy drink,,K-take it veggie,40,3.9,0.5,2.4,100,ml,200,1000
4337185834141,K-take it veggie Bio Brotaufstrich Toskana Tomato Hanf,,K-take it veggie,92,3.6,8.9,4,100,g,25,180
4337185834677,Trüffel Pralinen enthält Alkohol,,K Favourites,485,3.9,54,26,100,g,,200
4337185851490,Bio Fruchtmark,,Kaufland K-Bio,67,0.5,13,0.5,100,g,,400
4337185855078,Pine nuts natural,,K Classic,690,17,12,63,100,g,,50
4337185855566,Mais Tortilla Wraps,,K-Classic,308,10,51,7,100,g,61.6,370
4337185855580,Tortilla – placki pszenne,,K Classic,283,9.5,40,7.2,100,g,,370
4337185855641,Mais Tortilla Wraps,,K-Classic,312,9.9,52,6.8,100,g,40,320
4337185857768,K-take it veggie Organic Cocos Cooking Cream,,K-take it veggie,97,0.8,3.1,9,100,ml,25,200
4337185888069,Gourmet Muesli Triple Choc,,K-FAVOURITES,451,10,66,14.8,100,g,100,500
4337185888144,Flakes and fruits,,K-Classic,395,8.4,74,5.7,100,g,,250
4337185888687,Crunchy muesli Chocolate and Hazelnut,,Kaufland,466,9,64,18,100,g,130,150
4337185931338,Carnati Kaminwurzel,,K Fabourites,433,29,0,35,100,g,,
4337187550919,Crema Branza,,Kaufland,158,6.5,3,13,100,g,,
4337256022071,Cioccolato al latte,,Penny,531,5.9,59.4,29.4,100,g,,100
4337256142731,Krájené žampiony,,Penny,18,2.1,0.2,0.4,100,g,100,290
4337256309288,Dessert & Cream Cocoa,,Milkeria,101,3.1,15.7,1.8,100,g,,200
4337256361927,Fruit Yoghurt,,Milkeria,87,3.1,12,2.7,100,g,,500
4337256375962,Fruit Yogurt – Peach & Passionfruit,,milkeria,88,3.1,13,2.7,100,g,,500
4337256427609,Rye Crispbread,,Penny,341,8.6,65,1.6,100,g,,
4337256628693,Gnocchi Tricolore,,Selection,165,5.1,34.3,0.4,100,g,,
4337256662703,Salame Milano,,Selection Penny,0,0,0,0,100,g,8,
4337256745635,Crunchy Muesli Strawberry,,Penny,463,9.5,67,16,100,g,,350
4337256778817,Wafer Rolls Vanilla,,Cafe Time,495,6.4,64,23,100,g,,280
4337256803373,French Fries,,Penny,137,2.4,22,4.5,100,g,100,
4337256808804,Cashew Nuts,,Wellgood,589,20,19,46,100,g,,
4337256885539,BUTTER VEGETABLES,,PENNY,98,2.7,7.8,5.3,100,g,100,
4337256963664,Mozzarella light,,SanFabio,159,20,1,8.5,100,g,125,
4337256966375,Salmon Sweet Chilli,,Gran Mare,167,11,11,8.8,100,g,100,
4388860375756,Mackerel Fillets In Tomato Sauce,,Gran Mare,197,17,5.7,11,100,g,100,85
4388860579512,Cereals & Fruit yoghurt,,Milkeria,95,3.4,14,2.9,100,g,,250
4388860612523,Avena Drink,,Penny Market,61,1,10,1.9,100,g,,
4586416097040,Bauli Gluten Free Protein Bar,,Bauli,431,22,26.7,24.4,100,g,45,
4605496001584,Instant noodles Chicken flavour,,Rollton,413,7.6,51.7,18.9,100,g,100,60
4660298501021,Casein Moccachino,,Bombbar,342,80,2,2,100,g,30,
4710085227006,mr.brown cappuccino,,King Car Food,51,1.5,9.3,0.9,100,ml,240,
4712959003426,Casa Milky Flavor Tea,,,111,1,20,3,100,g,,
4751019538744,"CACAO, COCONUT & CHIA SEEDS MUESLI",,graci,466,17,38,25,100,g,,
4751028310201,Gourmet Caramel Popcorn,,Pophouse,468,2.8,78.5,15.3,100,g,100,
4770179991374,Cherry Milk Cocoa Pergale,,Picks,538,6.4,59,31,100,g,,
4770179998366,Milk dessert,,Pergalé,492,4.1,63,25,100,g,100,113
4770190077941,Makrelenfilet,,,263,18,1,21,100,g,,
4771218200044,Crisp bread with wheat flour. With tomato and basil.,,,393,13.9,57.7,9.5,100,g,,
4771218200198,Crisp Bread,,Danvita,428,17,56,14,100,g,7.6,130
4779021231156,Exclusive,,Taitau,637,13,9.3,58,100,g,18,90
4800194173223,Bread Pan,,Oishi,467,13.3,66.7,20,100,g,30,42
4820048616515,Fidea Delicios Pui 60G Maggi Fidea Delicios Pollo 60G Maggi,,Maggi,444,9.7,60.5,17.6,100,g,,
4820179253313,Instantnudeln Huhngeschmack,,Reeva,63,1.2,7.8,2.9,100,g,475,75
4820179256918,Roltoni,,Reeva,410,7.5,51.7,18.9,100,g,,60
4820179256925,Fidea de preparare rapida,,REEVA,410,7.4,51.2,19,100,g,60,
4820179259148,Instant Rice Noodles with Pho Bo Sauce,,Glads,362,6.8,70.4,5.9,100,g,65,
4820216120271,Fursecuri,,Biscotti,462,5.9,62.6,20.9,100,g,,
4820224232737,Trout Lightly Salted,,Norven,203,22.5,0,12.5,100,g,,
4820224238654,Salmon Frozen Fillets,,Norven,280,16.8,0,23.6,100,g,125,
4820252122505,Mojo mint/lime 1L,,Mojo,45,0,11,0,100,ml,100,1000
4823077602450,Korivka 1kg,,Roshen,375,2.8,81.5,4.1,100,g,,1000
4823077609077,Multi cake cocoa cream,,Roshen,489,6.3,63.8,22.7,100,g,,180
4823077613630,Milk Chocolate,,Roshen,459,4.5,66.2,19.2,100,g,,43
4823077621000,Shooters,,Roshen,469,3.1,51.9,24.1,100,g,100,150
4823077621154,Dark chocolate,,Roshen,456,3.3,63.6,19.3,100,g,,43
4823077621635,Roshen Milk Wafer,,Roshen,540,7.2,57.1,31.1,100,g,18,72
4823077621642,Roshen Wafers Choco,,Roshen,506,6.6,57.9,26.4,100,g,,
4823077621659,Wafle z nadzieniem o smaku orzechów laskowych,,Roshen,521,5.3,61.8,27.4,100,g,,72
4823077624247,Bonny fruit Mix citrus,,Roshen,330,0.1,81.2,0,100,g,,200
4823077625145,CHERRY IN DARK CHOCOLATE,,Roshen,434,2.9,50,20.8,100,g,,155
4823077625589,Wafers milk,,Roshen,540,7.2,57.1,31.1,100,g,72,
4823077626227,Aerated Milk Chocolate Roshen,,Roshen,533,7.5,56,30.3,100,g,,80
4823077626364,White Chocolate Aerated Roshen,,Roshen,558,7,55.4,33.9,100,g,,80
4823077631863,Konafetto vanilla,,Roshen,529,4.3,67.1,27.1,100,g,70,140
4823077633324,Lovita Classic Cookies,,Roshen,500,4,63.3,24.7,100,g,15,150
4823077634741,Lovita,,Roshen,415,4.3,69,14.6,100,g,37,168
4823077636172,Wafers Lemon Cream,,Roshen,409,3.6,57.1,17.6,100,g,,370
4823077636417,Lovita Soft Cream Cookies Hazelnut,,Roshen,507,4,61.8,26.6,100,g,21,127
4823077636899,Milk Chocolate Creme Brulee Flavour,,Roshen,444,5.7,66.9,16.9,100,g,33,
4823077639494,Lacmi STRAWBERRY PANNA COTTA flavoured,,Roshen,507,5.6,57.8,27.7,100,g,,90
4823077639579,STRAWBERRY CAKE,,Roshen,513,5.9,58.2,28,100,g,,
4823077639753,ROSHEN Cake Capsuni,,Roshen,490,5.7,65.6,22.2,100,g,15,
4823077640988,Roshen Wafers Coconut & Almond,,Roshen,556,5.1,56.2,34.1,100,g,18,216
4823077641312,napolitane,,Roshen,499,6.6,58.1,26.4,100,g,19,
4823077641329,Roshen wafers,,Roshen,506,6.5,57.9,26.4,100,g,13,72
4823077642401,Neapolitanne cu umplutură de lămâie “Wafers Roshen”,,Roshen,524,4.8,61.8,28.3,100,g,,72
4823077646287,Lovita Blondie Brownie Lemon,,Roshen,487,4.8,55.8,28.4,100,g,38,
4823092701022,Sunflower Halva with Cocoa,,Druzhkovskaya Factory,544,10.7,39.9,37.9,100,g,200,200
4840008012140,Turte Dulci Albinuța,,Franzeluța,374,5.6,70.8,7.1,100,g,22,
4840008041232,Biscuiți cu ovăz și prune,,Franzeluța,438,5.7,69.8,14.5,100,g,20,400
4840811000426,BANZAI Semințe de dovleac prăjite cu sare,,Banzai,419,19,35,19,100,g,,80
4840811000594,Porumb crocant prăjit,,Banzai,425,7.7,68,8,100,g,,35
4841257004085,KVASOV Clasic,,KVASOV,1,0,0,0,100,ml,100,1500
4841359000428,Halva Cu Stafide 180g,,Victorita,576,16.2,48.5,33.7,100,g,90,
4841636001872,Nucusoare,,Be Sweet,439,8.3,61,18,100,g,,300
4841705000461,"Cereale fără zahăr, cu migdale",,Ronți,254,6.1,52.8,1.6,100,g,,100
49814521,Strawberry Chupa Chups Lollipop,,Chupa Chups,386,0.6,93,1,100,g,,12
5000159311373,Snickers Ice Cream,,Snickers,223,3.2,25,12,100,ml,110,70
5000159376655,38G SKITTLES SACHET,,Mars norge as,397,0,89,4.2,100,g,38,38
5000159407236,Mars,,Mars,450,4,70,16.8,100,g,100,51
5000159459228,Twix Twin,,Mars Wrigley,493,4.4,65,24,100,g,100,50
5000159461122,Snickers,,Snickers,481,8.6,60.5,22.5,100,g,50,50
5000159484695,Twix glacé,,Twix,281,2.8,34.8,14.6,100,g,43.1,1
5000159502955,Mars,,Mars,448,4,70.1,16,100,g,,
5000159516198,Mars Protein,,Mars,378,20,52,11.2,100,g,50,
5000159542869,M&m’s,,,524,9.8,60,12,100,g,,45
5000159557184,Twix white,,Twix,502,5,63,25,100,g,46,46
5000159558020,BOUNTY 2X28.5g,,Bounty,487,3.8,60,26,100,g,57,57
5000159559140,Baton Snickers,,Snickers,489,8.1,60,23,100,g,,50
5000159561402,Twix Classic 50g,,Twix,246,2.4,32,11.8,100,g,50,
5000396037227,Digestive light,,McVities,450,7.2,70.6,14.5,100,g,,250
5000396037531,Mcvities Digestive Milk Chocolate Biscuits,,McVitie's,495,6.7,62.2,23.6,100,g,,200
5000396037548,Digestive - Dark Chocolate,,McVitie's,496,6,61.1,24.3,100,g,16,200
5000396041613,Oat crunch,,McVitie's,491,7.1,60.8,23.3,100,g,,
5010482946265,Houmous,,Iceland,340,7.1,10.9,28.8,100,g,,200
5010775204065,Advent Calendar,,NoMo,563,2.4,62,34,100,g,3.3,80
5011038134136,Brânză Cheddar maturată din lapte de vacă,,Kerrygold,416,25.4,0.1,34.9,100,g,,200
50112234,Cappy jabłko 0.3,,Cappy,45,0,10.6,0,100,ml,330,330
5011835101232,Smooth Organic Peanut Butter,,Whole earth,628,25.6,13.7,51.2,100,g,,227
5014271300429,thick apricot,,St. Dalfour,204,0.5,50,0,100,g,31,284
5014271310428,Black Cherry Fruit Spread,,ST DALFOUR,205,0.6,50,0,100,g,,284
5014271350424,Mermelada de Cuatro Frutas,,ST DALFOUR,203,0,50,0,100,g,20,
5024121495212,Organix Lime,,Organix,94,1.8,12,3.5,100,g,,
5034444101202,Giant bar rolled oats & pecan,,ma baker,484,6.5,58.7,24.7,100,g,90,90
5034444101219,Baton de ovăz cu fistic,,First Quality Foods,427,7.2,51,20.7,100,g,100,90
5034444101332,"Giant Bar, Rolled Oats & Cranberry",,Ma♡Baker,457,6.2,61.3,19.5,100,g,90,90
5034444101349,Ma Baker Giant Bars - Blueberry,,Kingsbake,441,5.8,59.4,19.1,100,g,90,90
50457892,Pommes Frites Sauce,,Heinz,242,0.5,13,21,100,ml,,400
5053990101535,Pringles Cheese & Onion,,Pringles,523,6.3,55,30,100,g,2,165
5053990101573,Pringles Sare,,Pringles,503,6.1,55,31,100,g,30,165
5053990101597,Sour Cream & Onion,,Pringles,517,6.3,56,29,100,g,165,165
5053990106981,Pringles Cașcaval,,Pringles,520,6.4,55,29,100,g,30,165
5053990107339,Pringles Original,,Pringles,528,6.2,54,31,100,g,40,40
5053990127726,Pringles Original,,Pringles,534,5.9,56,31,100,g,30,165
5053990161669,Paprika,,Pringles,522,6.7,54,30,100,g,30,165
5054775580095,Breaded Salmon Fishcakes,,Tesco,207,8.9,19,10.3,100,g,135,
5056307393036,Impact Whey Isolate Natural Vanilla,,MyProtein,361,83,4.7,0.9,100,g,30,
5056357912706,SNICKERS HI PROTEIN Chocolate & Peanut,,SNICKERS,391,25,41.7,15.5,100,g,60,
5059883300856,Impact Pea Protein (Salted Caramel),,MyProtein,363,65.6,10,6.9,100,g,32,
5059883486932,Essential Shake (Vanilla & Honeycomb),,MYPROTEIN,400,62.9,14.9,10,100,g,35,
5060043223083,Granola,,Lizi's,483,11.5,51.4,23.6,100,g,,400
5060072652243,chewits,,Cloetta,391,0,86,4.6,100,g,4.5,115
5060088701966,nākd raw fruit & nut bar,,nākd,380,7.9,57.3,11.8,100,g,35,140
5060092030687,Low Sugar Granola,,Lizi's,504,14.2,45.2,27.1,100,g,50,500
5060092030977,Lizis high protein granola nuts and seeds,,Lizi's,442,26.9,40.7,17.6,100,g,50,350
5060166693091,Monster Energy,,Monster Energy,47,0,12,0,100,ml,500,500
5060466512931,Burn energy drink,,Burn,62,0,16,0,100,ml,250,250
5060534060241,"Lemon, Yuzu & Ginger Kambucha",,ITSU L.A. Brewery,16,0.5,4.1,0.5,100,ml,,330
5060719550000,Smoked Sriracha,,Eaten Alive,73,1.9,15.4,0.9,100,ml,,150
5060961650008,Protein bar,,Born Winner,373,31.3,35.9,17.2,100,g,64,64
5060961650121,Slim high 50% protein cookie,,Born winner,408,50,24,13,100,g,60,
5060961650381,Born winter waffle with chocolate high protein,,,353,36,36,13,100,g,,85
5099872019093,Chocolate collection Bailey's,,Baileys,527,4.7,50,33,100,g,,135
5200101804896,Ulei de măsline extravirgin,,Terra Creta,821,0,0,91.2,100,ml,,500
5201004021328,Caprice,,Papadopoulos,477,7.4,67,19,100,g,100,115
5201043115897,Kalamata Olives,,Iliada,240,1.3,0,25,100,g,,
5201340000094,Trata Sardine in Olive Oil,,TRATA,368,17,0.6,32,100,g,100,100
5201360501618,7-days Croissant Peanut 80G,,7 Days,473,7,45,29,100,g,,
5201360521210,Croissant with Cocoa Filling,,7 DAYS,453,5.6,43,28,100,g,60,65
5201360533190,7 Days Giga Croissant,,7 Days,443,7,44,26,100,g,,250
5201360543205,Mini Croissants,,7 Days,448,6,46,26,100,g,,185
5201360624560,"Pizzeti emental, tomato & garlic",,7days,437,15,57,16,100,g,,80
5201360639007,Bake Rolls Salt,,7 Days,451,14,64,15,100,g,30,80
5201360639205,7 Days Bake Rolls Garlic,,7days,451,14,64,15,100,g,,80
5201360677351,7days,,7days,441,12,63,15,100,g,150,
5201409809910,Snack Olives,,Olymp,190,1.3,0,15.6,100,g,,70
5201502111965,Agrino brown rice,,Agrino Brown Family,358,8,72,2.5,100,g,,
5201583086114,Zero Sugar Free Butter Candies Caramel Taste 32g,,Zerø Candies,288,0.6,87.1,7.9,100,g,,32
5201704064465,Kolios yogurt greco,,Kolios,132,6,4.5,10,100,g,150,
5201704065103,HERCULES IAURT GRECESC,,KOLIOS,70,8.5,4.5,2,100,g,200,
5201911201134,Fineti,,,561,4.6,55,35,100,g,,
5201911220159,Double spread,,fineti,564,5.3,53,36,100,g,,
5201911240164,Fineti spread,,Fineti,561,4.6,55,35,100,g,,
5201911240171,Finetti Tartinade Duo Creme De Noisette Avec Cacao Bicolore,,,564,5.3,53,36,100,g,,
5202073000085,Paltsidis salata icre roz,,Tapa,540,1.3,22,50,100,g,100,200
5202178000980,Telemea de vaca,,Olympus,261,15,0.7,22,100,g,,
5202178010088,Feta original,,Olympus,276,16.5,0.7,23,100,g,,
5202178010248,Carpos coconut,,Olympus,13,0.1,0.1,1.2,100,g,,
5202178040047,Suc din fructe si legume grecesti,,Olympus,53,0.3,12.8,0.1,100,ml,,1000
5202178083839,Pistachio Milk,,Olympus,30,0.6,2.7,1.5,100,ml,250,1000
5202178085710,Halloumi Original olympus,,Olympus,317,20,3,25,100,g,,
5202336144211,Cheese Salsa,,World's Market,126,3.2,5.5,10,100,g,100,
5202336145706,Tortilla branza,,World Market,472,6.6,64,20,100,g,75,
5202336145720,Tortilla Chips Chilli,,World's Market,472,6.6,64,20,100,g,150,150
5202336154821,Tuna Salad With Red Beans,,Fish Market,160,12,8.9,8,100,g,160,
5202336154920,Whole mushrooms,,Gustona,18,2.1,0.2,0.4,100,g,100,
5202336155330,Extra Virgin Olive Oil,,World’s Market,822,0,0,91,100,ml,100,
5202336162925,Compot Caise,,Gustona,62,0.5,14,0.2,100,g,100,
5202390004810,Cheese,,,285,0,20,23,100,g,,
5202390020414,Pentru Post Alb,,Viofast,302,0,11,29,100,g,,230
5202390021497,Creamy cheddar flavour,,Violife,244,0.1,9,23,100,g,,150
5202908100003,Jus ananas agros,,Agros,51,0.4,12,0,100,g,,
5203149006215,Smântână lichidă pentru gătit,,Olympus,206,2.3,4.2,20,100,ml,,200
5203176017758,Evrofarma Greek Yogurt,,Evrofarma,71,9.8,3.5,2,100,g,100,
5208077944004,Croissant,,,462,3,43.6,28.5,100,g,,
5290074004553,Happy vibes Hawaiian blue,,,54,0.1,13.2,0.1,100,g,,
5290426200268,Cremă de Arahide,,Maxim's,612,26,22,49,100,g,25,340
5310099023800,"Sugar Free Granola Coconut, Hazelnut & Dark Chocolate",,Vitalia,434,9.3,65,13,100,g,,
5310264000421,Crispy Fripsy,,Marks,468,8.6,68,17,100,g,,50
5391521697288,Tortilla multigriana,,Bfree,193,4.1,28,2.9,100,g,42,252
5400101015630,Filets de CABILLAUD,,Carrefour,66,15,0,0.7,100,g,,720
5400101016224,Glace PARFUM VANILLE,,Carrefour,180,2.6,24,8,100,ml,,2000
5400101201705,Biscottes à la farine complète 57%,,Carrefour,387,13,65,6,100,g,,300
5400101201712,Biscottes sans sel ajouté,,Carrefour,401,12,75,5.1,100,g,16,300
5400101213999,Carrefour Classic' Beurre de Laiterie Doux,,Carrefour,743,0.6,0.6,82,100,g,10,250
5400101248854,Grissini,,Carrefour,416,12,70,9,100,g,,125
5400112000229,Sojadrank Natuur,,Delhaize,39,3,2.5,1.7,100,ml,100,1000
5400112349700,Hummus à la marocaine,,delhaize,268,5.7,12,20.9,100,g,,200
5400112362402,Humus libanez,,Delhaize,254,5.5,11,19.9,100,g,25,200
5400112371428,Humus picant,,Delhaize,265,6.3,9.9,21,100,g,,200
5400113041467,Chips de légumes,,Delhaize,435,5,39,25.5,100,g,25,100
5400113044857,Cake au beurre fourré,,Delhaize,373,4.5,51.3,16.5,100,g,40,240
5400113531425,Tortilla chips sweet chili,,Delhaize,472,6.6,64.4,20,100,g,,185
5400113572626,Icecream Tiramisu,,Delhaize,222,3.5,27,11,100,ml,,900
5400119012348,"Camembert de Normandie AOP (20,2% MG)",,Delhaize,268,20.4,1.2,20.2,100,g,50,250
5400119504775,Cappelletti jambon cru,,Delhaize,294,12,38,10,100,g,125,250
5400119513463,Sorbet framboise,,Delhaize,117,0.5,27.6,0.5,100,g,,330
5400119513500,Sorbet melon,,Delhaize,111,0.5,26.1,0.5,100,g,,
5400119520430,Parmigiano reggiano,,Delhaize,402,32,0.5,30,100,g,20,100
5400601200260,Lait demi-écrémé,,365 essential,48,3.5,4.8,3.2,100,ml,200,1000
5407008560195,Dark chocolate roasted cocoa nibs,,Meurisse,588,8.3,34,44,100,g,,100
54088191,Kinder Surprise Pink 20g Ferrero,,Ferrero scandinavia ab,561,8.4,52.6,34.9,100,g,20,20
5410033902007,Pâte de cacahuète pindakaas,,Calvé,575,26,16,43,100,g,15,350
5410041435702,TUC Original,,TUC,480,8.3,67,19,100,g,100,100
5410126716016,Biscoff,,Lotus,487,5.1,73.1,19.2,100,g,7.8,250
5411188104971,Nature Soya,,alpro,49,4,2.2,2.3,100,g,125,500
5411188110835,"Alpro Mandeldrink, Original 1L",,Alpro,23,0.5,2.6,1.2,100,ml,100,1000
5411188112709,Geröstete Mandel Ohne Zucker,,alpro,15,0.5,0,1.1,100,ml,100,1000
5411188115366,Alpro smooth subtle creamy oat,,alpro,46,0.8,6.6,1.5,100,ml,100,1000
5411188115434,"Alpro Sojadrink, Barista 1L",,,42,3.3,2.6,1.9,100,ml,200,1000
5411188115472,Soyamilch,,alpro,39,3,2.5,1.8,100,ml,100,1000
5411188115533,soya Vanille,,alpro,57,3,6.7,1.8,100,ml,100,1000
5411188116592,Alpro tempting and tropical coco low fat,,Alpro,20,0.1,2.7,0.8,100,ml,100,1000
5411188118732,COCO & ALMOND,,alpro,24,0.3,2.5,1.3,100,ml,100,1000
5411188119753,"Kokosnussdrink mit Soja, Barista",,alpro,33,1.5,3.3,1.4,100,ml,64,1000
5411188120742,Mandel Vanille Geschmack,,Alpro,30,0.4,3.8,1.1,100,ml,100,1000
5411188120988,"Alpro Reis‐Kochcrème Cuisine, 250 ml",,alpro,95,0.5,5.4,7.9,100,ml,250,250
5411188121305,Greek Style on a Fruity Layer Mango,,alpro,81,4.8,8.4,2.7,100,g,150,150
5411188123415,Hazelnut Chocolate,,Alpro,186,1.2,18.3,9.3,100,ml,100,500
5411188124726,Alpro Hafer-Mandeldrink 1L,,Alpro,23,0.4,2.4,1,100,ml,100,1000
5411188125341,Alpro Mandeldrink Barista 1L,,alpro,24,0.5,2.5,1.2,100,ml,250,1000
5411188126195,Organic Almond Unsweetened U.H.T.,,Alpro,15,0.5,0,1.2,100,ml,,1000
5411188126393,Peach soy,,alpro,46,3.6,8.3,2.1,100,g,150,150
5411188126416,Soja Blaubeere,,Alpro,70,3.6,8.4,2.1,100,g,125,150
5411188126430,"Alpro Soja-Joghurtalternative Himbeere-Cranberry, 150g, cup",,alpro,76,3.6,9.7,1.9,100,g,,150
5411188126454,alpro NATURE,,alpro,32,4,2.1,2,100,g,150,150
5411188128045,"Alpro Kaffee mit Mandeldrink, Caffè 235ml",,Alpro,31,0.4,4.9,0.8,100,ml,,235
5411188128311,Coco Sans Sucres,,alpro,14,0.1,0,1.2,100,ml,100,1000
5411188128892,soy yogurt mango,,alpro,62,3.7,6,2.1,100,g,135,135
5411188129899,"Alpro® Barista Mandeldrink, 1 L, UHT",,Alpro,24,0.5,2.6,1.2,100,ml,140,1000
5411188130031,High Protein Soja Drink,,alpro,57,5,2.5,2.8,100,g,100,1032
5411188130055,"Alpro Sojadrink, Schokoladen-Geschmack, Protein 1L",,alpro,69,5,5.3,2.8,100,ml,250,1045
5411188131038,Alpro coconut raspberry,,alpro,97,0.6,11.9,4.9,100,g,,120
5411188543381,Soya,,alpro,39,3,2.5,1.7,100,ml,100,1000
5413121358694,The Belgian Tablettes Noir 85% 25X100G,,Belgian,579,10.3,16.2,48.5,100,g,10,100
5413121359035,Belgian Fancy Truffles Original 200g (7oz),,The Belgian Chocolate Group,625,5,42.5,47.5,100,g,40,200
5413548040639,Raffaello,,Ferrero,627,7.4,38.6,48.3,100,g,,40
5413548280189,Schoko Bons,,Ferrero,576,8.3,52.5,36.6,100,g,5.8,125
5425036870628,Cashew & apricot,,Bio,474,9.1,7.7,33.4,100,g,,30
5430004505020,Mayonaise Zero Sugar,,Dayfit,48,0.2,2.6,4,100,g,,
5449000000996,Coke Original Taste,,Coca-Cola,42,0,10.6,0,100,ml,330,330
5449000004840,Fanta Naranja,,Fanta,19,0,4.5,0,100,ml,,2000
5449000010070,Grape,,Fanta,34,0,8.4,0,100,ml,250,2000
5449000016645,"Coca-Cola 2,5",,Coca-Cola,42,0,10.6,0,100,ml,2500,2500
5449000016669,FANTA 2.5 L,,Fanta,30,0,7.3,0,100,g,2,
5449000028921,Coca Cola,,Coca-Cola,42,0,10.6,0,100,ml,250,1250
5449000028938,Fanta,,Fanta,39,0,9.6,0,100,ml,,1250
5449000028976,Sprite 1.25,,Coca Cola,28,0,6.6,0,100,g,,
5449000044709,Schweppes,,Schweppes,32,0,7.6,0,100,ml,250,1500
5449000044730,Schweppes Tangerine,,Schweppes,30,0,7.1,0,100,ml,250,1500
5449000108371,Apa Minerala Necarbogazoasa (plata),,Dorna,0,0,0,0,100,g,,
5449000112965,Băutură răcoritoare cu aroma de struguri,,Fanta,34,0,8.4,0,100,ml,,2500
5449000124487,Coca citron,,Coca-Cola,43,0,10.6,0,100,ml,500,500
5449000131805,Coca-Cola Zero Azúcar,,Coca-Cola,0,0,0,0,100,ml,330,330
5449000131843,Coca-Cola Zero,,Coca-Cola,0,0,0,0,100,ml,250,2000
5449000133724,Coca-Cola Zero,,Coca-Cola,0,0,0,0,100,ml,250,1250
5449000136329,Jablko 100%,,Cappy,45,0,10.6,0,100,ml,200,1000
5449000148445,Tonic water,,Coca-Cola,37,0,8.9,0,100,ml,,1500
5449000194824,Cappy pulpy peach,,Cappy,38,0,9,0,100,g,,
5449000195036,Pulpy Orange Juice,,Cappy,39,0,9.3,0,100,ml,,1500
5449000196613,Coca-cola Coke Vanilla,,Coca Cola,43,0,10.6,0,100,ml,,1750
5449000205773,Cappy Pulpy Multifruit,,Coca-Cola,20,0,4.6,0,100,ml,,1500
5449000235947,Zitrone Zitronengras,,Fuzetea,19,0,4.4,0,100,ml,250,500
5449000236623,fuze Tea Peach Hibiscus,,FuzeTea,19,0,4.5,0,100,ml,250,500
5449000236630,Broskev a ibišek,,FuzeTea,19,0,4.4,0,100,ml,,1500
5449000236715,Fuse Tea Black Ice Tea White Peach 500ML,,Fuze tea,1,0,0,0,100,ml,100,500
5449000239594,Coca Coca Zéro Pêches,,Coca Cola,0,0,0,0,100,ml,250,500
5449000240156,Diet Coke Exotic Mango,,Coca Cola,0,0,0,0,100,ml,,330
5449000242525,Fanta Pink Grapefruit,,Fanta,3,0,0.3,0,100,ml,,2000
5449000243089,Agua glacéau,,Smart Water,0,0,0,0,100,ml,,1100
5449000267351,Aquarius water zinc - lemon,,Aquarius,14,0,3.3,0,100,ml,,400
54490086,original taste,,Coca-Cola,42,0,10.6,0,100,ml,250,250
54490703,"Coca-Cola Classic 0,33l",,COCA-COLA EUROPEAN PARTNERS NORGE A,42,0,10.6,0,100,ml,330,
54491069,sprite 500ml ethio,,Sprite,9,0,0,0,100,ml,250,500
54491472,Original Taste,,Coca-Cola,44,0,10.9,0,100,ml,250,500
5507408004562,All-Bran Pasas,,Kellogg's,300,9.5,62,1.5,100,g,40,980
5601050037517,Sabor Stracciatella,,YoPRO,56,9.4,3.5,0.5,100,g,160,
5601607072541,Gold nitrition,,Gold Nutrition,278,0,69,0,100,g,,40
5601607077645,Energy Gel Wild Berries,,Gold Nutrition,251,0,63,0,100,g,,
5601607078291,Gold Nutrition Vegan Protein Strawberry Flavour,,,400,79.2,2.5,8.3,100,g,24,
5701051302147,Buttergebäck & Schokolade Mürbegebäck,,Keksen Dk,500,5.3,66,23,100,g,8.3,750
5701638128870,Double cream,,Akadia,263,6.2,10,21,100,g,,650
5701638156675,Brânză Cremoasă De Vacă,,Akadia,188,7.5,1.2,17,100,g,100,
5701977001766,Plantbased drink,,Naturli',46,3.4,3.4,2,100,ml,,1000
5701977550554,Vegan Spreadable,,Naturli,666,0.5,0.5,75,100,g,,450
5701977550738,Organic block,,Naturli',665,0.5,0.5,75,100,g,,200
5705333060817,Vitello Tonnato Gold edition,,Kaufland,191,17,1.4,13,100,g,110,
5707577130394,Protein Bar Sweet Coconut,,NUTRAMINO,433,32.7,30.9,20,100,g,55,
5711953145490,Starbucks caramel macchiato,,,62,2.9,9,1.6,100,ml,,220
5711953184888,Chocolate Mocha Protein Drink,,,52,6.3,4.2,1,100,ml,330,
5740900400832,Duńskie masło lekko solone,,delaco,739,0.6,0.7,82,100,g,,200
5740900400849,Vaj - Enyhén sós,,Lurpak,679,0.5,0.6,75,100,g,100,200
5740900401402,Lurpak spreadable,,Lurpack,679,0.5,0.6,75,100,g,100,
5740900402799,Mantequilla,,Lurpak,706,0.5,0.6,78,100,g,,500
5740900815308,Spreadable Lighter Slightly Salted,,Lurpak,516,0.3,0.4,57,100,g,,200
5760466736107,Castello Danish Blue cheese,,Castello,400,17,0.5,37,100,g,,100
5762385062022,Tulip Liver Paste,,Tulip,256,13,1.5,22,100,g,,125
5900020000576,Nesquik,,Nestlé,369,8.4,75.8,1.7,100,g,30,250
5900020000590,Nestle Chocapic,,Nestlé,389,8.9,73.6,4.8,100,g,,
5900020000774,Corn flakes,,Nestlé,113,4.2,20,1.6,100,g,155,250
5900020002730,Cini Minis Scorțișoară,,Nestle,410,5.8,72.6,9.3,100,g,100,250
5900020004659,Nesquik,,Nestlé,369,8.4,75.8,1.7,100,g,,500
5900020004697,Nestle Corn Flakes,,Nestlé,382,7.4,82.9,1.4,100,g,30,500
5900020004710,Chocapic,,Nestle,388,8.8,73.6,4.8,100,g,100,500
5900020005038,Fitness Strawberry,,Nestlé,386,6.4,71.5,4.9,100,g,23.5,23.5
5900020005946,Cookie Crisp,,Nestlé,393,6.7,78,5.2,100,g,100,225
5900020007292,Cheerios Honey Miodowy,,Nestlé,373,8.4,73.8,2.9,100,g,30,
5900020007728,Cookie crisp,,Nestle,391,6.9,76.1,5.2,100,g,30,500
5900020012067,Strawberry Minis,,Nestlé,421,6.2,73.3,10.3,100,g,,250
5900020013491,Nesquik Mix,,Nesquik,384,8.4,74.3,4.1,100,g,100,225
5900020020154,Nesquik Alphabet,,Nestlé,369,9.7,72.8,2.1,100,g,30,460
5900020020895,Fitness,,Nestlé,368,9.8,74.7,1.5,100,g,425,425
5900020020918,Fitness fruits,,Nestle,366,7.7,74.1,2.8,100,g,30,
5900020020932,Fitness nutritious energy CHOCOLATE,,Nestlé,396,8.6,69.5,7.2,100,g,30,425
5900020020956,Nestlé Fitness Yoghurt 425 g,,Nestlé,393,8.7,72.4,6.1,100,g,100,
5900020021472,Chocapic - smak choco-orzechowy,,Nestlé,419,8.1,72.6,9.5,100,g,30,450
5900020021625,Lion caramel and chocolate,,Nestlé,397,8.5,74.2,6.3,100,g,30,250
5900020024206,Fitness chocolate e hazelnut,,Nestlé,86,1.5,15.6,1.8,100,g,22.5,22.5
5900020025210,Fitness,,Nestle,380,6.8,70,7.2,100,g,22.5,
5900020025678,Fitness Breakfast Cereal Bar,,Nestlé,378,6.7,70.2,7.1,100,g,22,22.5
5900020027696,Nestle musli cherry,,Nestle,372,6.7,70.5,6.4,100,g,100,35
5900020031747,Cini Minis,,Nestlé,412,6.1,73.4,9,100,g,100,450
5900020031761,cereale,,nestle,397,8.5,73.5,6.2,100,g,,
5900020032195,Lion WildCrush,,Nestlé,433,5.3,65,15.3,100,g,30,350
5900020033956,Fitness choco banana,,Nestlé,385,6.4,69.8,7.2,100,g,23.5,23.5
5900020038333,Corn flakes,,Nestle,356,3.9,70.3,5.7,100,g,22,22
5900020038593,Ciniminis churros,,Nestle,395,7.3,75.8,5.8,100,g,30,
5900020041883,Nesquik,,Nestlé,378,8.7,74.6,3,100,g,,
5900020041968,Cookie Crisp,,Nestlé,393,7.2,76.3,5.2,100,g,30,450
5900020042279,Alphabet Cereals Nestle,,Nestlé,369,9.7,72.8,2.1,100,g,100,400
5900020042293,Nesquik Mix,,Nestle,384,8.4,74.4,4.1,100,g,,400
5900020045171,Trix,,Nestlé,390,6.3,79,4.3,100,g,30,
5900020047557,mini's cini nestle 450g,,Nestle,410,5.8,72.6,9.3,100,g,,
5900084064095,Moutarde,,Kamis,168,7.2,11,10,100,g,185,
5900084213004,Condimente pentru pui picant,,Galeo,204,9,15,9.5,100,g,3,20
5900102630301,wawel,,Fresh & Fruity,318,0,78,0,100,g,,7000
5900120064959,SALAMI CHEESE,,Pilos,311,26,0.1,23,100,g,100,300
5900259094704,Doritos Nachos Cheese Flavoured 100g,,Doritos,150,1.9,17,7.8,100,g,100,100
5900281000377,Lecsó with mushrooms,,Bonduelle,52,1.9,7,1.4,100,g,,130
5900281002982,spicy Lecsó with mushrooms,,Bonduelle,52,1.9,7,1.4,100,g,,130
5900334023162,Just Plants oat,,Just Plants,56,0.7,6.3,3,100,ml,,1000
59003854,Danone Danonino Branzica De Vaci Cu Caise Si Capsuni 4X50 G,,danone,92,6.3,11,2.5,100,g,,200
5900437002187,"Pizza z szynką i pieczarkami z sosem czosnkowym, głęboko mrożona.",,Dr. Oetker,206,7.6,28,6.9,100,g,270,270
5900437005218,Pizza Guseppe - Ham & Garlic Sauce,,Dr. Oetker,223,7.7,26.8,9.1,100,g,440,440
5900488017444,Rurka Lodowa,,,170,2.1,26,6.3,100,g,,
5900497030908,"Băutură răcoritoare carbogazoasă cu suc de lămâie din concentrat, au zahăr şi induldtor.",,7 up,19,0,4.5,0,100,ml,250,500
5900552045250,Kubuś i przyjaciele napój kakaowy instant z witaminami i wapniem.,,Gellwe,371,4.2,81,2,100,g,12,150
5900552059974,Vitamin Water,,4move,20,0,4.7,0,100,ml,,556
5900617034786,ENERGY,,Sante A.Kowalski sp.j,484,9.2,56,25,100,g,50,50
5900617034809,Vitamin coconut bar,,Sante,481,3.5,55,27,100,g,50,50
5900617037152,Sante gold granola,,sante,469,9.8,61,18,100,g,100,
5900617038265,Peanut Butter Crunchy,,Go On,603,27,12,48,100,g,15,500
5900617038289,Peanut Butter Smooth,,GO ON,603,27,12,48,100,g,100,500
5900617039262,Protein granola,,GO ON,416,21,44,15,100,g,60,300
5900617039798,Protein peanut butter salted caramel flavour,,GO ON,579,31,19,42,100,g,30,350
5900617041241,Coconut Peanut Butter,,Go On,587,31,16,44,100,g,,
5900617042255,Gold granola brownie et cherry,,Sante,460,9.6,64,16,100,g,,300
5900617043481,Protein granola brownie & cherry,,Go ON,408,21,64,13,100,g,,300
5900617046635,Protein Crisp,,Go On,458,20,49,21,100,g,45,
5900643042342,Jogurt naturalny Bio że szczepami bakterii ActiRegularis,,Acrivia,64,4.8,3.4,3.5,100,g,150,150
5900783009496,Heinz Seriously GOOD Mayonnaise Sauce,,Heinz,644,0.8,3,70,100,g,,
5900909000420,Puchatek,,Maspex,370,4.5,80,2.1,100,g,20,300
5900909000444,Ceau ft. de pădure ekland 350g,,K-Bio,387,0.1,95,0,100,g,,
5900909000826,Cacao en poudre,,,384,3.7,85.6,1.8,100,g,,
5900910000631,Lafest Hot hocola CLAS,,La Festa,372,6,72,5.6,100,g,100,
5900910002079,Hot chocolatta white,,Lafesta,389,8.1,82,3.2,100,g,,25
5900910002871,Chocolatta hot caramello,,La Festa,386,4.9,77,5.4,100,g,25,25
5900910003113,Coffeeta,,,516,1.8,71,25,100,g,,
5900928001651,Pizza Base,,Dijo,325,6.5,54,8.9,100,g,,230
5900928002771,Tortilijos DIJO su špinatais,,Dajo,299,8.3,52.8,6.6,100,g,62.5,250
5900928002788,tortilla wraps multigrain,,Dajo,305,9.1,50,6.5,100,g,62.5,250
5900928002795,Tortilla wraps,,Dijo,327,8.2,56.7,7.7,100,g,60,250
5900928087921,Tortilla Wraps Weizen-Mais,,Kaufland,308,10,51,6.7,100,g,40,320
5900928087952,Tortilla Wraps Vollkorn,,Kaufland,309,10,47,7.6,100,g,61.7,
5900951027307,Snickers,,Mars norge as,489,8.7,60,23,100,g,37.5,75
5900951028502,Twix Xtra,,Mars norge as,494,4.4,65,24,100,g,38,75
5900951140310,M&m's,,Mars,524,9.8,59,26,100,g,45,45
5900951247897,M&M's Peanut,,M&M's,524,9.8,59,26,100,g,,90
5900951247972,M&M's chocolate,,Mars,480,5,71,19,100,g,45,90
5900951310973,snickers,,Snickers,490,8.7,60,23,100,g,37.5,
5900951312250,Twix Xtra,,Mars,493,4.5,65,24,100,g,37.5,75
5900951313417,mars 51 gr,,(株)Mars,442,4.3,70.6,15.9,100,g,51,
5900951317996,m&m's,,M&M's,0,0,0,0,100,g,,250
5900972001669,Breaded Fish With Garlic,,Frosta,198,13,16,8.7,100,g,240,
5900972004417,Mexican Style Chicken,,Frosta,93,5.3,14,1.4,100,g,450,
5900972009320,Golden fish fingers,,FROSTA,191,13.2,14.7,8.6,100,g,,
5900972010531,Breaded Fish With Garlic,,Frosta,198,13,16,8.7,100,g,,
5901028920231,No Sugar Ice-cream,,K Classic,168,4.3,9.6,12.3,100,g,100,
5901044034639,Salsa dip brânză,,Firma Roleski,299,1.2,10,28,100,g,100,
5901104004800,Bio coco mangue,,Vemondo,107,0.6,14.2,5.3,100,g,,150
5901218021120,Cukierki czekoladowe z orzechami arachidowymi,,Śnieżka,499,8.7,49,28,100,g,16,250
5901356050501,tago owsiane,,Tago,492,5.5,65,23,100,g,,185
5901356070967,Wafer Rolls,,tago,531,4.5,64,28,100,g,,150
5901356070998,Rurki waflowe,,Tago,508,6.4,64,25,100,g,12,150
5901384500924,Japanese clasic,,OYAKATA,241,4.2,26,13,100,g,93,93
5901384505332,Soy Sauce Ramen,,Ajinomoto,79,1.8,9.4,3.6,100,ml,500,83
5901390002528,Camembert,,delaco,356,18,1.3,31,100,g,,120
5901398085844,Ruladă Cu Carne De Pui,,Yammee,115,6.4,9.1,5.4,100,g,400,
5901414203931,Orange spice - Organic Herbal Tea Blend,,Bahlsen,496,6.9,64,23,100,g,11,220
5901414204709,Leibniz,,Leibniz,441,8.4,74,12,100,g,50,50
5901414205256,Butter Biscuits,,LEIBNIZ ZOO,445,6.4,75,12,100,g,,100
5901489034140,Icelandic Cod Liver,,King Oscar,548,5.9,0,58,100,g,121,121
5901576049927,Macrou în sos tomat,,Fisher King,416,12.7,0,40.3,100,g,100,170
5901576049934,Tuna shredded,,Fisher King,99,23,0.6,0.2,100,g,120,170
5901784161473,Kabanos,,Krakus,533,26,6,45,100,g,,
5901784166669,berlinki curcan porc,,Berlinki,431,23,6,35,100,g,100,85
5901871000371,Chrzan tarty,,Prymat,126,2.2,14,5.5,100,g,,175
5902221668265,Fruttimuss Chia Mango,,agrovita,85,1,15,1.5,100,g,,100
5902232610260,CREATINE MONOHYDRATE,,OstroVit,400,100,0,0,100,g,3,500
5902431561622,Cookies with chocolate and cranberry,,Bogutti,436,4.8,62,21,100,g,22.5,135
5902510400552,jeleuri,,Cornellis,334,3.6,79,0,100,g,100,
5902666646972,Salata Cu Pui Si Fusilli,,Good Soul,153,8.6,12,7.5,100,g,250,
5902768129106,Pastrav File In Sos Tomat,,Home Garden,187,13,4.4,13,100,g,170,
5902768129144,Macrou File în Ulei,,Home Garden,380,15,0.5,36,100,g,170,170
5902768129762,Hering in sos tomat,,Evra Fish,97,12,4.7,3.3,100,g,170,
5902768862515,La gustosa,,La Gustosa,544,6.6,58,33,100,g,,150
5902837745732,F**KING PROTEIN (Chocolate Peanut),,ALLNUTRITION,428,24.5,25,27.5,100,g,40,
5902884462064,Musli,,OneDayMore,397,12.3,64,8.3,100,g,80,
5902899145204,Hoch creme castraveți,,Hochland,212,5,2.9,20,100,g,,200
5902899145228,Crème cu verdeață hochland 200 gr,,Hochland,223,5.6,3,21,100,g,,200
59032823,nutella,,Ferrero,539,6.3,57.5,30.9,100,g,15,630
5903719262842,Levro whey supreme,,Kevin levrobe,393,75,0,4.1,100,g,,2000
5904170055141,Carne De Pui Kebap,,Drosed,175,22,0.5,9.5,100,g,,
5904215135265,Sok pomidorowy,,Auchan,41,0.7,9.2,0.5,100,ml,250,1000
5904405411520,Tortilla Wraps Kaufland,,Kaufland,286,7.9,50,6,100,g,100,
5904405411544,Tortilla Wraps Weizen-Mais,,K Classic,286,7.9,50,6,100,g,41,
5904665820148,powdered pb with coconut,,nustini,381,46,15.8,15.1,100,g,100,
5905058001052,Iaurt Grecesc,,Pilos,123,3.7,4.6,10,100,g,100,140
5905187907898,Chipsuri leodor,,Leodor,515,5.7,51,31,100,g,,100
5905187907911,Leodor chips,,Leo D'or,519,5.7,52,31,100,g,,100
5905187907973,Chipsuri LEODOR costita,,Snack-Trade,519,5.7,52,31,100,g,,100
5905187910539,LeoDor chips chilli&lime,,Leo Dor,520,5.8,52,31,100,g,60,60
5905187910843,Leodor potato chips roasted ribs flavoured,,Leo d'Or,519,5.7,52,31,100,g,,100
5905784316550,Pâine Crocantă,,Carrefour Extra,364,10.9,76,1.6,100,g,12.9,
5905784316581,Maca z cebulką,,Carrefour classic',372,11,78,1.1,100,g,12.9,180
5906207477803,Camembert naturalny,,Delikate,270,18,0.5,22,100,g,,120
5906340696017,Masło extra,,Polmlek,744,0.7,0.7,82,100,g,20,200
5906747314118,Barni ciocolata,,Moldiez,394,6.1,58,15,100,g,,
5907178133255,Cereal Pillows with pistachio flavored Cream,,BF Group,433,6.4,68.1,14,100,g,,300
5907222657447,It's all gravy,,Cultured Foods,48,1.6,5.6,1.6,100,ml,250,150
5907368803449,Whey protein,,Active labs,364,65,17,4,100,g,30,
5907471416277,Rolls Rolls Chocolate,,Dr Gerard,498,5,61,26,100,g,,144
5907632946476,Cordon BLEU CU CARTOFI,,Yammee,128,6.6,13,5.2,100,g,400,
5908230521522,Kabanos exclusive chilli,,Tarczyński,535,27,4.5,45,100,g,105,
5908230538070,Carnați Sticks,,Snack!t,532,27,3.4,45,100,g,100,90
5908230538094,Carnati Stick Porc,,Snack It,507,26,5.2,42,100,g,90,
5908230538131,Sausage Sticks Cheddar,,Snack It,492,25,6.9,40,100,g,100,
5908260250515,Magnesium B6,,OSHEE,20,0,4.5,0,100,ml,555,555
5908260250522,Vitamin Water Vitamins and Minerals,,Oshee,20,0,4.9,0,100,ml,555,555
5908308911934,Spaghetti Carbonara,,Yam mee,138,6.3,16,5,100,g,400,
5908308912764,Protein PENNE,,Yum mee,129,7.8,17,3.9,100,g,400,
5940000000684,MIX FRUNZE SALATA MAMMAMIA,,CORAL BIOGREENS,20,1.8,3.4,0.2,100,g,100,
5940000008215,Salsa Senapata Cipolla Rossa,,Fratelli Boschetti,238,1.1,56,0.6,100,g,,
5940000995034,Paine Campagne Cu Maia,,French Bakery,234,8.4,50,0.8,100,g,,
5940031011772,Vegandela Rustică,,Iezeress,182,14,3.7,12.3,100,g,,
5940031034689,Guanciale,,Panciu,307,25,0,22,100,g,,
5940031063252,Pasta tartinabila din proteina de mazare,,Iezeres,334,6.4,3.3,32.5,100,g,,
5940031071868,Alternativă vegană pentru salam cu semințe,,Iezeres,238,14.8,3,11.1,100,g,,
5940031071875,Alternativă vegană pentru salam uscat,,Iezeres,149,14.6,2.5,9,100,g,,
5940031073121,Alternativă Vegană Crenvurști,,Iezeress,209,12.5,3.6,15.7,100,g,,
59403968,Plus Mineral,,Bucovina,0,0,0,0,100,ml,,700
5940540681183,Mix Ardei Roşu Morcovi,,Zest Up!,27,0.7,5.7,0.2,100,g,,
5940541216056,Viwa black icetea,,Viwa Vitaminwater,2,0,0.1,0,100,g,,
5940541216063,Viwa green icetea,,,2,0.2,0.1,0,100,g,,
5940541242000,fiGA,,fiGa,55,0,13,0,100,g,,
5940541242017,Fiori Din Guarana,,Figa,7,0,1.2,0,100,ml,250,
5940541480099,Suc natural mere coacaze,,Artesana,51,0.3,12.1,0,100,g,,
5940541480129,artesana branza de vaci cu rosii,,Artesana,81,15.5,3.9,0.3,100,g,320,
5940541480136,Branza De Vaci Cu Marar,,Artesana,83,16.1,3.8,0.4,100,g,100,
5940541535171,Coca Cola Cherry,,Coca Cola,46,0,11.4,0,100,ml,330,330
5940541535560,Lovely Melons,,Playboy,14,0,3.1,0,100,ml,330,
5940541553564,Peanut Caramel & White Chocolate Bar,,Warcry,396,36,30,18,100,g,55,
5940541555193,Whey X5,,Genius Nutrition,376,76.9,7.6,2.7,100,g,33,
5940541555360,Iso Protein,,Genius,382,86.5,3.7,2.2,100,g,,
5940541555377,Isolate X5-Wheysquick Chocolate,,Genius Nutrition,376,83.3,3.9,2.5,100,g,33,
5940541555452,Preworkout Tropical Twist,,Warcry,280,67.2,2.6,0,100,g,12.5,
5940541789062,Peanut Butter,,Sunday Bites,677,28.3,15.7,52.4,100,g,,
5940568000003,Monster Energy,,Monster,47,0,12,0,100,ml,500,
5940568000065,Punch Monster,,Monster,36,0,9,0,100,ml,500,500
5940568000089,Monster Energy Full Throttle,,Monster,3,0,0.8,0,100,ml,500,500
5940568000102,Monster Energy Ultra,,,2,0,0.9,0,100,ml,500,500
5940568000188,Aussie Lemonade,,Monster,42,0,11,0,100,ml,500,
5940568000270,Zero zahăr (original verde),,Monster Energy,17,0,1,0,100,ml,500,500
5940568000553,Rio Punch,,Monster,30,0,7.7,0,100,ml,100,
5940568000621,Monster Juiced Bad Apple Energy Drink,,Monster,36,0,9.2,0,100,ml,500,
5940577000001,Hell,,HELL,33,0.5,7.4,0.5,100,g,,
5940577000032,Energy Drink Focus+,,Hell,32,0,7.5,0,100,g,,
5940577000117,xixo ice tea dz,,xixo,20,0.5,4.6,0.5,100,ml,,250
5940577000353,Ice Coffee Double Espresso,,Hell,49,2.7,7.7,0.8,100,g,250,
5940577000636,Căpşuni & Lime,,Xixo,19,0.2,4,0.5,100,ml,250,250
5940620000057,Burn Original,,,64,0,16,0,100,ml,,250
5940631000008,Red Bull,,Red Bull,46,0,11,0,100,ml,100,
5940631000022,RED BULL Sugarfree,,Red Bull,3,0,0,0,100,g,100,
5940631000046,Red Bull Pepe Rosu,,Red Bull,45,0,11,0,100,ml,250,
5940631000053,RedBull Afine Canadiene,,RedBull,45,0,11,0,100,ml,250,
5940631000060,Red Bull 🐂 caise,,,45,0,11,0,100,g,,
5940652550032,Raw Smoothie AVO Nation,,Urban Monkey,65,0.6,11.3,1.7,100,ml,250,
5940652710061,Lime Drink,,Lemonaid,27,0,6,0,100,ml,330,
5940696902019,Classic Fries,,Rusty,166,2.5,26.4,4.9,100,g,,
5940696902057,Cartofi pai zig zag,,Rusty,166,2.5,26.4,4.9,100,g,,
5940696902095,Cartofi pai skinny 1kg,,Rusty,143,2.7,21.6,4.5,100,g,,
5940696902132,Rusty Potatoes,,Peny,136,2,21.8,4,100,g,,
59407119,Apă Cu Gust De Căpșuni,,Bucovina,19,0,4.5,0,100,ml,500,
5940714440301,Fresh Sandwich Cu Pui,,Frufru,220,15.9,13.3,11.4,100,g,100,
5940714440332,Cartofi Gratinați Gorgonzola,,Fruru,177,7,13.9,9.9,100,g,,
5940714440417,FruFru Goat cheese salad,,FruFru,145,6.4,9.8,8.9,100,g,100,
5940733173112,Carolina Reaper Cheese Curls,,Herr’s,552,5,55,34,100,g,113,
5940741585006,Coconut water,,HIWATER,22,0,5.5,0,100,ml,320,320
5940741585020,Apa de cocos,,Hiwater,25,0,6.2,0,100,ml,320,330
5940741585037,Passion Pop,,HiWATER,30,0,7.5,0,100,ml,320,
5940741585044,Strawberry Punch,,HiWATER,27,0,6.8,0,100,ml,320,
5940741585051,Choco Coco Premium Hydration Natural Energy drink,,HiWater,33,0.3,6.2,0.8,100,ml,320,
5940741586379,Hummus Cu Muguri De Pin,,City Grill,358,7.2,12.5,30.7,100,g,,
5940763120452,Cremă brawnză,,Rawckers,321,11,11,26,100,g,,
5940763361053,Zmeura & Lychee,,Sipit,14,0,2.4,0,100,ml,100,
59409526,Schweppes cu vișine si gust de piper,,Schweppes,18,0,4,0,100,ml,,500
5941000018389,Star Pufuleți Sare,,Star,477,6.4,61,29,100,g,30,80
5941000024229,Corn Puffs Star W Cascaval 90G 1 / 20 1.6KG / Box,,Star,528,4.3,54,32,100,g,,90
5941000025226,Mix Star,,Star,521,5.7,61,28,100,g,90,90
5941000025561,Lay's MaXx Paprica,,Lay's,528,6.6,49,33,100,g,30,
5941000025677,Salt Chips,,Lay's,538,6.4,47,35,100,g,,
5941000027374,lays s,,Lay's,538,6.4,47,35,100,g,30,
5941000027411,Smântânâ și mărar,,Lay's,519,6.9,52,30,100,g,60,60
5941000029996,Lay's Pui cu mirodenii (Chicken with spices),,Lay's,518,6.6,52,30,100,g,,60
5941000030114,Doritos Salt,,Doritos,471,6.5,64,20,100,g,,90
5941000030664,Doritos Nacho Cheese,,Doritos,480,6.8,61,22,100,g,90,
5941000030671,Doritos Hot Pepper,,Doritos,480,6.5,60,23,100,g,,90
5941000030695,Doritos Sweet Chilli,,Doritos,480,6.3,60,22.3,100,g,30,90
5941000030701,Doritos,,Doritos,480,6.8,61,22,100,g,30,
5941000030732,Star Pufuleți Cașcaval,,Star,543,6.1,58,32,100,g,100,80
5941000030749,Star Pufuleți Arahide și Alune,,Star,515,13,54,27,100,g,30,80
5941000030756,Star Pufuleți Pizza,,Star,467,6.2,57,24,100,g,,
5941000030763,Popcorn cu gust de cașcaval,,Star,473,10.3,51,23,100,g,,80
5941000031180,qips,,Lays,517,6.8,52,30,100,g,,
5941000031821,Cheetos cașcaval și sunca,,Cheetos,494,6.1,62,24,100,g,,
5941000031920,lays cașcaval,,Lay's,517,6.5,52,30,100,g,,125
5941000031968,Lay's Barbecue,,Lay's,521,6.6,53,30,100,g,,125
5941000032002,Lay's Ciuperci de pădure și smântână,,Lay's,520,6.5,53,31,100,g,,
5941000032194,Lay's Rumeniți În Cuptor Sare,,Lays,443,5.5,71,14,100,g,100,105
5941000032231,Lay's Oven Baked Iaurt și plante aromatice,,Lays,441,5.9,70,14,100,g,,105
5941000032255,Lays's Oven Baked Ciuperci Chanterelles,,Lay's,441,5.7,69,14,100,g,,
5941000032279,qips,,Lay's,520,6.8,53,30,100,g,60,
5941000032293,Lay's Maxx Cheddar Și Ceapă,,Lays,519,6.7,53,30,100,g,100,
5941000032330,Lay's Wavy Hot piri-piri,,,517,6.8,52,30,100,g,30,
5941000033030,Cheese Snacks,,Star,543,6.1,58,32,100,g,100,
5941000033047,Pufuleti Saltareti,,Star,533,6.4,61,29,100,g,,
5941000033092,Cașcaval 40g,,Lays,517,6.7,53.3,30.3,100,g,30,30
5941000033689,lay's coaste 125g,,Lays,156,2.1,16,9.1,100,g,30,
5941000034143,Lays,,Lay's,517,6.7,52,30,100,g,,91
5941000034297,Chipsuri ondulate din cartofi cu gust de porc teriyaki,,Lay's,519,6.5,53,30,100,g,30,
5941000034556,Lays Cu Gust De Cârnați,,Lay’s,509,6,54,29,100,g,110,
5941006101566,Eugenia Original,,Dobrogea,476,5.7,67.4,19.6,100,g,85,36
5941006101634,Eugenia Cacao,,Dobrogea,479,6.5,64.4,20.9,100,g,,36
5941006104901,Dobrogea - Eugenia Family Pack Cookies / Eugenii Pachet Economic 360G,,Dobrogea,472,4.6,66.3,20.8,100,g,,
5941006107216,Eugenii,,Dobrogea,464,4.3,64.4,20.9,100,g,,36
5941006229833,Paine Cu Faina Neagra,,Dobrogea,213,7.6,41,1.1,100,g,,
5941006919567,Toast Alb Clasic,,Gustopan,229,7,46,1.6,100,g,,
5941006921621,Lipie libaneză albă,,,286,8.9,60,0.9,100,g,100,
5941017008106,Joe XXL,,Nestlé,518,5.8,57.9,28.7,100,g,44,44
5941017013353,Joe xxl,,Nestlé,508,5.6,59,27.3,100,g,,46
5941017013384,Joe XXL Napolitane crocante cu crema de lapte invelite in ciocolata cu lapte,,Joe,515,7.2,58.2,27.8,100,g,,46
5941017018532,Maggi supa fidea,,Maggi,318,9.7,57.3,3.5,100,g,,48
5941021000639,Milk & Hazelnut,,Heidi,550,7.5,56.4,35,100,g,40,100
5941021001247,"Heidi Dark Espresso, Zartbitterschokolade mit Kaff...",,Heidi,531,3.2,55,32,100,g,,80
5941021001261,Dark Intense,,Heidi,591,7.8,25,48,100,g,40,80
5941021001674,Dark Chocolate 85% Cocoa,,HEIDI,603,9.3,16,52,100,g,80,80
5941021003203,Dark Chocolate lemon & mint,,HEIDI,550,5,50,32.5,100,g,40,80
5941021005122,Dark chocolate,,Heidi,542,4.4,50,34,100,g,40,80
5941021005832,Grand'or Walnuts,,Heidi,537,7.4,50,37,100,g,,100
5941021007577,Dark Pistachio,,Heidi,532,6.7,49,33,100,g,8,
5941021010317,heidi,,Heidi,550,7.5,52.5,35,100,g,40,80
5941021010331,Grand'or White & Hazelnuts,,Heidi,576,7.8,49,39,100,g,,
5941021011161,Dark & Raspberry,,HEIDI,523,4.3,49,34,100,g,,80
5941021013523,Dark chocolate,,Heidi,546,4.4,50,35,100,g,0.1,80
5941021017101,Dark supreme 95%,,Heidi,734,5.9,6,74,100,g,100,50
5941021022303,Heidi Dark Sour Cherry,,S.C. Heidi Chocolat S.A.,530,4.8,50,32,100,g,80,80
5941021023928,heidi,,Heidi,536,7.6,52,32,100,g,100,
5941021026790,heidi,,Heidi,554,5.6,56,33,100,g,100,
5941021027032,Heidi,,,539,7.4,54,32,100,g,100,
5941028003152,Gogoșari tăiați în oțet,,Râureni,34,1,5.9,0.3,100,g,,680
5941028003978,Zacuscă țărănească,,Raureni,86,0.4,12.8,2.7,100,g,,300
5941028009574,Foi de viță pentru sarmale,,Râureni,13,0.5,2,0.1,100,g,,660
5941028013984,Spanac In Saramura,,Raureni,20,1.7,2.1,0.3,100,g,115,
5941028014219,Dulceata De Ceapa Rosie,,Raureni,284,0.9,67,1.3,100,g,,
5941028015148,Dulceață de Căpșuni Fara Zahăr,,Raureni,248,0.5,60,0.5,100,g,,
5941028015223,Magiun De Prune,,Hanul Boieresc,234,2.1,55,0.4,100,g,10,
5941028016183,Gem De Piersici,,Raureni,252,0.5,60,0.5,100,g,,
5941035004098,Prajitura casei cacao si ciocolata,,,399,5.2,49,20,100,g,100,
5941035007006,Alka prăjitura casei,,Alka,390,0,59,15,100,g,35,
5941035007433,Prajitura casei,,,408,5,50,20,100,g,,
5941035008621,Brownie,,Alka,453,5.1,56,23,100,g,,
5941035009413,Alfers,,,534,5.1,62,29,100,g,,170
5941035009437,Alfers,,alka Alfers,515,4.7,64,26,100,g,100,
5941035009444,Alfers with vanilla cream and cocoa waffle,,Alka,515,5.6,62,26,100,g,,170
5941035009765,Olka Alfers,,Alka Alfers,497,6,65,23,100,g,,170
5941035010587,ALKA ALFERS,,Alka,517,6.3,61,27,100,g,,180
5941035010600,Alka Alfers,,Alka,609,6.3,63,26,100,g,100,180
5941035011263,prajitura casei morcovi,,Alka,399,5.1,50,20,100,g,,
5941035012413,Prăjitură Casei Carrot Cake Cu Cremă De Lapte,,Alla,397,5.2,50,20,100,g,55,55
5941035012444,Banana Bread With Chocolate Cream,,Alka,405,4.9,50,21,100,g,55,
5941035012833,AlkA,,Alka,507,8,55,27,100,g,,170
5941040200034,Magic croissant post,,,329,5,50,12,100,g,,90
5941040500011,Glazed Croissant,,Magic,452,5.8,54.2,23.5,100,g,,90
5941040700022,Madeleines,,Primo,457,6,52,25,100,g,100,250
5941040700039,Primo Madeleines cu pastă de caise,,Primo,432,5.2,52.6,24.6,100,g,,250
5941047800336,Fagaras,,Făgăraș,449,2,66,19,100,g,,30
5941047805911,Baton crema rom,,Rom autentic,471,3.7,60.8,23.3,100,g,30,30
5941047808363,Milk Compound Candies filled with Cappuccino Filling (52%),,Laura,461,1.9,69,20,100,g,,140
5941047809384,sugus classic,,Sugus,403,1.3,83,7.3,100,g,,
5941047813947,Cookie with rum,,Kandia,431,3.9,53,22,100,g,,35
5941047813978,Magura Lapte,,Măgura(prăjitură lapte),438,4.2,50.7,23.6,100,g,,35
5941047814005,Magura Prăjitură cu cacao,,Măgura,439,3.2,53.7,23,100,g,,35
5941047814036,Magura - Strawberry,,Magura,420,3,56,20,100,g,35,35
5941047814746,Baton stafide și rom,,Făgăraș,440,2,66,18,100,g,,45
5941047822338,rom,,rom,437,4.9,51,23,100,g,,35
5941047823892,Rom ciocolată cu lapte,,Rom,465,4,64,21,100,g,,30
5941047827401,Tableta ciocolata,,Rom,476,4.3,63,22,100,g,,88
5941047829214,Praline,,Primola,522,5,60,29,100,g,,105
5941047829931,Chocolate,,Kandia,532,5.5,49,33,100,g,,
5941047829955,40% Cocoa Chocolate,,,519,3.7,58,29,100,g,,
5941047829979,40% cocoa & orange peel,,,531,3.6,59,28,100,g,,
5941047829993,chocolata amaruie 80%cacao,,,554,11,20,44,100,g,,
5941047830012,Kandia ciocolata amaruie 70%,,,541,9.2,29,40,100,g,,80
5941047830197,Cioccolato farcito con crema Rom,,,475,3.9,58,24,100,g,,
5941047830210,Autentic Rom - Ciocolată amăruie 70% cacao şi cremă rom,,Kandia,482,6.3,44,29,100,g,,88
5941047831866,Sugus Halloween Jeleuri gumate cu aroma de cola,,Sugus,315,5.6,72,0.5,100,g,,75
5941047832368,Prăjitură ROM cu vișine,,ROM,389,3.4,52,18,100,g,,
5941047832450,Ciocolată pentru prăjituri,,Kandia,532,5.5,49,33,100,g,,240
5941047833679,Kandia Baton de ciocolată cu cremă de cafea,,Kandia,459,4.7,59,22,100,g,,47
5941047834669,Laura caise,,Laura,509,2.3,61,28,100,g,,
5941047834805,Tabletă cremă coniac,,Laura,501,2.3,59,28,100,g,,92
5941047835062,Rom Cel Dublu,,ROM,473,3.1,61,23,100,g,,25
5941047836649,Făgăraș baton cocos și rom,,,501,4,62,25,100,g,40,40
5941047837264,ROM Buzz,,,571,6.8,51,37.5,100,g,,
5941047837851,Baton caramel sarat,,Baton caramel sărat,437,2.1,73,15,100,g,,40
5941047838285,Papi Lapte,,Primola,487,4,63,24,100,g,,
5941047839015,"Baton Proteic, Ciocolata, Rom, Arahide",,Rom,544,29.3,10,41.5,100,g,41,
5941047839039,"ROM Baton Proteic (ciocolata, rom, cafea)",,Autentic ROM,551,29.3,9.5,41.5,100,g,41,
5941047839411,Bomboane Vitamine,,Sugus,403,1.3,83,7.3,100,g,100,
5941047839435,Gummies,,Sugus,319,6.5,71,0.5,100,g,100,75
5941047839541,Prăjitură Ciocolata,,Măgura,441,3.3,54,23,100,g,,35
5941047839695,fagaras baton cafea,,,485,2.6,63,24,100,g,,
5941047840561,JellyMania,,Sugus,337,4.6,77,0.5,100,g,,75
5941047841384,Baton cu crema rom si crema fistic sarat,,ROM,528,5.5,56,31,100,g,44.5,
5941047841582,"Baton Cu Rom, Crema De Portocale Si Ghimbir",,Rom,488,4.5,58,26,100,g,100,
5941047842732,Milk chocolate with raspberry jellies and meringue granules,,Kandia,524,5.2,59,29,100,g,,80
5941047842824,Baton Ciocolata Cu Gust De Vata De Zahar,,Sugus,460,3.3,68,19,100,g,21,
5941056500029,Ulei Sora Soarelui,,,828,0,0,92,100,ml,10,1000
5941065000459,unt napolact 65%,,Napolact,585,0.3,0.2,65,100,g,,
5941065002873,lapte Napolact,,Napolact,62,3.2,4.5,3.5,100,ml,,1000
5941065004426,"Napolact Sana 3,5 %",,Napolact,59,3.2,3.7,3.5,100,g,,330
5941065004433,Lapte batut 2%,,Napolact,48,3.2,0,2,100,g,,330
5941065004655,"Napolact Iaurt usurel de baut 0,1% grasime",,Napolact,33,3.8,4.1,0.1,100,g,,330
5941065004723,Branza De Burduf,,Raraul,306,19.2,2.9,24,100,g,15,
5941065007885,"Cedra Iaurt din lapte de vacă, bivoliță și oaie",,Napolact,85,3.7,4.1,6,100,g,100,140
5941065008141,84481 Napolact Telemea Huedin,,Napolact,291,20,1,23,100,g,,350
5941065008165,Telemea vaca,,Hochland,314,19,1,26,100,g,20,350
5941065009025,Napolact Sana,,Napolact,59,3.2,3.7,3.5,100,g,,900
5941065009803,"Lapte de consum ecologic 1,5%",,Napolact,44,3.1,4.5,1.5,100,ml,,1000
5941065009827,iaurt Bio,,napolact,61,3.2,3.8,3.8,100,g,140,140
5941065009902,Sana bio,,Napolact,59,3.1,3.7,3.5,100,g,,
5941065009919,Bio chefir,,Napolact,59,3.1,3.7,3.5,100,g,330,330
5941065011363,Iaurt Ecologic 4.5% grasime,,Napolact,81,5.5,4.5,4.5,100,g,,140
5941065011493,Napo.iaurt bio 10%140g,,Napolact,125,4.5,4.2,10,100,g,,140
5941065012018,Iaurt de baut capsuni,,Napolact,68,2.6,10.5,1.7,100,g,230,
5941065012056,unt Napolact 82% gras.,,Napolact,739,0.1,0.1,82,100,g,,180
5941065012407,Iaurt de baut 1.5%,,Napolact,41,3.2,3.7,1.5,100,g,,
5941065012421,Chefir pur si simplu,,Napolact,57,3.2,3.7,3.3,100,g,,330
5941065012438,Chefir,,Napolact,57,3.2,3.7,3.3,100,g,,900
5941065013107,Napolact Iaurt cremos 4% grasime,,Napolact,73,5.5,3.7,4,100,g,,130
5941065013121,Napolact Iaurt cremos 10% grasime,,Napolact,122,4.5,3.4,10,100,g,,130
5941065014173,Iaurt 3%140g napolact,,Napolact,55,3.2,3.7,3,100,g,140,140
5941065014197,Napol iaurt,,Napolact,55,3.2,3.7,3,100,g,,900
5941065014302,Napol casc 12fel,,Napolact,325,24,0.5,25,100,g,20,240
5941065014456,Cașcaval,,Napolact,323,24,0.5,25,100,g,,350
5941065014562,"Bio Chefir 3,3% grasime",,Napolact,57,3.1,3.7,3.3,100,g,,351
5941065014838,Chefir 1.5%,,Napolact,41,3.2,3.7,1.5,100,g,330,
5941065015156,"Napolact Bio Lapte 3,8% grasime",,napolact,65,3.1,4.5,3.8,100,ml,,1500
5941065015170,Lapte Bio 1.8%,,Napolact,44,3.1,4.5,1.5,100,g,,
5941065015217,"lapte 1,5%",,napolact,44,3.2,4.5,1.5,100,ml,100,1500
5941065015279,Gaşcaval Napolact 240g,,Napolact,323,24,0.5,25,100,g,100,240
5941065015590,Pur si simplu Chefir,,Napolact,57,3.2,3.7,3.3,100,g,,800
5941065015729,Mozzarella Felii,,Napolact,292,25,0.5,21,100,g,20,100
5941065016092,Napolact iaurt baut 1.8% zmeura mure 200G,,Napolact,66,2.9,9.6,1.8,100,g,100,
5941065016108,Napolact iaurt baut 1.8% piersica 200G,,Napolact,66,2.9,9.5,1.8,100,g,100,
5941073000427,Monte banato spaghetti 400g,,Monte Banato,370,12,74,2.1,100,g,100,
5941073047132,Saratele cu chimen,,,412,12,74,7,100,g,,110
5941073047149,Monte banato saratele,,Monte Banato,443,12,69,13,100,g,,110
5941101000023,Rostar Picnic Cocoa,,,448,8.8,75.1,12,100,g,,
5941101000191,Coconitos,,RoStar,418,8.7,74,9.3,100,g,,100
5941101005165,Big Fox,,RoStar,475,7.9,74.1,15.7,100,g,,
5941101005660,Big Fox - Biscuiți cu cremă lămâie verde,,RoStar,460,5.1,72,16.6,100,g,30,30
5941101006773,Mirut biscuiti cu crema cacao,,,455,5.7,74,15.1,100,g,,
5941113004439,Făină de grâu,,Grania,344,10.6,72.8,0.9,100,g,,1000
5941113008338,Pâine cu făină de grâu neagră,,Pambac,221,9.7,41.4,0.6,100,g,,400
5941132000870,Mix Pentru Chec,,Dr Oetker,415,6.2,47,22,100,g,100,
5941132002614,Creme Ole,,Dr. Otker,119,2.8,20,2.9,100,g,80,
5941132008739,Cocoa,,Dr. Oetker,366,20,8.9,21,100,g,100,100
5941132012071,Tofu în saramură afumat,,inedit,132,13,1.2,8,100,g,77,300
5941132012095,Tofu in saramurã cu ardei,,Inedit,134,13,1.6,7.9,100,g,,230
5941132012132,tofu cu marar 230g,,,133,13,1.5,7.9,100,g,300,300
5941132020236,"Plain Tofu, In Brine",,inedit,132,13,1.2,8,100,g,,230
5941132024982,Mix pentru gustar de ovaz,,Dr. Oetker,108,3,17,2.6,100,g,,
5941132025040,Dr.Qetker,,Vitalid,103,2.7,17,1.9,100,g,,57
5941132026719,Vitalis - Musli cu măr și scorțișoară,,Dr. Oetker,106,4.8,15,2.7,100,g,,36
5941132028768,Cioco Latte Frișcă,,Dr.Oetker,84,3.7,13,1.7,100,g,175,
5941132031195,Lava cake with caramel,,Dr. Oetker,424,3.5,50,24,100,g,110,220
5941132300024,budincă,,Dr. Oetker,94,3.3,16,1.6,100,g,,
5941132400069,Gelatine 10g,,,348,87,0.2,0,100,g,,10
5941132400090,Cacao,,Dr. Oetker,298,23,10,11,100,g,,50
5941133000121,Prodlacta Brânză Făgăraș,,Prodlacta,111,13,1.3,6,100,g,,200
5941133001388,prodlacta Brânză de vacă 8%500g prodl,,prodlacta,139,15,1.8,8,100,g,100,500
5941133003214,smantana prodlacta 20% 900g,,Prodlacta,203,2.6,3.3,20,100,g,,900
5941133003740,"Lapte prodlacta 3,5%",,prodlacta,61,2.9,4.5,3.5,100,ml,200,1000
5941133003757,"lapte prodlacta 1,5%",,ProdLacta,44,3,4.5,1.5,100,ml,100,1000
5941133004099,prodlacta smantana 12% 375 g,,Pilos,291,2.1,3.1,30,100,g,100,
5941133005096,"prodlacta Iaurt De La Munte 2,8% Grasime",,prodlacta,54,3.2,4,2.8,100,g,145,140
5941133007632,Chefir de la munte 330g,,ProdLacta Brasov,58,3.2,4,3.3,100,g,,330
5941133007649,sana,,prodlacta,61,3.2,4,3.6,100,g,,330
5941133007656,lapte batut prodlacta,,prodlacta,47,0,4,2,100,g,,330
5941138000546,Chefir five continents,,,58,3,4,3.3,100,g,100,
5941138003462,Brânză de burduf,,Carrefour,303,22,2,23,100,g,100,
5941142000020,Făină de grau,,Băneasa,346,10.7,73.1,0.9,100,g,,1000
5941142001539,Malai extra,,Băneasa,347,7,75,1.1,100,g,100,1000
5941142001911,Pesmet baneasa,,,365,11,76.1,1.4,100,g,,
5941142020288,BANEASA fidea,,Baneasa,363,15,63.2,4.8,100,g,42,
5941142022077,Tarralli Masline,,Baneasa,460,9.4,66,17,100,g,,
5941142025009,Orez Brun Integral,,Baneasa,352,7.9,71.7,2.8,100,g,,
5941142025542,Instant Noodles Gust De Pui,,Baneasa,436,8.4,61,19,100,g,60,
5941142026549,Mac & Cheese Trufe,,Baneasa,386,14.2,60,9.5,100,g,,
5941143004249,French Toast clasic,,Vel Pitar S.A.,276,10,51,2.7,100,g,100,600
5941143011285,Paine carofi,,Vel Pitar,240,8,46,1.7,100,g,,800
5941143013661,Pâine cu secară,,Vel Pitar,236,9.2,44.5,1.2,100,g,,500
5941143015740,Grâu întreg de Vel Pitar,,Vel Pitar,230,10.8,36.8,1.7,100,g,,500
5941143016617,Pâine Boierească Albă,,Boierească,249,8.6,48,1.4,100,g,50,700
5941143016624,Graham de vel Pitat,,3 Brutari,235,9.6,42,2,100,g,,700
5941143020256,Covrigei frageziți cu vin alb,,,434,9.2,65,14.1,100,g,,
5941143020454,pâine Domneasca,,Velpitar,238,7.9,47.9,1,100,g,50,1000
5941143021055,Covrigei frăgeziți cu vin,,grand Papa,440,10.1,67,14,100,g,,100
5941143022632,Alba de vel pitar,,500 g,246,9,47.3,1.5,100,g,,500
5941143022670,Pâine Intermediara,,Vel Pitar,244,9.9,46,1.3,100,g,600,
5941143023431,baton 2 frati vel pitar 06934,,Vel Pitar,292,8.4,52,4.8,100,g,,
5941143023721,deplina alba,,depilina,255,10,49,1.2,100,g,300,300
5941143024117,Integral Pretzels,,Grâu Întreg ( VelPitar ),375,17.2,56.5,6,100,g,,250
5941143024179,Deplina pâine cu făină neagră de grâu,,Vel pitar,254,10.9,47.5,1.3,100,g,300,300
5941143026340,Paine 7 seminte,,Chef Gourmand,283,11.6,37.9,8,100,g,100,700
5941143027002,pâine,,,244,7.5,50,1,100,g,,1000
5941143027347,Vel pitar cogonac de post cu nuca si cacao,,Vel Pitar,322,9.4,54.5,6.9,100,g,,500
5941143027491,french toast velpitar,,,236,11.1,39,2.5,100,g,,
5941143028054,Paine Alba Cu Maia,,Hanul Boieresc,245,8.4,49,1,100,g,100,
5941143028337,06258 Franzeluță albă,,Vel Pitar,262,10,50.6,1.3,100,g,150,150
5941143028726,Covrigei Cu Vin Alb,,Extra,424,12,65,12,100,g,100,
5941143028795,Fuego,,Takis,492,5.6,53,27,100,g,100,90
5941143028801,Takis Volcano,,Takis,478,5.8,53,27,100,g,90,90
5941143028832,Takis volcano,,Takis,517,5.5,53,30,100,g,,55
5941143028849,Takis fuego 55g,,Takis,486,5.2,51,27,100,g,55,55
5941143029297,"Paine Alba, Maia De Secara Si Grau",,Granatur,244,9.7,46,1.1,100,g,,
5941143029303,Granatur Două Maiele pâine cu făină integrală și semințe de in,,Granatur,240,10.9,41,2.2,100,g,,
5941143029310,Paine Doua Maiele,,Granatur,233,9.9,42.3,1.6,100,g,33,
5941164002156,Halva cacao,,,542,12.7,32,37.9,100,g,,200
5941164003535,Pufarine,,Feleacul,357,7.2,78,1,100,g,,
5941164005027,Halva Din Floarea Soarelui,,Feleacul,543,16,47,32,100,g,45,
5941168000066,Cremă Gulaș Dulce,,Univer,122,2.2,12,8,100,g,25,
5941168000271,Hrean In Otet Univer,,Univer,141,1.5,19,5.2,100,g,,200
5941168000523,Mayonnaise,,Univer,514,0.5,8.5,53,100,g,,420
5941168000998,Hren in otet,,Univer,141,1,20,5,100,g,,
5941168001278,Sos Usturoi cu pulpa de usturoi (garlic Sauce),,Univer,368,0.7,9,35.8,100,g,,420
5941168001285,Remoulade,,Univer,491,0.4,8.3,50.4,100,g,,
5941168001940,Mayonnaise,,Univer,486,0.2,8.1,50,100,g,,
5941168002954,Ketchup,,Univer,106,1.5,23,0.3,100,g,,
5941168002961,Sos Maioneză,,Univer,514,0.5,8.5,53,100,g,20,620
5941168003944,Sos Chips,,Univer,440,0.4,11,43.5,100,g,,420
5941168005566,Maioneza Light,,Univer,272,0.9,10,25,100,g,,
5941173000983,Covalact iaurt cremos140g,,covalact,75,5.1,2.3,5,100,g,140,140
5941173001225,iaurt covalact 900g 3%,,Covalac5,59,3.4,4.5,3,100,g,,900
5941173400868,"Covalact Iaurt 2,8% grasime",,Covalact,53,3.2,3.8,2.8,100,g,,375
5941173401438,Sana Covalact,,sana,60,3.3,3.6,3.6,100,g,,900
5941173401711,Lapt bătut 900g cvl,,Covalact,46,3.4,2.7,2,100,g,,
5941173402039,"Lapte de consum integral standardizat 3,5% grăsime",,Covalact,62,3,4.5,3.5,100,ml,,1000
5941173402121,"Covalact br de vaci 0,5 % Grăsime",,covalact,81,17,2,0.5,100,g,200,
5941173402824,Iaurt Covalact de tara,,Covalact,53,3.2,3.8,2.8,100,g,,900
5941173402893,Bulgărași de brânză cu smântână,,Covalact,96,10.5,0,5.5,100,g,180,180
5941173403395,smantana ardeleneasca covalact 370g,,Covalact,161,3,3.6,15,100,g,,370
5941173403432,bulgarasi usori,,covalact,76,12,2.7,2,100,g,180,180
5941173403784,Brânză 6%covalact 200g,,Covalact,118,13,3,6,100,g,200,
5941173404156,Covalact bulgaras sare 180g,,Covalact,98,11,1,5.5,100,g,180,180
5941173404170,covalact Făgăras 8 % Fat,,Covalact,116,8.5,2.6,8,100,g,100,185
5941173404378,Chefir ușor 900g cvl,,Covalact,34,3.4,3.6,0.7,100,g,100,
5941173404743,sana 330g covalact,,covalact,60,3.3,3.6,3.6,100,g,100,
5941173404767,"Covalact chefir 3,3%",,,57,3.2,3.6,3.3,100,g,,330
5941173404774,chefir ușor cvl,,covalct de țară,34,3.4,3.6,0.7,100,g,,330
5941173404781,Iaurt de capră de băut,,Covalact de Țară,61,3.8,3.9,3.3,100,g,330,330
5941173405047,iaurt cremos Covalact 900g,,covalact,84,4.6,5.2,5,100,g,,900
5941173405108,Covalact Iaurt BIO 300g,,Covalact,62,3.2,3.8,3.8,100,g,,300
5941173406051,Covalact brânză devaci 1kg,,Covalact,118,13,3,6,100,g,100,1000
5941173406136,Făgăraș Cu Un Strop De Sare,,covalact,112,7.8,2.5,8,100,g,185,185
5941173406303,telemea vaca covalact,,covalact,277,17,0.2,23,100,g,200,200
5941173406365,Covalact lapte prins 330g,,Covalact,61,3.4,3.8,3.6,100,g,330,
5941173406549,Branza fina de vaci,,Covalact,87,11,3,3.4,100,g,200,
5941192101838,"LaDorna lapte UHT 1,5%",,La DORNA,44,3.1,4.5,1.5,100,ml,,1000
5941192107830,"Lapte dorna 3,5 UHT",,LaDorna,44,3,4.5,1.5,100,ml,200,1000
5941192108226,Smântână 32% 200ml,,La Dorna,307,2.4,2.3,32,100,ml,,200
5941192108240,Smantana de gatit 15% 200g,,LaDORNA,163,3,3.9,15,100,ml,,200
5941192108998,Crema de branza,,La Dorna,245,7,2.5,23,100,g,,200
5941192109261,Brânză Cremoasa,,President,220,13.5,2.2,17.5,100,g,42,250
5941192109278,Prezident br cremoasă,,President,220,13.5,0,17.5,100,g,550,500
5941192110335,Création cheese,,President,250,5.5,2.7,24,100,g,,1000
5941192110359,President Cream Cheese 180G,,President,250,5.5,2.7,24,100,g,,180
5941192110519,la dorna smantana de gatit,,Dorna,206,2.5,4,20,100,ml,,200
5941192110861,la dorna UHT,,albalact,44,3.1,4.5,1.5,100,g,,
5941192110885,LaDorna Lapte Fără Lactoză,,LaDorna,62,3,4.5,3.5,100,ml,100,
5941192111387,"LaDorna Iaurt BIO 3,8% grăsime",,LaDorna,62,3.2,3.8,3.8,100,g,,140
5941192111981,Zile usoare iaurt natur,,LaDORNA,61,8,2.7,2,100,g,150,150
5941192112247,frisca la dorna 200ml,,La Dorna,343,2.5,4.5,35,100,ml,200,200
5941192112285,Cottage Cheese,,PRESIDENT,68,9.8,2.2,2.2,100,g,180,
5941192112292,Cottage Cheese Lactose free,,PRESIDENT,68,9.8,2.2,2.2,100,g,100,180
5941192112483,Frisca 35%,,LaDorna,343,2.5,5.4,35,100,g,,
5941194000023,Croco roco,,,488,8,68,19,100,g,,
5941194000061,Crackers,,Croco,508,8.3,60,25.4,100,g,,400
5941194000139,Brezel,,Croco,392,9.9,67.9,8.5,100,g,,
5941194000191,Croco Crackers Salted,,,508,8.3,60,25.4,100,g,,
5941194001013,Croco Biscuiți cu cremă de cacao,,Croco,470,6.5,67,19,100,g,32,32
5941194001365,Sticks cu susan,,Croco,437,10.9,68.3,12.6,100,g,,40
5941194001563,Sticks,,Croco,403,10.1,70.9,8.2,100,g,25,
5941194001600,Stiks,,croco,437,10.9,68.3,12.6,100,g,,80
5941194002331,Biscuiți cu cremă de cacao,,Croco,488,8,70,14,100,g,,25
5941194002423,Crackers & Brezel Mix,,croco,476,8.8,64,19.9,100,g,,250
5941194002959,Crackers Croco W Sesame,,Croco,492,9,62.6,22.3,100,g,,150
5941194003710,Crackers cu Semințe,,Croco,514,9.8,58,27,100,g,25,150
5941194004434,Croco pufuleti,,,484,7.5,76.5,15,100,g,,85
5941194005172,Snacks cu cartofi și ketchup,,Croco,517,6.2,53.8,29.2,100,g,,50
5941209001571,Delicios iaurt cu caise 400 gr,,Danone,79,3.6,11.7,2,100,g,,400
5941209002271,Danone iaurt băut,,Danone,43,3.2,3.6,1.8,100,g,,490
5941209002479,"Danone iaurt natural 1,8% grasime",,Danone,43,3.2,3.6,1.8,100,g,,100
5941209006941,danone cu biscuiti 125G,,Danone,84,3.6,12.8,2,100,g,125,
5941209009201,Danette,,Danette,123,3.2,23.3,1.9,100,g,125,500
5941209009508,casa buna smantana 12% 370 g,,Danone,130,2.6,2.8,12,100,g,,370
5941209010092,Activia fulgi porumb 168g,,Danone,110,4.4,16.3,3,100,g,,
5941209010115,Activia mic dejun cereale,,Activia,108,4.6,15.5,3.1,100,g,,168
5941209010139,DanoneActivia mic dejun,,Activia,108,4.2,16.4,2.8,100,g,,168
5941209011907,Bifidus actiregularis (Fraise),,DANONE,62,2.8,9.9,1.2,100,g,320,320
5941209011921,Activia fibre,,Activia,60,2.9,9.7,0.9,100,g,,320
5941209011945,Yaourt liquide aux fruits rouges,,Activia,64,2.8,9.8,1.3,100,g,320,
5941209012157,danone iaurt baut,,Danone,43,3.2,3.6,1.8,100,g,,350
5941209012690,Danone Sana Iaurt 320 G,,Danone,62,3.5,3.9,3.6,100,g,,
5941209013772,Activia cu nuci si ivaz,,,91,3.7,11.4,3.4,100,g,,125
5941209013963,Yaourt fruit rouges,,Danone,81,3.6,12.1,2,100,g,,
5941209014076,"Iaurt 3,5 % Grăsime",,Danone,60,3.1,3.9,3.5,100,g,130,130
5941209014298,Actimel frc. Pădure 8x100g,,Danone,77,2.8,12,1.5,100,g,,800
5941209015189,Danone Cremosso Stracciatella,,Danone,114,3.5,14.8,4.6,100,g,200,400
5941209016056,Activia bifidus actiregularis Chia,,Activia,56,3,8.8,1,100,g,,320
5941209016476,Activia bifidus actiregularis,,Activia,118,4.3,14,4.6,100,g,220,
5941209016582,ayran,,Danone S.A.,26,2,2.3,1,100,g,320,320
5941209016643,Danone Cremosso Tentatii Iaurt cremos cu gust de tiramisu,,Danone,160,2.9,18.2,8.4,100,g,,110
5941209016667,Danone Cremosso Tentatii Iaurt cremos cu gust de tarta cu branza si afine,,Danone,156,2.8,17.2,8.4,100,g,,110
5941209016681,Danone Cremosso Tentatii Iaurt cremos cu banane si caramel,,Danone,156,2.7,17.5,8.3,100,g,,110
5941209017244,Danone iaurt stil grecesc 375g,,Danone,84,5.2,3.7,5.4,100,g,125,
5941209017268,Yopro,,Danone,59,8.3,5.4,0.5,100,g,300,300
5941209017329,YoPRO,,Danone,56,9.3,3.6,0.1,100,g,100,160
5941209017381,Danone Fantasia Iaurt de băut cu caramel și cafea,,Danone,91,2.4,11.6,3.9,100,g,,240
5941209017404,Jogurt do picia o smaku białej czekolady i pistacji,,Danone,90,2.6,12,3.6,100,g,120,240
5941209018302,Iaurt,,Danone,76,2.8,12,1.5,100,g,,
5941209018692,Danone Activia Iaurt fără zahăr adăugat,,Danone,106,5.2,13.7,3.3,100,g,,168
5941209018739,"Desert cu soia, aromă de vanilie",,alpro,87,3.2,14.2,1.8,100,g,,125
5941209019446,Actimel căpșuni,,Danone,76,2.8,12,1.5,100,g,100,400
5941209019460,actimel frc.de pădure,,danone,77,2.8,12,1.5,100,g,,
5941209019583,YoPRO Vanilla,,Danone,59,8.3,5.3,0.4,100,g,291,
5941209021081,Activia - Capsuni - Kiwi,,danone,60,2.9,10.1,0.9,100,g,250,250
5941209021869,Activia Banane Mere Cirese,,Activia,46,2.9,7.3,0.5,100,g,250,250
5941209021883,Yogurt With Pineapple Banana & Pech Without Sugar,,Activa,47,3,7.5,0.5,100,g,250,250
5941209023429,danone Iaurt natural 400 grame,,Danone,60,3.1,3.9,3.5,100,g,400,
5941209023498,"Iaurt cu pere, smochine, chia",,Activia,73,4.1,6.5,3.1,100,g,150,
5941209024907,Activia,,Danone,63,2.8,9.8,1.2,100,g,320,
5941209024969,Iaurt Fiber Breakfast w/ Red Fruits & Cereal,,Activia,102,3.5,11.2,4.3,100,g,170,
5941209025089,Iaurt Grecesc 10% grăsime,,Danone,115,3.2,3.1,10,100,g,140,140
5941209025102,Danone iaurt in stil Grecesc,,Danone,115,3.2,3.1,10,100,g,,375
5941209025454,Budinca Paris Brest,,Danette,156,3,20,7,100,g,90,
5941213000850,Fortuna verde,,,397,14.4,40.2,15.4,100,g,,
5941218004136,Salata Dacia,,eisberg,36,1.2,7,0.3,100,g,,180
5941221001856,covalact iaurt cremos 300g,,covalact,75,5.1,2.3,5,100,g,300,
5941223000079,Zahăr Alb mărgăritar,,Margaritar,400,0,100,0,100,g,10,1000
59412298,DELICIOS căpșuni,,Danone,81,3.7,12,2,100,g,,125
59412304,Yaourt Danone caise,,Danone,63,3,9.6,1.6,100,g,125,125
59412311,Danone Delicios fr păd,,Danone,82,3.7,12.8,1.9,100,g,125,125
5941232409580,Fulgi de cereale - Musli ecologici,,Dried fruits,349,9.7,53,3.1,100,g,,500
5941237000829,Boni,,,269,2.9,2.9,26,100,g,,900
5941237001291,"Iaurt 3,5% grăsime",,Boni de tot,55,3,4,3,100,g,,900
5941237001635,Iaurt cremos in stil grecesc,,,123,3.7,4.5,10,100,g,,140
5941237001734,"Lapte Integral 3,5%",,Classic,61,3.2,4.2,3.5,100,g,,
5941238003331,Hochland Cascaval pane,,Hochland,312,16,25,16,100,g,75,150
5941238005021,Hochland,,Hochland,244,9,4.8,21,100,g,,280
5941238005052,Telemea 350g,,Hochland,279,15,0.7,24,100,g,100,350
5941238005076,Hochland Telemea cu verdeturi,,Hochland,279,15,0.7,24,100,g,,150
5941238005090,Hochland Cascaval clasic 250g,,Hochland,328,23,0.5,26,100,g,,250
5941238005106,Hochland Cașcaval afumat 250 grame,,Hochland,328,23,0.5,26,100,g,,250
5941238005113,Hochland Cașcaval clasic 450 grame,,Hochland,328,23,1,26,100,g,,450
5941238005311,Telemea de vaca,,Hochland,280,13,0.7,25,100,g,,
5941238005663,Telemea Light,,Hochland,219,20,1,15,100,g,100,150
5941238006196,Hochland branza triug sunca 280g,,Hochland,197,11,0,15,100,g,100,
5941238006516,Cașcaval Light hochland,,Hochland,227,18,0.5,17,100,g,18.8,250
5941238007438,Brânză topită cu șuncă,,Hochland,200,9,5,16,100,g,,
5941238009630,Cașcaval clasic,,Hochland,328,23,0.5,26,100,g,,850
5941238010605,29629 branza topita cu smantana,,hochland,220,12,4.8,17,100,g,100,140
5941238010612,Brânză topită cu Caşcaval,,Hochland,242,15.5,4.5,18,100,g,100,140
5941238010629,Brânză topită cu șuncă,,Hochland,240,15,4,18,100,g,100,140
5941238010643,Brânză topită cu Smântână,,Hochland,240,15,4.5,18,100,g,20,
5941238012241,Cașcaval clasic,,Hochland,296,24,0.5,22,100,g,,
5941238012692,Hochland Feta din lapte de oaie si capra,,Hochland,287,17.5,0.2,24,100,g,,150
5941238012890,Hochland Telemea de capră,,Hochland,284,16,1,24,100,g,,200
5941238013040,Mozzarella,,,307,24,1,23,100,g,50,300
5941238013309,Brânza topita cu Cedar,,Hochland,241,15,4.8,18,100,g,20,140
5941238013965,branza top cu cedar hochland,,Hochland,241,15,4.8,18,100,g,,
5941238014047,cremă de brânză proaspătă cu verdeață,,Almette,248,5.4,4.8,23,100,g,100,250
5941238014207,Mozzarella,,Hochland,251,19,1,19,100,g,100,
5941238014320,Halloumi slices,,,320,22,1.8,25,100,g,100,
5941238014528,Sliced Mozzarella,,Hochland,251,19,1,19,100,g,100,300
5941238014863,hochland Mărgele branza,,,92,11,2,4.4,100,g,180,
5941238014962,Branza Extra Cremoasa,,hochland,242,14,1.5,20,100,g,100,
5941238015211,hochland Cascaval Afumat 2x7felii,,Hochland,314,24,0.5,24,100,g,,280
5941238015235,Brânză de vaci,,Hochland,114,17,3.5,3.5,100,g,100,275
5941238015303,Cașcaval Afumat,,Hochland,314,24,0.5,24,100,g,18.8,
5941238015495,Mozarella Sticks,,Hochland,261,12,21,14,100,g,,
5941238015655,"Cremă de brânză proaspătă, fără lactoză",,Almette,260,6.3,2.4,25,100,g,100,
5941238015723,Hochland mozzarella 6 felii,,Hochland,307,24,1,23,100,g,100,100
5941238015785,Special Pentru Paste,,Hochland,304,21,10,20,100,g,50,100
5941238015808,Special pentru Pizza,,Hochland,324,25,2,24,100,g,100,150
5941238015822,Mozzarella Rasă,,Hochland,289,24,0,21,100,g,100,150
5941238015914,hochland Select Gouda,,Hochland,362,23,0,30,100,g,100,
5941238016034,Cașcaval Ras,,Hochland,314,24,0.5,24,100,g,100,
5941238016089,branza topita cu cedar,,Hochland,193,10.5,5.1,14.5,100,g,140,
5941238016232,Hochland Select Emmentaler 200g,,Hohland,342,27,0,26,100,g,100,
5941238016270,hoch creme classic 350,,Hochland,217,5.8,3.5,20,100,g,,350
5941238100054,Hochland Mixtett Classico Triunghiuri Branza Topita,,Hochland,209,11.5,4.8,16,100,g,17.5,140
5941247000291,Telemea de vacă,,president,277,17,0.2,23,100,g,,200
5941259005338,campofrio victoria,,Campofrio,165,13.5,5.3,10,100,g,,800
5941259012398,Șuncă Praga Caroli,,Caroli,97,14,3.5,3,100,g,100,100
5941259013784,Caroli mușchi file,,,95,17.5,0.4,2.6,100,g,,100
5941259013821,Șunca de pui,,Caroli,93,19,1,1.5,100,g,100,
5941259016419,Crenvurști cu piept de pui,,Caroli,252,12,3.7,21,100,g,100,450
5941259016686,caroli Cabanoși 450 grame,,Caroli,303,16.2,1.1,26,100,g,,450
5941259016761,Jambon De Praga,,Sissi,106,18.3,0.9,3.2,100,g,,
5941259016822,Humus Clasic,,Maestro,212,8.5,16.9,12.3,100,g,100,
5941259017140,caroli Salam muscel,,Caroli,275,16,1.1,23,100,g,,350
5941259017164,Caroli Salam cozia,,Caroli,285,16,1.2,24,100,g,,350
5941262000238,"La curte, ouă Dr găină",,Familia Toneli,130,12.9,0.7,8.4,100,ml,100,
5941262002096,Toneli oua 10 bucăți,,,134,12.2,1.3,8.9,100,g,,
5941265000228,CrisTim Salam Victoria 400 grame,,CrisTim,126,12.7,2.4,7.3,100,g,,400
5941265000396,Salam săsesc,,,269,19,1,20,100,g,,
5941265000419,Salam Sasesc,,CRIS-TIM,310,16.3,1.4,26.3,100,g,,350
5941265000433,Salam Sasesc felii,,cristim,236,17.9,1.4,17.8,100,g,,100
5941265000730,Cris-Tim Salam Sinaia,,cristim,409,21.7,0.5,35.2,100,g,100,100
5941265002840,cristim Salam Banatean 340 grame,,bănățean,452,23.8,0.6,39.1,100,g,100,340
5941265005735,Pasta Vegatala Tartinabila Cu Ceapa Verde,,Cris-Tim,234,3.4,2.5,23,100,g,,
5941265008903,salata a la russe,,cristim,97,1.9,10,5.5,100,g,100,250
5941265008910,Cristim Salata Boeuf Cu Carne De Pui,,CRIS-TIM,113,9.4,7.1,5.2,100,g,,250
5941265010463,Salata De Vinete Cu Ceapa,,Cris-Tim,137,1.2,6.2,11.7,100,g,250,250
5941265011859,humus cristim,,cristim,190,6.9,15.5,10.6,100,g,100,250
5941265012641,Chiftele pui cris,,CrisTim,238,18.8,14.2,11.9,100,g,100,200
5941265012665,Snitel din piept de pui,,Cris tim,184,23,8.8,6,100,g,100,200
5941265012672,CRIS-TIM) SNITEL DE PORC,,Cris-Tim,206,19,12,9,100,g,200,200
5941265012696,Cris-tim piept de pui gratar,,Cris-Tim,162,33,0.4,3,100,g,100,200
5941265012962,Parjoale,,cristim,318,13.9,16.9,21.6,100,g,100,
5941265016960,Sal turist Cris.500g,,,333,14,13,30,100,g,,
5941265018575,muschi file matache macelaru,,matache macelaru,102,19,1,2,100,g,,
5941265018582,Mușchi Țigănesc Matache felii 100g,,Matache Macelaru',143,17.1,0.4,8.3,100,g,,100
5941265019091,Tobă curcan 300g cristim,,cristim,112,17.9,0.6,4.2,100,g,,
5941265019954,Sunca Piept Pui,,Sisi,94,18,2.2,1.5,100,g,,
5941265020004,Cristim mușchi file felii 100g,,cristim,107,18.7,0.7,2.7,100,g,15,100
5941265020011,Mușchi Azuga fel.cristim,,Cris Tim,95,16.5,0.9,2.5,100,g,100,100
5941265020028,Cris Tim Bacon,,cristim,238,20.9,0.7,16.8,100,g,100,100
5941265020042,cristim Șuncă piept curcan felii,,CrisTim,112,23.1,0.2,1.7,100,g,100,100
5941265020691,Mușchi Țigănesc,,Criș - Tim,146,17.1,0.4,8.3,100,g,100,100
5941265020875,cristimSalam de sibiu,,Crist Tim,437,29.2,0.5,39.5,100,g,,100
5941265025504,CrisTim Bacon,,cristim,238,20.9,0.7,16.8,100,g,100,300
5941265026945,Cârnați Sticks cristim 170G,,Cris-Tim,477,26.1,2.5,40.3,100,g,170,170
5941265028109,Cristim Salam Victoria,,Cris-Tim,107,14.9,2.5,4.2,100,g,100,
5941265031239,Cristim crenvurști porc extra 300 grame,,CRIS-TIM,208,14.3,2.6,15.6,100,g,50,300
5941265031444,sunca PRAGA matache macelaru,,,103,18,0.7,3,100,g,,150
5941265031581,cristim Crenvursti Din Piept De Pui Extra250 grame,,cristim,243,16,0.5,20.1,100,g,100,250
5941265032106,Cris-tim cașcaval clasic,,Cris Tim,287,23,1.4,21,100,g,100,250
5941265032151,"Chefir 3,3%grasime 900 grame",,Cris-tim,59,3.4,4,3.3,100,g,,900
5941265032403,Cris-tim mozzarella gourmdt,,Cris Tim,237,20,1.5,16,100,g,100,300
5941265033028,Polonezi,,cristim,222,11.8,0.8,18.9,100,g,220,440
5941265033639,Ajvar,,Cristim,72,3,7.5,3.5,100,g,170,
5941265034346,cristim carnati gratarescu 260 grame,,Gratarescu,293,18,0.7,24,100,g,100,260
5941270002187,Înghețată De Vanilie Ciocolată,,Bucovina,275,5,30,15,100,g,55,
5941294000060,Ardealul - Carnați cu fasole,,Ardealul,122,6,11,6,100,g,,300
5941294000077,Ardealul Costița cu fasole,,Ardealul,122,6,11,6,100,g,,300
5941294000695,Făinoșag,,Ardealul,251,2.4,8.6,23,100,g,100,
5941294000831,PATE PORC,,ARDEALUL,224,9.5,6.1,18,100,g,,200
5941294001029,Pate De Porc,,Ardealul fainosag,196,9,4,16,100,g,100,
5941294001081,Pate De Pui,,Ardealul,210,10,6.6,16,100,g,100,
5941294002149,Tomi Sos cu usturoi🙂,,Tomi,344,0.5,10,33,100,g,,430
5941294002163,SOS STREET F00D,,Tomi,419,0.9,11,41,100,g,,450
5941300000800,Boromir Malai Extra,,Boromir,350,7.2,78,1,100,g,100,1000
5941300000817,Mălai,,Boromir,352,7.3,77.7,1.3,100,g,,
5941300001104,Fâinâ albâ superioarâ 000,,Boromir,347,10.3,74.2,1.1,100,g,,
5941300001463,Finger sponges,,Boromir,382,8.2,76.8,4.1,100,g,,400
5941300003368,Cake Cozonac Boromir W Walnuts & Raisins 450G 1 / 1,,Boromir,394,12.1,44.5,18.7,100,g,,450
5941300004266,Conrnulete Cu Rahat,,Boromir,450,4.5,63,20,100,g,,
5941300004600,Pasta branza si stafide,,Boromir,348,7.5,48,14,100,g,,650
5941300004815,Croissant ciocolata rom,,Boromir,385,6.4,54,15.5,100,g,,50
5941300006406,Cozonac cu crema de lapte,,Boromir,346,8.5,51,12,100,g,100,
5941300007083,Boromor tiramisu,,Boromir,379,5.7,64.6,11,100,g,,
5941300007137,Tortulet de Biscuiti cu Stafide,,Boromir,392,7,68.5,10,100,g,50,50
5941300007670,Cozonac,,Boromir,415,9.8,43.5,22.3,100,g,,
5941300008080,Cocoa sponge cake,,Boromir,278,7,54,3,100,g,,380
5941300011837,Cozonac Crema decNuca,,Boromir,220,7,25,10,100,g,,
5941300011844,Cozonac crema de nuca si stafide,,Boromir,381,9,48,17,100,g,100,450
5941300011851,cozonac,,Boromir,368,10.1,53.7,12.5,100,g,,90
5941300012193,Tortulet de biscuiți,,Boromir,391,6.8,69,9.8,100,g,50,
5941300012261,Boromir felie cozonac,,Boro,396,9,45,20,100,g,,80
5941300012346,Cozonac Însiropat Nuci & Cacao,,Boromir,356,7.9,45,16,100,g,,
5941300012353,Cozonsc insirupat nuci & cirese,,Boromir,347,9.3,46,14,100,g,,4950
5941300013220,Mini chec lapte,,Boromir,333,5.3,60,8,100,g,50,50
5941300013244,Chec Mini Cu Capsuni,,Boromir,326,5,63,6,100,g,50,
5941300013503,Chec Mini Umplutura Cu Visine,,Boromir,326,5,63,6,100,g,100,
5941300013541,Croisant Vișine,,Boromir,415,7,54,19,100,g,60,60
5941300014531,DuoFino,,Boromir,408,7,50,20,100,g,75,
5941311001162,Ketchup picant,,Regal,85,1,20,0,100,g,,450
5941311001506,Viva Cocoa Cream Filled Pillows,,Viva,474,6.4,70,18,100,g,,100
5941311001674,Cocoa cream filled pillows,,Viva,472,6,70,18,100,g,35,200
5941311001681,Viva - Hazelnuts Pillows / Viva Pernite Alune,,Viva,478,6,70,18.8,100,g,,200
5941311001698,Viva cereale vanille,,Viva,470,6,70,18,100,g,,200
5941311001957,Viva Hazelnut Cream Filled Pillows 100g,,Viva,478,6,70,18.8,100,g,,100
5941311001988,Viva,,Viva,473,6,70.8,18,100,g,,100
5941311002039,Viva Strawberry Cream Filled Pillows 100g,,Viva,479,5.6,70.8,18.8,100,g,,100
5941311002879,Denk,,Viva,524,5,62,28,100,g,,100
5941311003173,Viva Chips Sour Cream & Dill Style 100g,,Viva Chips,506,5,64,25,100,g,,100
5941311003678,Viva Chips Chicken,,Viva,544,5,60,31,100,g,100,100
5941311003685,Viva chips,,,544,5,60,31,100,g,,
5941311009793,Sos Usturoi 410G Regalsalsa D'aglio 410G Regal,,Regal,305,0.3,8,30,100,g,,
5941311011956,choco Rolls,,viva,479,7.3,64,20.5,100,g,100,100
5941311013882,Snacks rulouri cu cremă de căpșuni,,Viva!,480,6,67.6,20,100,g,,100
5941311014728,Olla crunch,,Solid Food,480,5,70.6,19,100,g,,100
5941311022921,Crunchy Chips Bacon,,Viva,553,6,57,33,100,g,,
5941311023904,Waffers With Milk Cream Chocolate Glaze,,Naty,547,7,57,32,100,g,10,
5941311023935,Viva King,,,473,5,74,17,100,g,65,65
5941312001291,Smântână,,Carrefour,135,2.8,3.8,12,100,g,,900
5941312001765,"Yogurt 0,1%",,KClassic,33,3.8,4.1,0.1,100,g,150,
5941312003240,Iaurt Cu Specific Grecesc 10%grasime,,Carrefour,124,4,4.5,10,100,g,100,400
5941312003349,Iaurt în stil grecesc cu piersici și fructul pasiunii,,Sanlacta,134,4,10.5,8.4,100,g,,
5941315080026,Parizer vegetal,,Fito-Fitt,176,14,3,12,100,g,,
5941330004496,Salata de acasa de icre cu crap si ceapa,,,554,1.8,1.1,60.3,100,g,,75
5941330008470,File de Somon afumat și feliat,,Gastronatura,206,17.3,2.1,14.2,100,g,100,
5941330008920,File de somon afumat si feliat,,danone,206,17.3,2.1,14.2,100,g,,100
5941330011241,negro file macrou 200 grame,,Gastronatura,278,21.1,0.3,21.4,100,g,,
5941330013016,salata icre hearing cu somon 200g,,,613,4.2,0.4,66.1,100,g,,
5941330019186,Salata cu icre de crap si ceapa,,Gusturi Pescărești,582,4.4,0.6,62.4,100,g,100,
5941330019384,File De Somon Afumat Scotian,,Auchan,206,17.3,2.1,14.2,100,g,50,
5941334002191,Vegetal,,Mandy,217,2.6,4.2,21,100,g,,200
5941334003501,Mandy vegetal,,Mandy foods,272,2.4,2.1,27,100,g,60,120
5941334013876,Ciorba de burta,,Capricii si delicii,56,2.9,1.9,4,100,g,400,
5941334013937,Pate De Curcan,,Capricii Cu Delicii,304,9.6,3.8,27.5,100,g,,
5941334014347,Zacuscă de Vinete,,Capricii și Delicii,122,1.4,8,9.4,100,g,,
5941337333575,Soia texturata felii,,Penny,342,55,23,0.9,100,g,,100
5941341001323,Pate de pui,,Scandia,208,9.3,4.2,16.9,100,g,,
5941341001361,Scandia - Bucegi Chichen Liver Pate / Pate Pui,,,149,9.1,3.7,10.8,100,g,,
5941341001903,Pate di suino,,,209,9.6,3.6,17.1,100,g,,100
5941341003358,Pate fe pollo,,,153,9.1,5.1,10.4,100,g,,100
5941341004515,Pate de rață integral,,Scandia Sibiu,278,9.2,4.6,24.5,100,g,100,120
5941341023349,Pate Porc Cu Ardei,,Bucegi,211,10.9,6,15.6,100,g,,120
5941341024889,pate de foie de porc,,Bucegi,252,9.7,4.1,21.7,100,g,100,120
5941341032525,Chicken Liver Pate,,Bucegi,149,9.1,3.7,10.8,100,g,120,120
5941341032808,Aperitiv vegetal,,Scandia Sibiu,223,4.5,7,19.2,100,g,,
5941341033843,Bucegi vegetal,,,270,2.1,3.6,27.3,100,g,,120
5941341048182,Caras în sos tomat,,Năvodul Plin,162,11.2,5.3,10.7,100,g,,80
5941341048854,Pate de Pui cu Trufe,,Scandia Sibiu,226,9.1,4.5,19,100,g,120,
5941341101016,Macrou in sos tomat,,Navodul Plin,172,15.9,4.8,9.9,100,g,,425
5941341101122,Cheeseburger De Vita,,Tasty,212,10.3,20.8,9.2,100,g,140,
5941341101283,Pate de curcan,,Bucegi,124,11.3,7.1,5.3,100,g,100,
5941342002879,Sanvici cu biscuiti,,Carrefour,264,4.8,41,8.6,100,g,45,
5941344004956,sunca praga 170g angst,,Angst,90,19.3,0,1.4,100,g,100,170
5941344008039,Șuncă porc În crustă cu piper,,Angst,105,20.1,0.9,2.3,100,g,100,
5941346000611,Cacao Cocoa,,Destiny,288,4.1,35,14,100,g,72,
5941348000084,Salam Victoria caroli 400 grame,,,128,13,3.3,7,100,g,,400
5941348023441,Caroli - Salam Victoria felii,,Caroli,128,13,3.3,7,100,g,,100
5941348025773,Sal.vară Caroli,,,366,19.5,2.3,31,100,g,,330
5941348027784,Crenvurști porc 2×14,,Caroli,259,14,1.3,22,100,g,22.5,
5941348028149,Jambon curcan siss,,Sissi,96,17,3,1.8,100,g,,
5941348028996,caroli Șuncă Praga,,caroli,97,14,0,3,100,g,100,650
5941348029900,Sissi mușchi file 120g,,sissi,95,17.5,0.5,3,100,g,,
59413523,Cremoso iaurt Natural 125G,,Danone,81,4.5,3.7,10,100,g,125,125
5941352451490,Seminte Canepa (decorticate),,BSG,544,34,10,44,100,g,,
5941353000505,Alpina Icecream,,Alpin 57,287,4.7,44.7,9.7,100,g,,
5941353010931,Minirulouri Cu Fructe De Padure,,Romcherie,304,4.1,42,13.3,100,g,100,
5941353013406,Saleuri cu susan,,,490,7.9,55,26.4,100,g,,
5941353013758,Înghețată Iaurt & Fructe De Pădure Fulg De Nea,,Alpin 57 Lux,342,5.4,30.3,22.1,100,g,60,
5941355000220,Albalact unt masa 65%.,,Albalact,587,0.2,0.4,65,100,g,,200
5941355000367,"Fulga lapte UHT 1,5%",,Fulga,44,3.1,4.5,1.5,100,ml,,1000
5941355000374,albalact smântână 12% 200 g,,albalact,131,2.9,2.9,12,100,g,100,200
5941355000633,smantana 20%,,albalact,203,2.8,2.9,20,100,g,,200
5941355000671,"Lapte zuzu 1,5%1l",,Zuzu,43,3,4.4,1.5,100,ml,1032,1000
5941355000688,"Lapte integral 3,5%",,zuzu,62,3,4.5,3.5,100,ml,,1000
5941355001883,Brânză Topită Cu Smântână,,albalact,141,12,4,8.5,100,g,100,125
5941355002309,Albalact smantana 12% 400g,,albalact,131,2.9,2.9,12,100,g,400,400
5941355002576,Zuzu Iaurt Piersici,,zuzu,65,3.1,7,2.7,100,g,,125
5941355004402,Rarăul Telemea de vacă,,Rarăul,239,16,1,19,100,g,100,400
5941355005157,raraul Cascaval dalia 250 grame,,Raraul,294,22,1,22,100,g,,250
5941355005171,cascaval Dalia raraul 450 gr,,raraul,294,23,0,22,100,g,,
5941355005324,Rafael br burduf,,Rarăul,282,20,0,22,100,g,,300
5941355006550,zuzu Iaurt 3% 140 g,,ZUZU,59,3.4,4.5,3,100,g,,140
5941355006567,zuzu iaurt 0% 140g,,zuzu,33,3.6,4.5,0.1,100,g,140,140
5941355006611,Iaurt natural 400g zuzu,,Zuzu,59,3.4,4.5,3,100,g,100,400
5941355006628,Zuzu Iaurt natural de băut 350 grame,,Zuzu,49,0.1,4.5,2,100,g,,350
5941355007434,Poiana Florilor,,Albalact,44,3.1,4.5,1.5,100,ml,,1000
5941355007519,"Poiana Florilor Lapte de consum semidegresat UHT 1,5% grăsime",,Poiana florilor,44,3.1,4.5,1.5,100,ml,,1000
5941355007724,Lapte cu cacao si gust de ciocolata,,Zuzu,66,3.1,10,1.5,100,g,,
5941355007823,frappé lapte cu cafea,,Zuzu,72,3.1,11.4,1.5,100,ml,,450
5941355008417,"Zuzu iaurt 0,1% 400g",,Zuzu,31,3.3,4.2,0.1,100,g,100,400
5941355009117,zuzu iaurt natural mare,,zuzu,59,3.4,4.5,3,100,g,850,900
5941355009346,"lapte ZUZU 1,8l ..1,5grasime",,zuzu,44,3.1,4.5,1.5,100,ml,200,1800
5941355009353,"lapte 3,5%",,zuzu,62,3,4.5,3.5,100,ml,,1800
5941355011127,Moldovita Branza de vaci cu smantana,,raraul,103,10.2,3.6,5.3,100,g,,185
5941355011134,Brânză Fagaras raraul,,Rarăul,103,10.2,3.6,5.3,100,g,185,185
5941355011141,Rarăul Făgăraș ușor,,Raraul,87,11.6,3.5,3,100,g,,185
5941355011288,Iaurt de baut,,Zuzu Bifidus,67,2.9,9.5,1.8,100,g,320,320
5941355011486,Iaurt de băut zuzu,,Zuzu,32,3.2,4.5,0.1,100,g,,320
5941355011493,Iaurt de baut,,ZUZU,49,3.2,5.6,2,100,g,100,320
5941355011967,Albalact unt 82% grasime,,albalact,738,0.2,0.4,82,100,g,,200
5941355011998,Sana albalact,,albalact,64,3.4,4.5,3.6,100,g,,330
5941355012834,Chefir ambalat 900g,,Albalact,58,3.4,4.5,3,100,g,,
5941355012872,Smantana albalact 25% 300g,,,242,2.2,2,25,100,g,,300
5941355013152,Zuzu Stors bifidus,,Zuzu,61,8,2.7,2,100,g,150,150
5941355013176,zuzu stors iaurt 2% 150G,,zuzu,61,8,2.7,2,100,g,100,
5941355013381,Zuzu Iaurt cu piersici și caise,,Zuzu,93,3,14.4,2.6,100,g,,400
5941355013749,Yaourt Zuzu Dolce Cerise et chocolat,,Zuzu,124,2.9,14.8,5.8,100,g,,25
5941355014272,zuzu iaurt Divin 2%,,ZUZU,61,8,2.7,2,100,g,,150
5941355014296,"Zuzu Divin Iaurt natural in stil grecesc, 10% grasime",,Zuzu,121,5,2.6,10,100,g,100,150
5941355014319,Zuzu Divin Iaurt in stil grecesc cu capsuni,,Zuzu Divin,93,6.5,13.1,1.6,100,g,,150
5941355014333,Zuzu Divin Iaurt in stil grecesc cu caise,,Zuzu Divin,93,6.5,13.1,1.6,100,g,,150
5941355014357,Zuzu Divin Iaurt in stil grecesc cu cirese negre,,Zuzu Divin,88,6.5,12,1.6,100,g,,150
5941355015231,Fulga cioco,,Fulga,68,3.4,9.7,1.7,100,ml,,200
5941355015477,Danone,,,35,3.3,5,3.5,100,g,,
5941355016184,Iaurt mare divin natural,,Zuzu,121,5,2.6,10.1,100,g,,300
5941355016191,Iaurt Grecesc,,ZUZU DIVIN,61,8,2.7,2,100,g,,
5941355016207,Yaourt grecque Zuzuu,,Zuzu,121,5,2.6,10.1,100,g,140,
5941355017006,covalact unt 82%,,covalact,740,0.2,0.4,82,100,g,,
5941355017266,zuzu iaurt de baut fructe padure,,,56,2.9,9.1,0.9,100,g,100,
5941355017372,Smântână,,Boni de tot,203,2.8,2.9,20,100,g,100,
5941355017501,Iaurt cu Biscuiti zuzu,,Zuzu,93,3,14.5,2.5,100,g,125,125
5941355017563,Yoghurt,,Stay Strong Pro,73,9.1,4.9,1.7,100,g,185,
5941355017587,Zuzu Ceva dulce orez lapte ciocolata 175g,,Zuzu,71,1.8,11.6,1.9,100,g,175,175
5941355017891,Zuzu Lapte Proteic,,Zuzu,45,6,4.4,0.4,100,g,250,
5941356512197,diana ceafa porc cruda 80g,,Diana,284,25,0.5,20,100,g,100,80
5941356512203,diana muschi file crud uscat 100g,,Diana,176,32,0.6,5.1,100,g,,80
5941356512227,diana bacon 100g,,Diana,236,15,1.1,19,100,g,100,100
5941356512296,Diana sunca presata praga,,Diana,104,17,2.6,2.8,100,g,,150
5941356515662,Diana urechi porc parlite,,Diana,186,19,0,12,100,g,,150
5941360001618,Caşcaval Afumat,,Delaco,333,23,0.6,26.5,100,g,,250
5941360001649,Mozzarella del 125g,,Delaco,228,17.5,0.8,17,100,g,125,
5941360001724,Emmentaler,,Delaco,373,28,0.1,29,100,g,,400
5941360003759,Cascaval Sofia,,Delaco,337,25.6,0.3,25.8,100,g,100,250
5941360005333,Brânză Pufoasa Natur,,Delaco,235,5.6,3.4,22,100,g,,140
5941360005340,Branză pufoasă,,Delaco,230,5.8,4.5,21,100,g,,140
5941360006514,delaco desenvs cașcaval 350g,,delaco,327,23.5,0.7,25.5,100,g,,
5941360007597,Del mozza gourmet,,delaco,327,23.5,0.7,25.5,100,g,350,350
5941360008785,Br calcice Toni junior,,Delaco,164,11,3,12,100,g,,108
5941360011761,Mozzarela Fresca,,Delaco,327,23.5,0.7,25.5,100,g,,125
5941360012195,Mozarella Shredded,,Delaco,294,24,2.3,21,100,g,100,
5941360012799,Delaco cascaval felii 200 gr,,Delaco,330,23,0.7,26,100,g,20,200
5941360013192,Del telemea saramură,,Delaco,239,13.5,1.2,20.1,100,g,100,400
5941360013352,Delaco telemea de capra,,Delaco,234,13.5,1.6,19.6,100,g,50,400
5941360014793,Desenvis cascaval,,delaco,327,26,0.5,25,100,g,100,
5941360014816,Toni junior yo-yo,,Delaco,284,0,0.5,20,100,g,,100
5941360015080,Desenviș cașcaval felii 100g,,delaco,330,23,0.7,26,100,g,20,100
5941360015776,Cascaval DeSenvis,,,327,23.5,0.7,25.5,100,g,,
5941360016032,cottage cu smantana Delaco,,delaco,96,13,3.8,3.4,100,g,100,175
5941360016056,Delaco Cottage Cheese 4.5% Red,,Delaco,107,13,3.5,4.5,100,g,,175
5941360016285,High Protein Mozzarella Fresca Proteica,,Delaco,152,20,1,7.5,100,g,125,
5941360016339,Mozzarella,,Rusty,327,26,0.5,25,100,g,,
5941384006217,corn,,Elmas,431,6.9,47,23,100,g,,
5941384006231,Elmas cacao-vanilie 60g,,Elmas,421,6.6,47,23,100,g,60,
5941384006248,Elmas,,Elmas,409,6.6,49,20,100,g,60,60
5941384006255,Croissant Gigant Cacao,,Elmas,431,6.9,47,23,100,g,160,160
5941393000817,Hame Pate de porc,,Hamé,233,9.9,6.1,18.8,100,g,,75
5941393011714,Gaseste porcul,,,267,9,3.5,24.5,100,g,,
5941411000201,Triti Bel Pufarine,,,383,6.3,85,1.3,100,g,,
5941411001864,Fulgi De Porumb,,Carrefour,367,7.8,81,0.5,100,g,150,
5941419003525,Greek Yougurt,,Big Panda,124,4,4.6,10,100,g,100,300
5941419005574,Iaurt in stil grecesc,,Big Panda,76,6.4,4.6,3.5,100,g,150,
5941442006852,Raftul bunicii Faina alba de grau 000,,Raftul bunicii,340,11,69,1.3,100,g,,1000
5941442007040,Fortza,,Titan,371,6.1,78.1,2.8,100,g,,150
5941442007651,Fulgi De Porumb,,Fortza,347,5.6,77,1,100,g,100,
5941442007705,Fulgi De Porumb Fără Zahăr Adăugat,,Fortza,343,6,76,1.1,100,g,100,
5941442007910,Faina,,Raftul Bunicii,350,11,72,1.5,100,g,,
5941444000797,"SIM Lapte de consum 1,5% grasime",,SIM,44,3,4.5,1.5,100,ml,0,1000
5941444001695,Sana 0.7%,,Carrefour,32,3.4,3.1,0.7,100,g,400,
5941444001909,Lapte 3.5% SIM,,Simultan,62,3,4.5,3.5,100,g,100,
5941444001978,Milk 1.5% fat,,Pilos,44,3,4.5,1.5,100,ml,100,1000
5941445664226,Caramel micro popcorn,,Chio,446,8.2,64,15,100,g,,90
5941445666268,Seminte albe,,Nutline,646,28,5,55,100,g,30,200
5941445668248,Rotisserie chicken flavored chips,,CHIO,518,7.2,48,32,100,g,,140
5941445669498,Popcorn (sare),,Crispy,530,8.5,60,27,100,g,,75
5941445671897,Chio Snack,,Chio,523,1.6,53,34,100,g,30,65
5941445674447,Tortillas,,Chio,497,1.7,67,22,100,g,,125
5941445674652,Pom-Bar,,Chio,504,3.1,64,25,100,g,30,
5941445674683,Pom-băr Original,,Chio,504,3.1,64,25,100,g,,
5941445674690,Pom-băr cașcaval,,Chio,508,4,64,25,100,g,,
5941445675567,Sunflower Seeds,,mogyi,647,21,3.4,58,100,g,50,
5941445675628,Chio chips cascaval,,Chio,524,6,49,32,100,g,60,
5941445675642,Smântână și ceapă sour cream & onion chips,,Chio,524,5.9,49,32,100,g,60,
5941445675741,Chips au sel,,Chio,536,6.8,47,35,100,g,,
5941445676335,chio chips tzatziki,,lotto,522,5.5,50,32,100,g,,150
5941445676373,Chio Barbecue 60g,,Chio,524,5.7,50,32,100,g,,
5941445676465,Lentil chips,,Chio,466,14,56,19,100,g,,65
5941445676823,Chio Tortillas Sare,,Chio,494,5.3,67,22,100,g,110,
5941445676847,Tortillas branza,,Chio,489,6,67,21,100,g,110,110
5941445677424,Chio Intense Exxtra Sare & Piper,,Chio,493,7.5,53,27,100,g,,
5941445677431,Sour Cream & Paprika Chips,,Chio Intense,533,7,48,34,100,g,100,
5941445677448,Chio Intense Cașcaval & Chilli,,Chio,534,7.5,46,34,100,g,,120
5941445677479,Chio Intense Sare de Mare,,Chio,535,5.4,51,33,100,g,120,
5941445677608,Chio Paprica,,Chio,523,5.8,50,32,100,g,30,125
5941445677615,Chio barbecue 125g,,Chio,524,7.1,49,32,100,g,120,
5941445677622,Chio Cașcaval 125g,,Chio,524,6,49,32,100,g,,
5941445677639,Chio Pui la Rotisor 125g,,Chio,518,7.2,48,32,100,g,125,
5941445677646,Chio Sare,,Chio,536,6.8,47,35,100,g,30,
5941445677684,chio chips sare 170g,,Chio,529,5.4,49,33,100,g,,
5941445677707,chips,,Chio,534,7,47,34,100,g,100,
5941445677714,Chio intense,,Sea Salt,537,6.7,46,35,100,g,30,
5941445678018,Hula Hoops Sare de Mare Aromată,,Chio,547,4.8,54,34,100,g,,
5941445678025,Hula Hoops Cașcaval,,Chio,547,5.3,53,34,100,g,,
5941445678339,Intense Hot & Spicy Chips,,Chio,511,5.7,49,31,100,g,30,
5941446000948,Pesmet Boromir,,Boromir,401,11.8,77.9,4.7,100,g,,500
5941446000986,Glucose,,Feleacul,340,0,84.7,0.2,100,g,,100
5941446008715,Turtă dulce Boromir,,Boromir,355,5.3,72.8,3.7,100,g,,100
5941446008722,Gingerbread of Sibiu / Turta dulce de sibiu,,Boromir,393,6.5,78,5.5,100,g,100,400
5941446009569,Paine Neagra Cu Cartofi,,,229,6.4,50,0.2,100,g,100,
5941446010350,Turta dulce cu nuci,,Boromir,373,5.7,66,8.6,100,g,13,
5941448002155,Arahide,,Nutline,604,24,13,49,100,g,,
5941448003046,"Arahide in Coajă Roșie, Coapte și Sărate",,NutLine,555,24,12,44,100,g,,300
5941448003190,Sunflower Seeds Nutline Striped Salted 100G 1 / 12,,,407,17,2.6,26,100,g,,
5941448003206,Nutline Seminte Pestrite,,Nutline,399,17,2.4,25,100,g,,200
5941448003299,Graines de tournesol,,,474,20,3.6,34,100,g,,
5941448003305,Seminte Negre,,nutline,498,19,4.9,37,100,g,,40
5941448003336,Nutline Pumpkin Seeds,,,646,33,1.9,55,100,g,,
5941448003473,Nutline seminte pestrițe sarate,,Nutline,407,17,2.6,26,100,g,,
5941448003534,Seminte 300G Negre Fara Sare,,,522,19,6.2,40,100,g,,300
5941450001252,lapte praf,,aristorcrat,143,8.3,13.9,4.7,100,g,,250
5941460006933,Salam Chorizo 100g,,Agricola,478,20,5,42,100,g,,100
5941460009576,Salam Sibiu,,Agricola,475,23.4,1.9,41.5,100,g,100,
5941460011227,Salam Sibiu,,Agricola,475,23.4,1.9,41.5,100,g,5,120
5941460012118,salam uscat agricola,,Agricola,479,18,5,43,100,g,,200
5941460012378,Salam Uscat Mozaic 400 grame,,Agricola,509,19,2.5,47,100,g,,400
5941466000737,Ketchup,,Olympia,92,1.3,21.5,0,100,g,,500
5941466001130,Zacuscă de vinete coapte,,Olympia,82,1.6,7,4.3,100,g,,300
5941466002571,Mustar din Tecuci,,Olympia,106,4.8,9.1,5.1,100,g,,300
5941466002595,Olympia - Hot Mustard of Tecuci / Mustar Iute Tecuci,,Olympia,97,3.9,10.1,4.6,100,g,,300
5941466002892,Zacusca picanta,,Olympia,100,1.4,6.1,7,100,g,,300
5941466003592,Olympia - / Mustar Clasic sticla,,olypia,102,3.8,10,4.6,100,g,,500
5941466006135,Maioneza cu usturoi,,,258,0.2,7.9,25.1,100,g,,
5941466014611,Bors 🙂,,,3,0.3,0.8,0.1,100,g,,
5941466014673,Mustar de Tecuci Dulce,,Olympia,100,4,9.2,4.7,100,g,,300
5941466022326,KFC Sos cu Usturoi🙂,,KFC,295,0.7,9.5,28,100,g,,
5941478006253,Zacusca de vinete,,Naturelo,142,1.1,7.2,11.2,100,g,,
5941484000047,Pastă de tomate,,Sultan,88,3.8,17.7,0.7,100,g,,70
5941484001549,Bulion,,Sultan,80,3,15.4,1.1,100,g,50,310
5941485002781,Aldis Cârnați sticks,,Aldis,440,18,2,40,100,g,,200
5941485013695,jambon piept pui,,aldis,250,15,2,20,100,g,100,
5941485025070,Pastramă Ardelenească,,Sabin,238,15,1.5,19,100,g,100,
5941486000403,Ketchup dulce,,Tomi,88,1,21,0,100,g,,350
5941486000410,Ketchup,,Tomi,76,1.1,18,0,100,g,,
5941486000434,Tomi Sweet Ketchup,,Tomi,84,1.1,20,0,100,g,100,500
5941486001271,La Minut Ketchup Dulce,,LaMinut,30,0.8,6.6,0,100,g,,
5941486004142,Muștar de Masă,,La Minut,91,4,8.3,4.6,100,g,100,300
5941486004784,Muștar Dulce,,La Minut,83,4,6.3,4.6,100,g,,290
5941486004791,LaMinut Muștar Iute,,LaMinut,87,4.2,6.3,5,100,g,,290
5941486005668,ketchup LaMinut,,,30,0.8,6.6,0,100,g,,
5941486005972,Plăcintă cu brânză sărată,,Linco,278,7.4,26.9,15.3,100,g,100,
5941486008737,Mustar de masa,,La minut mustar de masa,97,4,9,5,100,g,,
5941486011430,mustar,,LaMinut,137,6.6,10,7.4,100,g,,300
5941486011638,Mustar,,,113,6,12,5,100,g,,
5941486011645,Bunătăți de la bunica,,Bunătăți De La Bunica,135,3.8,20,4.4,100,g,300,
5941486011669,Mustar cu hrean☹️,,Bunătăți de la Bunica,105,4.6,9.6,5.4,100,g,,300
5941486015599,sos de maioneza,,La Minut,312,1.7,11,29,100,g,,250
5941486018163,Sos Samurai,,Tomi,398,0.3,8,40,100,g,,
5941487000235,Covrigi de Buzau Boromir,,Boromir,396,9,69,4,100,g,28,250
5941487002376,Covrigei Ulei de Masline,,Boromir,446,9,64,17,100,g,,
5941487004158,Covrigi de Buzau,,Boromir,555,10,70,7.7,100,g,,200
5941512000704,Petit Beurre,,Romdil,431,8.4,72,12.2,100,g,,100
5941516001486,Sos de maioneză,,Simplu,269,0.5,6.8,27,100,g,,500
5941534000034,monor iaurt 400 grame,,Monor,56,3.2,2.8,3.5,100,g,400,
5941534000119,Smântână Monor 18% 200 g,,Monor,182,1.8,3.1,18,100,g,200,
5941534000638,monor lapte 3`5,,Monor,57,3.2,3.2,3.5,100,g,100,
5941534001161,Monor Mozzarella145gr,,Monor,292,18.2,0.8,24,100,g,,145
5941534001932,Iaurt,,Boni de tot,53,3.3,0,2.5,100,g,100,400
5941534001949,"Iaurt 2,5 % Grăsime",,Boni ( Penny ),53,3.3,4.2,2.5,100,g,900,900
5941534001994,Monor Cascaval Dalia rotund,,Monor,310,27.7,0.4,22,100,g,,300
5941534002212,Brânză proaspătă de vaci cu smântână,,Făgăraș,117,8.3,4.1,7.5,100,g,100,175
5941534002366,"Plain Yogurt, Reduced Fat 2 %",,Boni ( Penny ),48,3.3,4.2,2,100,g,100,400
5941534002816,Monor Cottage Perle din brânză cu smântână,,Monor,106,8.6,2.9,6.5,100,g,175,175
5941534002847,monor mozzarella bilute,,,292,18.2,0.8,24,100,g,7.5,
5941534002953,Iaurt Bio,,Carrefour Bio,58,3,3.7,3.5,100,g,,900
5941534003301,Branza Fagaras,,Kaufland,72,8.6,2.6,3,100,g,100,
5941534003493,monor iaurt grecesc mare,,Monor,129,6.3,3.4,10,100,g,100,
5941534003530,monor iaurt grecesc 150 grame 150 grame,,Monor,117,4,3.6,9.6,100,g,150,
5941534003929,Iaurt ecologic,,My Bio,62,3.1,4.5,3.5,100,g,,900
5941534004339,Monor cedar alb 200 gr,,Monor,390,25.5,0.1,32,100,g,,
5941536005037,Meda CRENVURȘTI cu Piept de Pui,,Meda,268,13,0,24,100,g,,250
5941536005525,Sunca praga 200g,,Meda,115,18,2.8,3.5,100,g,,200
5941536006386,Carnati cabanos Meda,,meda,337,14,0.6,31,100,g,,300
5941536006898,Meda bacon 150g,,Media,235,17,1.2,18,100,g,18.8,150
5941536007666,suncà din piept de curcan,,Meda,91,19,1.5,1,100,g,100,100
5941536007925,crenwursti 500g meda,,meda,263,13,0,23,100,g,500,500
5941536008373,Cârnați Turinger,,Tara Mea,211,14,0.5,14,100,g,,600
5941536008458,Meda Salam Sinaia felii,,meda,427,23,0.6,37,100,g,,
5941536008700,Meda Muschi file afumat felii 100G,,Meda,104,18,0.6,3.4,100,g,,100
5941536008731,Șuncă din piept de pui,,Meda,100,19,1.4,2,100,g,,100
5941536008779,Salam toscan,,meda,437,22,1.8,38,100,g,,
5941536008786,meda Salam chorizo felii 100G,,Meda,377,22,2.6,31,100,g,,100
5941536008960,salam porc extra,,meda,254,15,1.2,21,100,g,,100
5941536009271,Meda sunca presata porc,,Meda,102,20,1.1,2,100,g,100,100
5941542000538,Gordon cre.de unt cu sm.,,Gordon,326,3.3,4.5,30,100,g,100,
5941542003898,Gordon fagaras,,Gordon,125,7.2,3.9,9,100,g,180,
5941571012212,Crenvursti Piept De Pui,,Kaufland,142,15.6,2.3,7.9,100,g,,
5941572000508,Magiun De Prune 350G Sonimpex,,Topoloveni • IGP,244,2,58,0.5,100,g,15,350
5941588002275,Tedi play!,,,48,0.1,11.8,0,100,g,,
5941588002336,Green Apple,,Ciao,24,0.3,4.9,0.3,100,ml,100,
5941588004361,La Festa 3in1 Classic,,La Festa,430,4.2,79,9.7,100,g,100,15.6
5941588005658,Biscuiți cu unt,,tedi,441,8.8,71,13,100,g,,
5941588006976,Saratele,,Salatini,381,12,65,7.4,100,g,,110
5941588006983,Saratele cu cascaval,,Salatini,382,12,64,7.8,100,g,,110
5941588012267,"biscuiți cu cacao, unt și vitamine",,LET'S,507,8.9,70,12,100,g,,
5941588015312,Vălenii de munte paste bolognese,,Valenii De Munte,48,1.4,7.9,0.9,100,g,,
5941588015367,CACAO,,VAN,317,22,16,11,100,g,100,
5941597001061,SUNCA praga,,fox,80,16.6,0.7,1,100,g,,500
5941597001122,Fox Salam sârbesc 500 grame,,,263,17.3,1.7,20.5,100,g,,500
5941597001337,fox Salam sarbesc 100g,,fox,225,16.6,1.6,16.7,100,g,100,100
5941597001573,Fox Salam Victoria 125g,,Fox,191,13.2,1.4,14.5,100,g,,125
5941597001603,crenvursti piept pui 470g,,fox,234,13.7,1.4,20,100,g,470,470
5941597001863,Fox polonezi 350g,,Fox,283,11,1.4,25.5,100,g,100,350
5941597001894,Fox Șuncă Praga Extra,,fox,74,13.4,1.5,1.4,100,g,,125
5941597002655,salam de vara,,Fox,364,16.4,1.3,32.3,100,g,,350
5941597002822,Fox mușchi file afumat,,Fox,96,15.4,1.7,2.9,100,g,100,100
5941597003850,Fox Salam sarbesc 350g,,fox,263,17.3,1.7,20.5,100,g,,350
5941597003867,Fox Crenvursti de porc280g,,Fox,264,12.1,1.7,22.7,100,g,280,280
5941621006925,Strips,,Fragedo,208,16,15,9,100,g,100,
5941634000026,Mălai Extra - Corn Flour,,Arpis,350,7,78,1,100,g,,
5941634000071,Flour Arpis,,,344,11,73,0.9,100,g,,
5941634004833,High protein,,Sam mills,360,40,52,1.2,100,g,125,
5941664006814,Biskrem,,ULKER,503,6.2,65.6,23.3,100,g,20,
5941664007767,Biskream Raspberry,,McVities,424,5.1,70,15,100,g,,160
5941664011634,Digestives The ORIGINAL biscuits,,McVitie's,483,6.9,65,21,100,g,,133
5941664011641,biscuiți mcvities,,McVities,499,7,63,24,100,g,18.3,
5941664011726,Mcvities digestives zero,,McVitie’s,499,7.3,65,24,100,g,,
5941664012709,Biskrem Sour Cherry,,McVitie's,413,4.8,67.7,13.1,100,g,10,
5941690000800,Therezia Cașcaval împletit,,Therezia,333,22.6,0,26.9,100,g,,340
5941690000817,Cașcaval dotti,,,292,22.2,0,22.5,100,g,,480
5941690001012,Therezia caș.Dalia 380g,,Therezia,326,22.8,0.2,26,100,g,,380
5941690001265,Kefir,,Dotti,57,3.2,4.5,3,100,g,100,
5941690001449,Mozzarella,,Therezia,318,23.1,0.1,25,100,g,,
5941690001609,Smântână,,therezia,345,2.1,2.9,36,100,g,,
5941694010645,Unt De Masă Tip b,,Unicarm,587,0.2,0.4,65,100,g,120,
5941694019891,Iaurt Grecesc 10%,,Unicarm,130,5.5,4.6,10,100,g,100,500
5941709002139,"Solomonescu Iaurt 2,8% grasime cu fermenti bifidus",,Solomonescu,56,3.2,4.6,2.8,100,g,,900
5941712000320,Salam De Biscuiti,,Harley,427,7.1,60.7,17.5,100,g,,
5941712889901,SALAM DE BISCUIȚI FELIAT,,HARLEY,427,7.1,60.7,17.5,100,g,,600
5941730000562,bradet cascaval rucar,,,307,24,1,23,100,g,,
5941730003068,Brădet Lactate,,Produs la Brădet,53,3.4,3.7,2.8,100,g,,125
5941757010131,Muschi File,,Sergiana,161,32.8,1.2,2.8,100,g,,100
5941757010179,Sergiana Salam Sergiana,,Sergiana,226,17,7,17,100,g,,100
5941757010315,Sergiana Sunca Praga afumata,,Sergiana,121,21,4.2,2.1,100,g,,150
5941757010438,Sergiana pasta de ficat,,Sergiana,305,12.9,2.3,27.1,100,g,,150
5941764027634,Fistic in coajă,,,616,18,13,53,100,g,,
5941768000190,Sweet & Safe Dark Chocolate 60% Cocoa,,Sweet & Safe,426,6,49.9,38.3,100,g,,25
5941768000367,Dark chocolate,,Sweet And Safe,450,10.2,31.9,39.5,100,g,,
5941768000633,The super stevia chocolate,,,418,11,43,30,100,g,,
5941768000657,"Milk, Quinoa & Coconut",,Sweet&Safe,423,10.8,41.2,32.2,100,g,,
5941768000664,Exceesande Intense Dark Chocolate,,Sweet and safe,528,11.3,21,47.1,100,g,,90
5941768000916,Napolitana Cu Vanilie Fără Zahar,,Sly,462,4.4,61.8,26.8,100,g,100,20
5941768002026,Coffee And Dark Chocolate Protein Bar,,Fizico,365,23.5,26.3,16.3,100,g,40,
5941768002095,Protein bar,,Fizico,344,26.3,27.6,15.2,100,g,60,60
5941768002217,MyFibre Tranzit,,Sly,336,18.8,34.8,14.8,100,g,40,
5941772005297,Muschi File Feliat,,Drag De Romania Carrefour,182,32,0.5,5.8,100,g,,
5941828003178,Mix Semințe Floarea-Soarelui și Dovleac crude și decojite,,Solaris,410,22,19.3,49.6,100,g,100,
5941828008944,Solaris Ulei din semințe de susan,,Solaris,884,0,0,100,100,ml,,250
5941828023947,Pufuleți Pizza,,Solaris,426,5.5,66.2,15.5,100,g,50,
5941832001283,Riz basmati,,,354,8,78,0.9,100,g,100,
5941832003096,Scotti basmati,,Riso Scotti,351,8,78,0.9,100,g,,
5941832003126,Jasmine Rice Uncooked,,Scotti,347,7,77,0.5,100,g,,
5941832003553,Bob cu bob,,Riso Scotti,350,12.4,67.3,1.8,100,g,,
5941832004093,Orez Bob Cu Bob,,Riso Scotti,347,6.7,78.8,0.6,100,g,,
5941832004499,Integral Basmati Rice,,Scotti,354,9.1,72.5,2.4,100,g,,
5941832004789,Scotti original,,Scotti,355,6.4,80.5,0.9,100,g,100,
5941832005076,Chips Paprika Chili,,Riso Scotti,458,6.6,66.2,17.5,100,g,80,
5941832005144,Riso Protein,,Scotti,379,16.3,60,7,100,g,80,
5941845001454,Sajt,,Retezat,304,28.7,2.4,20,100,g,25,
5941850481159,Miere De Salcâm,,Strop De Soare,330,0.4,82,0,100,g,500,
5941850533612,Daniela chifteluțe de legume,,Daniela,157,3.7,24.5,4.9,100,g,27.5,220
5941850533629,Salată de vinete cu ceapă 250G,,Daniela's,129,1.3,2.9,11,100,g,250,
5941850534220,Daniela chiftele porc,,,291,21.7,0,18.7,100,g,,220
5941850534237,Chiftele Pui,,Daniela,211,17.5,19.6,7,100,g,,
5941850536958,Snitel Din Soia,,Daniela’s,274,17.9,9.8,17.9,100,g,100,
5941850634906,Bagheta cu susan crispy sos kentucky,,SC PLEURO IND,234,9.1,26.5,8.9,100,g,130,
5941850790664,Trei iezi Iaurt de capra,,Trei iezi,60,3.2,3.7,3.6,100,g,,160
5941850790671,Trei iezi Branza cu iaurt de capra,,Trei iezi,200,11,2.2,16.3,100,g,,160
5941850790886,Cremă Tartinabilă-brânză de capră,,LaColline,163,10,1.5,13,100,g,,180
5941850871219,Telemea de acasă din lapte de vacă și capră,,Telemea de acasă,291,18,3,23,100,g,,300
5941850960050,Iaurt de capră Siluette,,Vanbet,62,3.6,4,3.5,100,g,,280
5941850971469,Panino Delizzia Cotto,,REM’s Coffee,4,0,0,0,100,g,,
5941863000279,Cucumbers in brine,,Conservfruct,12,0.3,2.3,0.2,100,g,,680
5941864007642,Unknown Product,,,109,22,0.7,2.1,100,g,,100
5941864008533,Crenvurști Din Carne De Porc,,Martinel,275,13.5,1,24,100,g,30,
5941864008908,Mușchi File,,Reinert,141,25,1,4,100,g,100,
5941865602464,Mozarella,,Romfulda,219,21,1,14.5,100,g,,
5941865603010,Branza Vaca Grasa,,Romfulda,118,13,3,6,100,g,,
5941866000177,Crema Cioc. carobe Eco 400G All Green Bio,,,566,2.9,58,35,100,g,,400
5941866604320,Pate cu ficat de pui,,Capricii si Delicii,294,9,3.7,27,100,g,,145
5941866608038,Zacuscă de vinete,,Capricii si Delicii,102,1.4,6.3,7.9,100,g,,
5941866612097,Vegane Lyoner,,Verdino,205,3.5,1.9,20.4,100,g,,80
5941866612127,Alternativă vegetală la Cârnăciori cu spanac,,Verdino,208,4.6,7.1,17.9,100,g,,
5941866612134,Plant-based deli slices with bellpepper,,Verdino,199,3.8,2.2,19.4,100,g,,80
5941866614893,Plant-based burger,,Verdino,231,16,5.8,16,100,g,110,220
5941866618358,Plant-based dry-cured salami,,Verdino,358,8,10.8,31.4,100,g,,240
5941866618648,PlanTuna,,Unfished,189,12,3,14,100,g,,
5941866618709,PlanTuna,,Unfished,227,7,9.3,19,100,g,,
5941866620474,PlanTuna Mexican Salad With Plant-Based Tuna,,plantuna,169,8.5,12.8,9.2,100,g,160,160
5941866621105,Pasta Vegetala Cu Ceapa Verde,,Verdino,256,6.3,5.1,23,100,g,125,
5941866621570,Plant-based NUGGETS,,Verdino,285,11,17.6,13.8,100,g,,
5941866623055,Emmentaler Flavour Vegan,,Mr Plantel,267,0,19.5,21,100,g,100,150
5941867061061,Paine Neagra Cu Fulgi De Cartofi,,,270,9.6,51.2,2.3,100,g,,
5941867190020,Pâine Alba Toast,,,258,8,48,3.5,100,g,,
5941867190464,KB SEMINȚE,,KB SELECTED KARAMOLEGOS BAKERY,266,11.9,37.1,6.1,100,g,27.8,500
5941867190594,Paine cu faina integrala,,Carrefour,241,13,38,3.1,100,g,,600
5941867190846,Chifle Hamburger,,KB,281,10,47.5,5,100,g,,
5941867191096,Hit Dog Brioche,,Kb,357,12,46.5,13,100,g,,
5941867191157,Paine Neagră Cu Maia,,Kb Selected,279,11.6,43,6.4,100,g,100,
5941868200063,Gusto Ciocoleti,,,502,5.6,65,24,100,g,,50
5941868200087,pufuleti,,Phoenix,427,6,67,20,100,g,100,85
5941868200100,Pufuleți,,Gusturi romanes,487,6.5,66.8,21.3,100,g,,45
5941868201046,Eco pufuleti,,Gusto,476,6.1,67,20,100,g,,35
5941868201053,Bio erdnuss flips,,Gusto,491,13,52,25,100,g,,150
5941872016094,Seminte de dovleac cu sare,,Deli,615,36.5,2.2,49.2,100,g,100,200
5941872103060,Shrimp,,Shrimps Today,96,22,0,0.9,100,g,200,
5941872103121,Norwegian smoked salmon,,Laguna,183,19.2,0.5,11.5,100,g,100,
5941872105668,Sushi,,Laguna Seafood,189,6.9,39.8,0.3,100,g,243,
5941872106870,File De Salau Cu Piele,,Auchan,83,19.2,0,0.7,100,g,,
5941872200349,Brânză Topită Cu Smântână,,Boni De Tot,185,5,7,15,100,g,100,
5941872201209,smantana ibanesti,,ibanesti,333,2.5,0,35,100,g,100,
5941872202312,Brânză de vaci de Ibăneşti,,ibanesti,145,14.9,3,8,100,g,,
5941872202497,"Sliced Kashkaval Cheese, Ibanești",,MIRDATOD,328,24.8,0.7,25,100,g,,120
5941872203418,Brânză Grasă Proaspătă,,Drag De România,121,13,2.6,6.5,100,g,100,
5941872204255,Cascaval de ibanesti 450 gr,,Mirdatod,291,22,1,22,100,g,,450
5941872204606,Urza,,Bonu de tot,128,12,2,8,100,g,,
5941872204842,Smantana 12%,,Carrefour,132,3,3,12,100,g,,
5941874402093,minipatiserie cu zmeura,,morarita,339,3.5,37.8,19.1,100,g,,500
5941874700434,Cârnați Cabanos,,Penny,279,14.8,1,24,100,g,,
5941874701219,Sunca Praga,,Casa Gustului,188,14,1.5,14,100,g,,
5941875900376,"Lapte 3,7%1l olympus",,Olympus,65,3.3,4.7,3.7,100,ml,,1000
5941875900413,"Iaurt grecesc olympus, Low Fat 2 %",,OLYMPUS,66,8,3.8,2,100,g,150,150
5941875900420,Iaurt Grecesc olympus 10% 150 grame,,OLYMPUS,91,5.5,3.5,10,100,g,150,150
5941875900819,Iaurt grecesc cu coacaze,,Olympus,93,5.7,13.9,1.6,100,g,,
5941875900826,olympus Iaurt cu rodie,,Olympus,93,5.7,13.9,1.6,100,g,125,125
5941875901304,iaurt cu specific Grecesc NATUR,,OLYMPUS,48,8,4,0,100,g,100,150
5941875902127,Olympus Sana 330G,,Olympus,58,3.2,3.5,3.6,100,g,,330
5941875902134,Olympus Kefir 3% grasime,,Olympus,54,3.2,3.5,3,100,g,,330
5941875902141,Iaurt 1.5% Bogat In Proteine,,Olympus,40,3.2,3.5,1.5,100,g,330,
5941875903155,Iaurt Natur,,Olympus,46,3.2,3.9,2,100,g,120,
5941875903278,Iaurt Bifidus Natur,,Olympus,56,5.2,4.2,2,100,g,100,125
5941875903377,Yaourt grecque,,OLYMPUS,65,8,3.8,2,100,g,,900
5941875903384,Olympus iaurt grecesc 10% mare,,Olympus,120,4.2,5.6,9,100,g,100,
5941875903940,OLYMPUS de capra iaurt,,olimpus,69,3.8,4.5,4,100,g,,150
5941875904169,Cottage cheese light,,Olympus,72,11,2.5,2,100,g,100,180
5941875904176,Olympus Cottage cheese 20gproteine,,Olympus,92,11,3,4,100,g,180,180
5941875904244,Greek Yogurt Stragghisto 2 % Fat,,Olympus,70,9,4,2,100,g,,150
5941875904251,Olympus Stragghisto Iaurt grecesc 10%,,Olympus,132,6.5,4,10,100,g,,150
5941875904626,Bio iaurt cu specific Grecesc 2% grăsime,,Olympus,65,8,3.8,2,100,g,150,120
5941875904657,Olympus BIO Iaurt Grecesc 10%,,Olympus,126,5.5,3.5,10,100,g,100,150
5941875904961,Iaurt Cu Specific Grecesc 2% • 26g Proteine,,Olympus,66,8,4,2,100,g,330,
5941875904992,"Sana din lapte de capra 3,6%",,Olympus,62,3.3,4,3.6,100,g,,330
5941875905142,Telemea din Lapte de Oaie,,Carrefour,270,15,2.8,22,100,g,100,
5941875906200,Greek Yogurt,,Olympus,65,8,3.8,2,100,g,100,
5941875906279,Suc De Portocale,,Olympus,45,0.6,10.4,0.1,100,ml,500,500
5941875906286,Suc de 9 fructe cu 7 vitamine,,Olympus,44,0.4,10.7,0,100,ml,,500
5941875906309,Olympus rodie,,,52,0.2,12.7,0,100,ml,,500
5941875906330,"Apple, Orange And Carrot Juice",,Olympus,50,0,12.5,0,100,ml,250,
5941875906415,Olympus ceai aronia,,Olympus,18,0,4.6,0,100,ml,,500
5941875906422,Ceai de munte (lamâie),,,18,0,4.6,0,100,g,250,
5941875906439,Olympus ceai piersici,,,0,0,0,0,100,ml,,500
5941875906446,Ceai De Munte - Mentă,,Olympus,17,0,4.2,0,100,ml,500,
5941875906453,Olympus ceai rodie,,,20,0,5,0,100,ml,,500
5941875906477,Ice Tea,,Olympus,1,0,0,0,100,g,,
5941875906484,Ice tea,,Olympus,1,0,0,0,100,ml,,500
5941875906552,Yogurt 0% Fat,,Olympus,56,10,4,0,100,g,200,
5941875906569,Iaurt De Baut Protein 26g,,Olympus,66,8,4,2,100,g,100,
5941875906699,Lapte Protein,,Olympus,59,6.5,4.5,1.7,100,ml,100,
5941877400010,Papanasi,,Patico,239,9.2,38.7,5.1,100,g,50,
5941879202483,Șuncă de pui,,Ana Și Cornel,90,15,3,2,100,g,100,
5941880904307,Salată ton cu maioneză,,Bonito Exclusiv,481,10,2.1,48,100,g,,160
5941880904338,Salata cu icre Stiuca,,,661,2.2,0.7,72,100,g,,
5941880904352,Bonito salata icre crap ceapa 150G,,,555,0.5,1,60,100,g,,150
5941880904390,Salata cu icre de Crap si ceapa,,Bonito,558,2.8,1.8,60,100,g,,310
5941880904901,Hering Marinat Cu Lămâie,,Bonito,165,14,5.4,9,100,g,,
5941881800950,Paine Integrală Manea Brutarul,,Manea Brutarul,250,11.6,45.4,2.5,100,g,32,
5941882800027,Rondele,,SanoVita,374,13.5,74,0.9,100,g,,80
5941882800874,Exotic Mix,,Sano Vita,404,2.4,74,10,100,g,,
5941882806135,Peanut Butter,,SanoVita,614,25,14,50,100,g,,
5941882807996,semințe chia,,SanoVita,444,22.4,2.1,30,100,g,,200
5941882808023,Fine Oat Flakes,,SanoVita,372,13.5,58.7,7,100,g,,750
5941882808122,musli,,SanoVita,427,13.1,52.7,16.4,100,g,,
5941882808153,musli,,,406,13.1,49.4,14.6,100,g,,
5941882808177,SanoVita MÜSLI CIOCOLATĀ,,SanoVita,378,14.5,41.5,15.4,100,g,,
5941882808184,Granola Low Sugar,,SanoVita,461,6.8,50,24.1,100,g,350,350
5941882808191,granola,,SanoVita,442,13.7,42.2,22.3,100,g,150,
5941882808207,Granola Proteică,,Sanovita,439,22.8,39.3,19.4,100,g,100,
5941882808559,Bundaɓerg Spiced Ginger Beer,,Sanovita,44,0,10.8,0,100,ml,375,
5941882808801,Mini Rondele De Orez Cu Cascaval,,Sanovita,445,7.1,66.8,16,100,g,,
5941884000869,Vegetables Mix,,Casa Țărănească,41,1.7,6.7,0.2,100,g,100,
5941884004652,Conopidă Buchete Congelată Rapid,,Classic',18,1.4,1.7,0.2,100,g,100,
5941884005451,Hawaii Mix Cu Orez,,Casa Țărănească,99,3.2,20.6,0.6,100,g,100,
5941884005499,Zmeură,,Casa Țărănească,52,1.2,11.9,0.7,100,g,100,
5941884303762,Salata Cu Ton,,Oliveris,145,5,4.6,11.7,100,g,210,
5941884602025,Dra-gon-tsu,,Sloop,60,0.6,13.6,0.2,100,g,,
5941890400318,Covrigei vanilați cu semințe de in,,Hanul Boieresc,418,11.1,70.6,9.1,100,g,,100
5941890400325,Covrigei In Sare Mac,,Hanul Boieresc,409,11.3,67.9,9.1,100,g,250,
5941891400423,Dulceata De Visine,,Idicel Padura,237,1,58.3,0.1,100,g,100,
5941891401239,Unt De Arahide,,Răzvan Idicel,677,28.3,15.7,52.4,100,g,10,
5941892006402,Carne Tocata din Cotlet de Porc,,Comtim (Kaufland),180,22.5,0.5,10,100,g,500,
5941893320422,Fil Sam Salam rustic,,Fil Sam,199,15,3.8,13.7,100,g,,100
5941893363276,castraveți otet,,Altceva,29,1,3.5,0.5,100,g,,680
5941893364549,Pasta De Tomate,,Legume Fructe Buzău,104,1,22.7,0.7,100,g,100,
5941893420733,Fasole Verde Taiata,,FrescoVerde,30,1.9,3.2,0.5,100,g,,
5941893450877,Banana Bread Fara Zahar,,Rod,260,4.3,30,14.6,100,g,250,
5941893500145,29569 pui cu ciuperci,,Poli,151,5.2,3.8,12.2,100,g,310,
5941893560330,Somon Portii Condimentate,,Alfredo,221,19.8,0.2,16.7,100,g,,
5941893940781,Carnaciori Grill Picanti,,Silvania,226,17,1.1,17,100,g,,
5941896200318,Domneasca Cu Faina Neagra,,Vel Pitar,233,10.6,42.4,1.4,100,g,,1000
5941896700825,Paine Campeneasca cu Maia autentica,,Trei Brutari,246,9.4,51,1.1,100,g,30,
5941896700993,Paine Cu Seminte Si Maia Feliata,,,273,13,38,6.7,100,g,,
5941896701198,Biscuits,,Classic,376,9.3,71,5.6,100,g,100,100
5941897600155,Cornulete cu maia cu umplutura de magiun de prune,,Mama Pan,375,9,48.6,17,100,g,20,
5941897801842,Dulceata De Capsuni,,Hanul Boieresc Penny,296,0.2,73,0.2,100,g,,
5941901300033,Hamburger buns,,Schulstad,271,8.6,49.2,3.6,100,g,,300
5941901300248,Brioche hamburger buns,,Schulstad,294,8.8,49.4,5.8,100,g,81,324
5941901300286,gourmet boston,,Schulstad,275,9.2,48,4.3,100,g,81,
5941901300309,Hot Dog Buns,,Schulstad,270,9,48.2,4.6,100,g,62.5,
5941902500029,Salata de icre hering,,Pescom,679,0,5.1,73.7,100,g,200,200
5941903701340,Wrap Șnițel Pui,,Zest,203,9.7,18.2,10,100,g,180,
5941904201405,Crenvursti De Pui,,Szekely Falat,351,13.7,0.9,32,100,g,,
5941904600086,Baton de prune cu nucă,,Nutribon,379,5.7,53,14,100,g,,
5941904600338,Mix Montan,,Nutribon,650,21,5.3,58,100,g,,
5941904600413,Baton de nucă bună vișine,,Nutribon,476,7.5,49,27,100,g,,
5941904600628,Baton De Fructe Si Nuci ( Vişine ),,YOLO,387,2.2,72,1.6,100,g,30,30
5941904603117,"Baton Cu Nuci Caju, Migdale Si Capsuni",,Carrefour,382,6.5,59,12,100,g,,
5941904700205,Csiki csipz with truffle,,,529,7,48,34,100,g,60,
5941904704036,Csiki chips truffle,,cskii,532,7,47.6,34.2,100,g,,
5941904802985,Rondele Vegetale,,Damela,127,11,32,1.4,100,g,75,
5941905018019,Graines de tournesol,,,504,17.2,21.9,38.7,100,g,,
5941905018309,Covrigei fragezi Olivetti,,Olivetti,460,9.4,66,17,100,g,100,100
5941905044018,Lapte de vaca caimac,,lăptăria cu caimac,68,3.4,4.3,4,100,ml,,1000
5941905044049,iaurt natural,,Lăptăria cu caimac,75,3.3,5,5,100,g,300,300
5941905044223,Iaurt caimac mic,,Lăptăria cu caimac,52,3.3,3.3,2.7,100,g,,190
5941905044582,Kefir,,Laptaria Cu Caimac,46,3.5,4.5,1.6,100,g,375,
5941905044728,Kefir Rozè,,Lăptăria cu caimac,46,3.5,4.5,1.6,100,g,375,
5941905044735,Lapte gingas,,Laptsria cu caimac,72,3.5,4.8,4,100,ml,1000,1000
5941905049167,"Artesana lapte Bio 3,5%",,Artesana,71,3.7,4.9,4.1,100,g,,
5941905049198,Kefir din lapte de vacă ecologic,,Artesana,45,3,3.7,3.7,100,ml,350,350
5941905049204,Artesana Sana Bio,,,69,3.9,4.9,3.8,100,ml,,350
5941905049242,Lapte De Vaca Artesana,,Artesana,69,3.5,5.4,3.7,100,g,100,
5941905049273,Yogurt,,Artesana,67,3.3,5,3.7,100,g,320,
5941905049280,Kefir artesana,,Artesana,67,3.8,4.8,3.6,100,ml,,350
5941905049303,Artesana iaurtbăut350g,,,64,3.2,4.6,3.6,100,g,,
5941905049372,Kefir de capra,,Artesana,66,3.9,3.7,3.9,100,ml,350,350
5941905049389,Sana de capră,,Artesana,66,3.6,4.6,3.6,100,ml,350,350
5941905049457,artesana Branza De Vaci,,Artesana,97,20.3,2.6,0.6,100,g,,
5941905049488,Crema de branza,,Artesana,201,12.3,3.9,15.1,100,g,30,200
5941905049532,Iaurt Vișine,,Artesana,80,3,10.1,3.1,100,g,160,
5941905059043,Ciorba Perisoare,,2 Chefs,67,5.5,1.6,4.3,100,ml,400,
5941905087220,Amandina,,Ana Pan,368,4.9,48.9,16.9,100,g,100,
5941905178041,Paine Integrala Cu Maia Si Seminte,,Demetra,238,8.8,46.2,4.3,100,g,,
5941905210017,Brânză Caju,,Filgud,447,7.1,11,41,100,g,,
5941905227572,Shaorma cudetoate,,RAWZ,152,2.9,20,6.5,100,g,370,370
5941905227978,Caserola Ready Meal Umami,,Ceea Ce lidl,185,9.7,22.2,6.4,100,g,380,
5941905257241,Crema Migdale,,Unison,674,19.4,24.5,55.4,100,g,100,
5941905301227,înlocuitor vegetale pentru cârnǎciori,,Verdino,230,17,3.8,15,100,g,,160
5941905301401,Nuggets,,Verdino,285,14,17,17,100,g,,150
5941905301852,Mazare Cu Pui,,Sapte Zile,134,9,6.4,8,100,g,330,
5941905301876,chiftele sos tomat,,șapte zile,53,2,1.7,4.2,100,g,330,
5941905603185,blat pt pizza mi piace,,Mipiace,226,10.3,41.4,1.9,100,g,,
5941906003304,Carne Tocata De Vita,,Auchan,251,17,0.5,20,100,g,,
5941910003154,Creveți prefierți,,Blue Bay,95,22.2,0.3,0.5,100,g,200,
5941911092140,Wafers lemon,,Arslan,514,2.8,60.8,28.8,100,g,100,215
5941915000523,carnati Stick,,agricola,519,18,6,47,100,g,,
5941918000681,Hamburgeri de vită Black Angus,,Moldovan,132,17.6,1.2,13.6,100,g,,
59419198,peche,,Danone,92,3.6,12.6,2.9,100,g,,125
5941932200029,Lemon Lime OSHEE Vitamin Water,,,1,0,0,0,100,ml,,555
5941932200036,vitamin water,,,20,0,4.9,0,100,g,,
5941938600274,5 to go caramel,,5 To Go,57,2.8,8.5,1.3,100,g,240,
59419723,drojdie pakmaia,,Pakmaya,572,0.8,2.3,63,100,ml,15,
5941976902163,Suc de Mere și Afine,,,53,0.1,12.8,0.1,100,g,,
5942016301861,Ursus Cooler Chill Lemon,,Ursus,30,0.1,7.2,0,100,ml,,500
5942016304350,Ursus Cooler Grapefruit,,Ursus,26,0.1,5.8,0,100,g,,
5942016307047,Peroni doza Bere 5 942016307047&gt;,,Peroni Nastru Azuri,0,0,0,0,100,g,100,
5942016307306,Ursus fara alcool,,URSUS,20,0.3,4,0,100,g,,
5942016308976,Ursus Cooler lamaie,,Ursus,23,0.1,5.3,0,100,g,500,
5942016308990,Ursus Cooler ananas,,Ursus,21,0,4.8,0,100,ml,,500
5942016309010,Ursus Cooler Zmeură Mure,,Ursus,22,0.1,4.9,0,100,g,250,
5942016309256,0.0% Alcohol Arancia Rossa,,Peroni,25,0.2,5.5,0,100,g,,
5942016309331,Nastro Azzuro 0.0% Limone Di Sicilia,,Peroni,25,0.2,5.4,0,100,ml,100,
5942016309447,Non-alchool Beer,,Ursus Cooler,23,0.1,5.4,0,100,ml,100,
5942017011158,Sex on the Beach 0% Alcohol,,Zarea,32,0,7.8,0,100,ml,100,
5942045227507,Tuborg Alcohol Free,,Tuborg,27,0,5.9,0,100,ml,500,
5942045321502,granini 0.33,,Granini,41,0,9.7,0,100,ml,100,
5942045321540,granini piersici 0.33,,Granini,21,0,4.9,0,100,ml,330,
5942045321601,granini visine,,Granini,21,0,4.9,0,100,ml,100,
5942070005323,Bergenbierbere doza 0.5l SGR,,Bergenbier,42,0.5,3,0.5,100,ml,100,100
5942070005675,Mix De Suc Și Bere 0% Alcohol Zmeură Și Afine,,Fresh,23,0.1,5.9,0,100,g,,
5942070005767,Fresh zmeura afine,,Fresh,23,0.1,5.9,0,100,ml,330,
5942070005859,staro doza,,Staropramen,44,0.5,3.7,0.5,100,g,,
5942070006023,Stella 0.66,,Stella Artois,41,0.5,3.1,0,100,ml,660,
5942070006337,caraiman 0.33,,Caraiman,38,0,3.2,0,100,ml,,
5942070007013,Fresh Cirese Si Lamaie,,Fresh,20,0.5,3.6,0.5,100,ml,500,
5942105004079,Heineken 0,,Heineken,19,0,4.2,0,100,ml,330,500
5942105008817,Ciuc radler zmeura 0.5,,Ciuc,26,0,6.2,0,100,g,,
5942105008824,Ciuc Radler visine,,Heineken,27,0,6.1,0,100,g,,
5942105008930,Birra Moretti Zero,,Birra Moretti,19,0.2,4.5,0,100,ml,330,330
5942105009104,Heineken doza,,Heineken,42,0,3.2,0,100,g,,
5942105010995,Heineken 0.0,,Heineken,21,0,4.8,0,100,ml,,330
5942105011220,Birra Moretti Sale Di Mare,,Birra Moretti,42,0.1,3.8,0,100,ml,,330
5942204001856,Lipton Piersici,,Lipton,20,0.5,4.6,0.5,100,g,,
5942204004864,mirinda 0.33,,Mirinda,21,0,5.2,0,100,ml,330,
5942204004949,7up zero zahăr,,,1,0,0,0,100,ml,,1250
5942204005014,Mountain Dew 1.25,,Mountain Dew,52,0,13,0,100,ml,,1250
5942204005021,MountainDew 2l,,MountainDew,52,0,13,0,100,ml,250,
5942204005052,Portocale,,Prigat,19,0.1,4.5,0,100,ml,500,
5942204005069,Băutură Răcoritoare Căpșuni și Banane - Prigat,,Prigat,31,0,7.7,0,100,ml,500,
5942204005137,Suc de piersică,,Prigat,78,0,19,0,100,ml,,500
5942204005588,pepsi 0.5,,Pepsi,28,0,7,0,100,ml,,500
5942204005618,Pepsi 300 ml,,Pepsi,28,0,7,0,100,ml,,300
5942204005632,Pepsi,,PEPSI,28,0,7,0,100,ml,,250
5942204005649,Pepsi,,Pepsi,28,0,7,0,100,ml,,2500
5942204005670,Pepsi Max,,Pepsi Max,0,0,0,0,100,ml,,2000
5942204005694,Pepsi Max,,Pepsi,1,0,0,0,100,ml,,2500
5942204005717,Pepsi Zero 0.5,,Pepsi,1,0,0,0,100,ml,,500
5942204005748,Pepsi Max 0.33,,Pepsi,1,0,0,0,100,g,,
5942204005755,Pepsi Twist,,Pepsi,0,0,0,0,100,ml,,500
5942204005779,Pepsi Twist 2l,,Pepsi,44,0,11.2,0,100,ml,250,2000
5942204005793,pepsi twist 0.33,,Pepsi,44,0,11,0,100,ml,330,330
5942204005809,Pepsi twist,,Pepsi,44,0,11,0,100,ml,250,
5942204005847,Lipton Ice Tea,,Lipton,20,0,4.6,0,100,g,,
5942204005878,Ice Tea Green Lipton 500ml,,,10,0,2.32,0,100,ml,,
5942204005885,Lipton Cu Ceai Verde,,Lipton,10,0,2.3,0,100,ml,,1500
5942204005960,Ice tea mango fructul pasiunii,,,14,0,3.1,0,100,g,,
5942204007520,mirinda 0.33,,PEPSI,1,0,0,0,100,ml,330,
5942204007537,Pepsi Twist Max 0 5,,Pepsi,0,0,0,0,100,ml,,500
5942204007551,pepsi zero twist 2l,,Pepsi,1,0,0,0,100,ml,2000,
5942204007940,Mountain Dew,,Mountain Dew,52,0,12.8,0,100,ml,250,
5942204008138,Ceai negru cu gust de portocale si mango,,Lipton,20,0,4.7,0,100,ml,250,1500
5942204008275,Pepsi cu gust de Zmeură,,Pepsi,27,0,6.8,0,100,ml,250,2000
5942204008398,Pitch Black,,Mountain Dew,20,0,4.9,0,100,ml,250,
5942207000368,Frutti - Fresh Grapefruit,,,37,0,9,0,100,g,,
5942207001563,Frutti fresh,,,39,0.5,9.5,0.5,100,ml,250,2000
5942207012613,Frutti fresh piersici,,,19,0,4.6,0,100,g,225,
5942207013078,Frutti Fresh,,,32,0,7.8,0.5,100,g,,
5942207013221,Fruttia Delicio Tutti Frutti,,,19,0,4.7,0,100,ml,250,
5942207013368,Tutti Frutti,,Frutti Fresh,19,0.5,4.6,0.5,100,ml,,2000
5942207013436,Frutti Fresh Grapefruit Roz,,,20,0.5,4.6,0.5,100,ml,,2500
5942207013498,"frutti 2,5",,Frutti Fresh,19,0.5,0,0.5,100,ml,,2500
5942207013528,Frutti Fresh Pere 0.33DZ,,Fruitti Fresh,19,0.2,4.5,0.2,100,ml,330,
5942218001132,Santal arance rosse di Sicilia,,Santal,49,0.2,11,0.1,100,g,,
5942218001170,Santal nectar piersici,,Santal,60,0.4,13.6,0.1,100,g,,
5942218001279,Santal,,Santal,57,0.1,12.6,0.1,100,ml,,1000
5942218001316,Suc Ananas,,Santal,49,0.2,11.1,0.1,100,g,,
5942218002214,Arancia Nettare,,Santal,46,0.2,10.3,0.1,100,ml,,1000
5942218002924,Santal Mere Verzi,,Parmalat,46,0.1,10.8,0,100,g,,1000
5942218002931,Santal Merisor,,Santal,43,0,10.3,0,100,g,,
5942218004645,Santal ananas 1 5L,,Santal,21,0,4.9,0,100,g,,
5942219000059,"Borsec, regina apelor minerale apă minerală, natura carbogozoasă",,Borsec,0,0,0,0,100,ml,1000,1500
5942219000066,Apa Minerala Carbogazoasa,,Borsec,0,0,0,0,100,g,,
5942219111137,apă minerală plată,,Borsec,0,0,0,0,100,ml,,500
5942219111960,Morello cherry,,Giusto,83,0.7,28,0,100,ml,,2000
5942219115845,"Apă minerală naturală, natural carbogazoasă",,Borsec,0,0,0,0,100,ml,,1500
5942219115913,Apă plată minerala naturală,,Borsec,0,0,0,0,100,ml,,500
5942233001674,Apă,,Brainia,18,0,4.3,0,100,g,,
5942289000164,Succo di carota e frutta,,Tedi,52,0.4,11.9,0.1,100,g,,
5942289000553,Tymbark Nect Porto,,Tymbark,47,0.3,11.2,0.1,100,g,,
5942289000591,Piersici nectar,,Tymbark,26,0.5,5.2,0.5,100,ml,100,1000
5942289002564,Tymbark Pere,,Tymbark,51,0.3,12,0.1,100,ml,,1000
5942289002847,Ciao Peach,,Ciao,21,0.5,4.9,0.5,100,ml,100,2000
5942289002854,Ciao Orange Juice,,,21,0.5,4.9,0.5,100,ml,2000,
5942289002861,Ciao multifruit,,ciao,20,0.5,4.6,0.5,100,ml,,2000
5942289004377,Tymbark Visine,,Tymbark,21,0,4.9,0,100,ml,,2000
5942289006173,Tymbark Ananas,,Tymbark,20,0.5,4.9,0.5,100,ml,,2000
5942289008641,MAR VERDE Timbark,,Tymbark,24,0.5,5,0.5,100,g,,
5942289009938,Mousse,,tedi,56,0.7,12,0.3,100,g,,100
5942289009952,Mousse capsuni,,,62,0.7,13,0.5,100,g,,
5942289010620,suc de ananas cu pulpa bogata in vitamina C,,Tymbark,46,0.5,11,0.5,100,ml,,1000
5942289012464,Nestea Lemon,,Nestea,18,0.5,4.5,0.5,100,ml,,1500
5942321000046,Cola doza,,Coca Cola,42,0,10.6,0,100,ml,,330
5942321000053,Coca cola,,Coca-Cola,42,0,10.6,0,100,g,,
5942321000060,Coca-Cola Gust Original,,Coca-Cola,42,0,10.6,0,100,ml,,2000
5942321000091,cola zero 0.33,,coca cola,0,0,0,0,100,ml,,330
5942321000114,Coca Cola Zero 2l,,Coca Cola,1,0,0,0,100,ml,250,2000
5942321000121,Coca Cola Zero Zahăr,,Coca cola zero,0,0,0,0,100,ml,,2500
5942321000152,Fanta doza,,Fanta,43,0,10.5,0,100,ml,,330
5942321000169,FANTA Portocale,,Fanta,43,0,10.5,0,100,ml,,2500
5942321000176,Fanta madness 2.5,,Fanta,34,0,8.4,0,100,ml,,2500
5942321000183,fanta mednes 0.33,,Fanta,34,0,8.4,0,100,ml,330,
5942321000206,Fanta portocale 2l,,Fanta,42,0,10.5,0,100,ml,,2000
5942321000237,Fanta Grepfrut Roz zero zahar,,Fanta,3,0,0.3,0,100,ml,100,
5942321000329,Mandarine Schweppes 1.5,,,42,0,10.1,0,100,g,,
5942321000336,bitter lemon 1.5,,Schweppes,52,0,12.8,0,100,ml,1500,1500
5942321000343,Schweppes bitter lemon,,Schweppes,37,0,8.9,0,100,ml,,1500
5942321000367,Schweppes Bitter Lemon o.33,,Schweppes,52,0,12.6,0,100,ml,,330
5942321000459,ceai negru cu piersici si hibiscus,,Fuze Tea,19,0,4.4,0,100,ml,100,1500
5942321000534,cappy grapfruit 1.5,,,20,0,4.5,0,100,ml,,1500
5942321000558,Cappy pulpy piersici,,cappy,34,0,7.9,0,100,ml,,1500
5942321000688,apă minerala,,Dorna,21,0,5.2,0,100,ml,330,2000
5942321002125,cola zero 1 l,,Coca-Cola,0,0,0,0,100,g,,
5942321002149,cola 1 l,,,42,0,10.6,0,100,ml,,1000
5942321002163,Fanta Madness,,Coca-Cola,34,0,8.4,0,100,g,250,
5942321002200,Sprite 1l,,Coca Cola,20,0,4.6,0,100,ml,250,1000
5942321002286,Fanta Portocale 1.5l,,Coca Cola,43,0,10.5,0,100,ml,,1500
5942321002408,Sprite 2l,,Sprite,18,0,4.6,0,100,ml,,2000
5942321002446,Sprite 2.5,,Sprite,50,0,12,0,100,ml,250,
5942321002576,Coca Cola Lămâie Original,,Coca Cola,42,0,10.6,0,100,ml,250,2000
5942321002590,Coca Cola Lămâie 0.33,,Coca Cola,43,0,10.6,0,100,ml,330,330
5942321002798,Blueberry Mojito,,Schweppes,28,0,6.4,0,100,ml,330,
5942321003009,Coca Cola Lămâie Verde,,Coca Cola,43,0,10.6,0,100,ml,250,100
5942321003054,Coca Cola Lamaie Verde,,Coca Cola,42,0,10.6,0,100,ml,330,330
5942321003610,Tonic Water PINK 🩷,,Schweppes,19,0,11,0,100,ml,250,
5942321003856,Schweppes Purple Tonic Style,,Coca Cola,18,0,4.5,0,100,ml,,1000
5942321003931,Coca Cola Lămâie Verde Original,,Coca Cola,42,0,10.6,0,100,ml,250,1000
5942321004099,Fanta Lămâie Original,,Coca Cola,18,0,4.4,0,100,ml,250,2000
5942321004280,Schweppes Lămâie și Zmeură,,Coca Cola,18,0,4.3,0,100,ml,250,1500
5942321004563,Fanta Crimson Cherry,,Coca Cola,16,0,3.9,0,100,ml,250,
5942321004716,Schweppes Vișine și Piper Negru,,Coca Cola,16,0,4,0,100,ml,250,1500
5942321004754,Crimson Cherry,,Fanta,17,0,3.9,0,100,ml,330,
5942325002169,Tymbark,,Tymbark,20,0.5,4.9,0.5,100,ml,100,
5942325002268,TYMBARK MAR VERDE,,Tymbark,21,0.5,5.1,0.5,100,g,,
5942325002282,Timbark,,Timbark,20,0.5,4.9,0.5,100,ml,,2000
5942325002305,tymbark 2l,,TYMBARK,21,0.5,4.9,0.5,100,g,,
5942325002503,Tymbark fizzy Mere Mango,,Tymbark,18,0,4.5,0,100,ml,330,
5942325003005,FIGO Capsuni,,Figo,17,0.5,4,0.5,100,g,300,
5942325003081,Play! Zmeurâ,,,46,0.5,11,0.5,100,g,,
5942325003203,Tedy Walter lămâie,,,16,0,3.9,0,100,g,,
5942325003265,Nestea de piersici,,Nestea,19,0.5,4.5,0.5,100,ml,,1500
5942325003289,nestea,,Nestea,18,0.5,4.5,0.5,100,g,,
5942325003364,nestea lamaie,,Nestea,10,0.5,4.5,0.5,100,g,,
5942325003777,Bucovina carbo 1.5L,,,0,0,0,0,100,ml,2000,
5942325004637,Timbark joy Vibes,,Tymbark,18,0,4.5,0,100,ml,,330
5942326400018,Aqua Carpatica,,Carpatica,0,0,0,0,100,ml,,500
5942326400131,Apa plata,,AQUA Carpatica,0,0,0,0,100,ml,1000,2000
5942326400186,Apa plată,,Aqua Carpatica,0,0,0,0,100,ml,,750
5942326400568,AQUA CARPATICA,,Aqua Carpatica,0,0,0,0,100,ml,,1000
5942326401947,Flavoured sparkling beverage with natural mineral water and raspberry juice,,AQUA CARPATICA,21,0,4.9,0,100,ml,,330
5942326402364,Aqua Carpatica Flavors,,AQUA CARPATICA,21,0.9,5,0,100,g,,
5942326402371,Aqua Carpatica Flavours cu Piersica si Mango,,Aqua Carpatica,21,0,4.9,0,100,ml,330,330
5942326402388,Strawberry and Elderflower,,Aqua Carpatica,21,0,4.9,0,100,ml,330,330
5942326402869,aqua carpatica grapefruit,,aqua carpatica,21,0,4.9,0,100,ml,100,
5942328200043,Vitamin aqua Ca,,Merlin's,14,0,3.2,0,100,g,,600
5942328201132,Vitamin Aqua Merlin s,,Property of Merlin's Beverages,17,0,4.2,0,100,ml,600,600
5942328201149,apa vitamine Ca,,vitamin aqua,14,0,3.2,0,100,ml,,600
5942328201156,Pere si afine Mg,,vitamin aqua,14,0,3.2,0,100,ml,600,600
5942328201170,Vitamin Aqua Focus B+,,Merlin's,14,0,3.3,0,100,ml,600,
5942328201187,Watermelon & Lime Zero,,Vitamin Aqua,2,0,0,0,100,ml,600,
5942328201194,apa vitamine Ca zero,,vitamin aqua,2,0,0,0,100,ml,600,600
5942328201200,Vitamin Water Mg Zero,,,2,0,0,0,100,ml,600,600
5942328201217,Vitamin Aqua Zero Vitamin C,,Vitamin Aqua,2,0,0,0,100,ml,600,
5942328201224,Lemonade,,Merlin's,19,0,4.2,0,100,ml,100,
5942328201248,Merlin s lemonade lime si menta,,lemonade,19,0,4.1,0,100,g,,
5942328201972,VItamin aqua b+ focus,,Merlins,14,0,3.3,0,100,ml,1200,
5942328202030,Pop Cola Botanical,,,20,0,4.8,0,100,g,,330
5942328202054,"Pop Cola Botanical, Zero, Îndulcit cu Stevia",,Pop Col,1,0,0,0,100,ml,330,330
5942328202085,Ceai rece lamaie,,Plafar,18,0,4.3,0,100,ml,500,
5942328202108,POP COLA CLASSIC,,www.pop-cola.com,42,0,10.6,0,100,ml,,500
5942328202115,pop cola free 500ml,,,20,0,4.8,0,100,ml,,500
5942328202139,Pop Cola Zero,,,1,0,0,0,100,g,,
5942328202177,Botanical Lemon Lime,,Pop Cola,11,0,2.7,0,100,ml,,1500
5942328202429,Vitamin Aqua Complex 10 Vitamine - Aniversary Pară & Piersică,,Merlin's Beverages,15,0,3.7,0,100,ml,600,
59438908,Danone Activia Iaurt Musli Capsuni,,Danone,90,3.4,12.7,2.8,100,g,125,150
59440086,Casa bună caise100g,,Danone Casa Buna,67,2.9,11.7,1,100,g,,
59440864,Iaurt,,Danone,67,2.9,11.7,1,100,g,100,100
59441199,Danonino banane zmeură,,danone,93,6.3,11.1,2.5,100,g,100,
59454847,cremosso visine 125G,,Danone,95,3.3,12.9,3.6,100,g,125,125
59459446,Covalact de tara Iaurt,,Covalact,53,3.2,3.8,2.8,100,g,,140
5947267031444,Șuncă Praga,,Matache,103,18,0.7,3,100,g,,
59473473,Iaurt Bio covalact 140g,,Covalact,62,3,4,4,100,g,140,
59476931,Covalact de Tará 20%,,Smântânã,199,2.6,2.2,20,100,g,,140
59479284,Covalact Iaurt cu caimac,,Covalact,102,3.7,4.9,7.5,100,g,,140
5948517603497,Mustar Clasic Knorr,,Knorr,110,4.5,8,5,100,g,,500
5948517603503,Moutarde classique,,Knorr,110,4.5,9,6,100,g,,
5948539000007,Biscuiți digestivi cu ovăz,,Cafétime,434,9.9,61,15,100,g,82,
5948539000182,Biscuiti digestivi cu scortisoara,,cafétime,434,9.9,61,15,100,g,,90
5948626001269,Foi De Placinta,,Morarita,290,9.6,59,1.1,100,g,100,
5948666002394,Waffeln,,Firesco,507,7.7,46,33,100,g,,250
5948666007689,Vafe cu umplutură caramel și unt,,Firesco,456,3.5,68.6,18.5,100,g,80,80
5948688012333,Gouda,,,344,26,1.4,26,100,g,,
5948688013309,Pasta De Tomate,,Proxi,98,3,19,0.7,100,g,300,
5948688013323,Vafa Vanilie,,Proxi,196,1.8,29,7.9,100,g,50,
5948688027986,White Flour,,Profi,346,11,73,0.9,100,g,100,
5948688030948,Lapte de consum,,Proxi,63,3.2,4.7,3.5,100,ml,,1000
5948688037725,Legume Mexicane,,Proxi,56,2.2,9.5,0.3,100,g,,
5948688038562,Brânza Gouda Felii,,Lăptăria Amu,348,24,0.1,28,100,g,150,
5948688039927,Înghețată Cu Vanilie Și Glazura De Ciocolată,,Proxi,285,3.7,24,19,100,g,85,85
5948688041746,Lemon Lime 0.33DZ,,,17,0,4,0,100,g,,
5948688049216,shot oaie not?,,Profi,47,0.5,11.6,0.5,100,ml,98,98
5948710003117,Amestec Pentru Supa De Legume,,Edenia,29,1.7,3.4,0.2,100,g,,
5948710003148,Aripi de pui pane,,Edenia,237,13,13,15,100,g,,
5948710004619,Vinete Coapte Tocate,,Edenia,16,1,2.3,0.3,100,g,450,
5948710006705,Cordon bleu,,Edenia,200,18.3,12,8.7,100,g,,250
5948710007931,Corso intenso chocolate,,Corso,317,4,33,18.1,100,g,,74
5948710010641,Quattro Formaggi,,,246,11.9,29.1,8.6,100,g,,
5948710011389,Diavola - Pizza cu salam picant şi ardei iute,,Edenia,232,10.1,28.3,8,100,g,100,325
5948710011396,Pizza Greca,,Edenia,202,6.8,27.8,6.6,100,g,,
5948710012195,Ham pizza,,Edenia,208,10,31,4.4,100,g,410,
5948710012201,Pizza Ham and Mushrooms,,Edenia,199,9.3,30,4.1,100,g,,
5948710012898,Chocolate Icecream,,Corso,226,3.7,27,11,100,g,,
5948710013499,SWEET POTATO FRIES,,Edenia,162,2,24,5.7,100,g,,
5948710013505,Vegetable fries,,Edenia,127,1.6,14,6.4,100,g,,450
5948710013512,Fried Calamari,,Edenia,208,6.5,25,9,100,g,,
5948710013918,Pizza Royale,,Edenia,219,10.2,24.7,8.3,100,g,,
5948710014311,Pizza Hot-Dog,,Edenia,259,11.1,26.3,12.1,100,g,495,
5948710014915,Falafel,,Edenia,242,7.4,25,12,100,g,,
5948710015400,Inner Chicken FILLET,,Edena,171,17,13,6,100,g,160,
5948710016223,Slow Cooked Pulled Beef,,Food Glory,120,19,1.8,4,100,g,100,
5948710016247,food glory Coaste De Porc,,Food Glory,218,17,3.5,15,100,g,,
5948710016803,Pui Copt,,Food & Glory,135,20.3,1,6,100,g,,1000
5948710016858,PIURE DE BROCCOLI,,Edenia,28,3.1,1.1,0.8,100,g,200,
5948710018005,edenia piept cu cartofi,,Edenia,137,11,8.3,6.7,100,g,250,
5948710018029,Tagliolini Truffles,,Edenia,168,5.3,22,6.1,100,g,100,
5948710018043,food glori pulpe rata,,Food&glory,197,20,0,13,100,g,100,
5948741001908,Sirop De Brad,,Steaua Divina,285,0.6,70,0,100,ml,30,
5948742023725,"Bautura Racoritoare din Mere, Catina si Ghimbie Bio",,Katinola,31,0.1,0,0.1,100,ml,,250
5948792042493,"ARAHIDE DECOJITE, CRUDE",,METRO Chef,643,25.4,21.2,48.8,100,g,,
5948792042523,Fl fistic copt și sărat,,Fine Life,598,21.1,16.2,47.6,100,g,,
5948792056858,Fl,,,96,0,8.8,4.9,100,g,,
5948792061029,Dorada Regala,,Metro,139,20.9,0,6.1,100,g,100,
5948792076689,Iaurt,,FineLife,61,3.1,4.2,3.5,100,g,150,150
5948825004153,Basmati Rice,,Deroni,346,8.7,73.7,1.3,100,g,,
5948861011887,gradena amesyec european,,Gradena,35,2,4.3,0.2,100,g,,400
5948861012167,Cascaval Pane,,La Masa,276,13,24,14,100,g,100,
5948867002223,Hering In Ulei Vegetal,,Baltic Club Seafood,291,21,0,23,100,g,240,
5948875130970,Delight Croissant,,Delight Croissant,419,7.3,47,22,100,g,,50
5948935004548,Sammills Tortilla Chips - Gesalzen,,SamMills,445,4.8,73,14,100,g,,125
5948937001385,Hot pepper in vinegar,,,19,0.9,2,0.3,100,g,,
5948990120986,Pesto alla Genovede,,Panzani,331,3.8,0,31.4,100,g,,
5948990121051,Bolognese Selected Meat,,Panzani,84,4.9,6.9,3.8,100,g,425,
5948990121099,Pasta Sauce,,PANZANI,52,1.3,6.4,2,100,g,100,
5948990121174,Mămăligă Express,,Panzani,360,7.3,76,2.4,100,g,100,
5948990121280,Orez Basmati,,Panzani,348,10,79,0.5,100,g,100,
5948990121396,Orez,,Panzani,352,6.7,80,0.6,100,g,100,125
5948990121419,Quinoa,,Panzani Express,360,15,61,4.5,100,g,90,180
5948990121440,Orez bob mare Panzani,,Panzani,395,8,76.2,0.8,100,g,1000,1000
5948990130138,Ulei floriol,,Floriol,900,0,0,100,100,ml,,1000
5948990130237,Ulei De Floarea Soarelui,,,900,0,0,100,100,g,10,
5948990132057,Sonnenblumenöl,,,828,0,0,92,100,g,,
5949000012031,Pepsi,,Pepsi,45,0,11,0,100,ml,250,2000
5949000012048,Pepsi Cola,,Pepsi,43,0,11,0,100,ml,100,2500
5949000013045,Pepsi,,Pepsi,45,0,11.1,0,100,ml,,330
5949000500057,Pepsi Twist,,Pepsi,44,0,11,0,100,ml,250,
5949000501795,Gatorade - Sport Drink - Aromă de zmeură,,Gatorade,24,0,5.8,0,100,ml,,500
5949000502426,Lipton saveur framboise,,Lipton,20,0,4.6,0,100,ml,,500
5949000505250,Mirinda Portocale,,Mirinda,31,0.5,7.8,0.5,100,ml,,500
5949000505267,7UP,,,30,0,7.3,0,100,ml,,500
5949000506400,Green Ice Tea,,Pepsi,19,0.5,4.6,0.5,100,g,,
5949000506547,Pepsi,,Pepsi,1,0,0,0,100,ml,250,1250
5949000506868,Pepsi max,,Pepsi,0,0.5,0.5,0,100,ml,,2000
5949003405717,Midii,,Alfredo Seafood,110,23.2,0,1.4,100,g,,
5949013102002,Cod liver,,DeFish,587,4.8,0.9,63.8,100,g,120,
5949013103436,Linte boabe întregi,,O'GREEN,90,6.1,12,0.4,100,g,,1
5949013104228,Chicken Bebab,,Best Meat,161,15.2,0.9,11.2,100,g,125,
5949026100392,Mix Tropical,,Solevita,44,0.3,10.3,0,100,g,,
5949026104246,Freeway Cola Clasic,,Freeway,18,0.1,4.6,0.1,100,ml,330,330
5949026105175,Bio Ginger Shot,,Solevita,35,0.5,8,0.5,100,ml,150,150
5949026106394,Colagen Shot,,Solevita,17,3.8,0,0,100,ml,150,
5949026106738,Suc mere nefiltrat,,Solevita,45,0.1,10.4,0,100,g,,
5949026107001,Cireșe High Protein,,Freeway,18,4,0,0,100,ml,500,
5949034000028,Fulgi De Ovăz,,Pirifan Inima Naturii,367,12.4,60.7,6.9,100,g,100,500
5949034000295,Fulgi De Porumb,,Pirifan,332,8,71,1.2,100,g,100,1000
5949034009625,Fulgi de Ovăz Fin,,Agappy,376,13,68,6.9,100,g,100,
5949036300379,Cascaval Rucar Rustic,,rustic,291,20,1,18,100,g,,400
5949036301734,branza slaba de vaci,,rustic,69,13,2,1,100,g,100,450
5949040201198,Covrigei Clasic Italian,,Alka,354,7.2,51,15,100,g,,
5949040202409,Toortitzi,,alka,416,10,72,8.9,100,g,,
5949040202447,Toortitzi,,tortizi cu suzan alb și negru,437,11,67,13,100,g,,
5949040202461,Toortitzi,,Alka,437,11,67,13,100,g,,180
5949040202485,Toortitzi,,Alka,431,11,67,12,100,g,,80
5949040202508,Toortitzi,,Alka,431,11,67,12,100,g,,180
5949040202522,Tortizzi,,Alka,425,8.3,68,12,100,g,,80
5949040202584,Toortitzi dulce acrisor,,,447,8.6,69,15,100,g,,
5949040203192,Soocitzi cu ceapă caramelizată,,Alka,426,8.2,72,11,100,g,,200
5949040203239,soocitzi,,Alka,427,11,74,9.2,100,g,,200
5949040203246,Covrigi Rosii si Chimen,,Alka,426,11,69,11,100,g,100,200
5949040203840,Toortizzi,,Alka,416,10,72,8,100,g,10,
5949040203963,Prăjitură Casei Crema Moccacino,,Alka,400,4.8,55,18,100,g,55,55
5949040203987,alka,,Alka,400,5.2,57,17,100,g,,
5949040204212,Baked pretzel,,Elephant,420,10,66,12,100,g,50,
5949040204236,Baked Squeezed Pretzels Honey Mustard & Onion,,Elephant,440,8,70,14,100,g,50,
5949040204809,toortitzi chili,,Alka,439,9.5,68,14,100,g,100,
5949044404410,Vegan Coconut,,Muller,20,0.1,2.4,1.1,100,g,,
5949044404694,Iaurt Protein+,,Muller,59,10.2,4.5,0,100,g,205,205
5949044404717,iaurt PROTEIN+ 15g,,müller,80,8.9,11,0,100,g,170,
5949051601871,Long grain rice,,Kaufland,346,7,77,0.8,100,g,,
5949065001629,Fasole bătută,,MEGA APETiT,140,5.2,8.5,7.5,100,g,250,250
5949065001773,Chiftele cu piept de pui,,Mega Apetit,211,17.5,19.6,7,100,g,,220
5949065001780,Salata a la russe,,MEGA APETIT,82,1.6,9.4,3.7,100,g,250,250
5949065001902,Chifteluțe de legume,,MEGA APETIT,157,3.7,24.5,4.9,100,g,100,220
5949065002916,"Lapte de consum 1,5%",,delhaze,44,3.2,4.5,1.5,100,ml,,1000
5949065003562,Turta dulce cu glazura de bezea,,Gusturi Românești,385,5.5,86.7,0.1,100,g,100,200
5949065004378,71606 Mega Apetit Salata orientala,,Mega Apetit,82,3,9.3,3.6,100,g,,250
5949065004507,Chefir,,Gusturi românești,60,3.3,4.2,3.3,100,g,,330
5949065004521,Cașcaval Dalia,,Gusturi românești,315,25.8,27,22.3,100,g,100,400
5949065004569,Talemea De Ibanesti Proaspata,,Gusturi Romanesti,198,16,0.8,14.5,100,g,100,
5949065004583,Sana,,,59,3.3,3.4,3.6,100,g,,900
5949065004620,MEGA BRANZA TOPITA,,Mega,229,7.1,7.1,19,100,g,,
5949065004668,Brânzá Fágárás 35%,,Gusturi Romanesti,117,8.2,4.1,7.5,100,g,185,185
5949065007164,Salam de sibiu,,Gusturi romanesti,475,23.4,1.9,41.5,100,g,4,100
5949065009359,40938 Humus cu ardei copti,,MegaApetit,221,7.1,9.9,15.6,100,g,,200
5949065011253,Mușchi File Afumat Feliat,,Gusturi Romanesti,162,27,1,5.4,100,g,,
5949065011482,Mega lipie faina alba 500g,,MEGA,290,12.7,58.3,0.5,100,g,50,
5949065012601,Baton Cu Lapte Și Unt,,Gusturi Românești,435,7.3,62.3,16.8,100,g,80,80
5949065012670,Salata de vinete,,Vreau Din România,97,1,3,8.5,100,g,250,
5949065013417,Suc de rosii,,gusturi romanesti,42,2,7.5,0,100,ml,100,
5949065014353,drajeuri din ciocolata neagra cu alune de padure,,delhaize,571,7.6,48,40,100,g,80,80
5949065017224,Muschi file feliat,,,111,19.2,1.4,3.1,100,g,80,80
5949065017231,Filè de somon,,Mega Image,150,21.2,0.4,7,100,g,100,100
5949065017293,Cacahuètes,,,632,27.5,5.2,53.4,100,g,100,
5949065017439,Placinta Rulata Cu Mere,,Mega,197,3.2,28.8,7,100,g,,
5949065017828,PUI CU SUSAN,,Apetit,267,24.8,12.5,13.1,100,g,100,
5949065017996,Mega Pâine Toast Clasic 600 gr,,Mega,261,9.3,48.8,2.4,100,g,,600
5949065018047,baton cu susan,,mega,554,16,41,34,100,g,,35
5949065019495,Ciuperci Tăiate,,Mega,18,2.1,0.2,0.4,100,g,100,
5949065020507,Sweet Corn,,Gustona,107,3.3,19,1.5,100,g,340,340
5949065020897,Humus arăbesc clasic,,Mega Apetit,204,7.4,5.1,15.7,100,g,,200
5949065020965,Humus cu ardei copti,,Mega Apetit,221,7.1,9.9,15.5,100,g,100,200
5949065021450,Sos samurai,,,684,1.2,0.5,75,100,g,,
5949065022051,RICOTTA,,MEGA,150,7.5,3,12,100,g,30,
5949065022174,Fasole Verde Pastai,,,40,1.6,3.7,1.4,100,g,,
5949065022303,ECO Rondele cu multicereale și amarant,,Nature’s promise,386,9.3,78,2.8,100,g,8,100
5949065022310,Corn cakes (with sea salt),,Nature's Promise Bio,341,6.5,84,0.5,100,g,6.5,110
5949065022938,File De Macrou In Ulei De Floarea Soarelui,,Fish Market,321,15,0,29,100,g,170,
5949065023904,Sardine în ulei de floarea soarelui,,Mega Image Fish Market,212,22.4,0,14.1,100,g,85,
5949065025175,Aluat pentru foietaj,,Mega,396,5.9,37,23,100,g,230,
5949065026240,baton cu ovăz,,mega,443,5,54,21.7,100,g,30,
5949065026394,"Suc de ananas, mango & lime",,Nature’s Promise,44,0.3,10.4,0.1,100,g,,
5949065026479,Desert Cu Caco Si Frisca,,Mega Image,82,1.9,14.9,1.6,100,g,100,
5949065026882,Sana Bio,,Nature's Promise,59,2.9,3.7,3.6,100,g,330,
5949065031466,Salata De Paste Cu Pui,,Mega Apetit,158,6.1,16.3,7.3,100,g,200,
5949065033309,Hummus Cu Muguri De Pin,,Mega,245,8.9,5.7,20,100,g,,
5949065033491,Baton cu seminte,,mega,531,14.9,40.9,32.3,100,g,35,
5949065038441,Mix pentru salata Savora,,MEGA,50,3.2,1.6,2.8,100,g,50,
5949065039912,Mix Pentru Salata Feeria,,Mega Image,16,1,2.1,0.3,100,g,100,
5949065039943,mix pentru salata,,Mega,17,2.1,1.7,0.4,100,g,,
5949065041281,Steluțe marmorate,,World's Market,455,5.5,49,26,100,g,,200
5949065042523,Lime & Ginger Chocolate,,Deli Cata,522,5.7,46,33,100,g,,
5949065043018,High Protein Porridge Strawberry,,Emma,381,28,48,6.7,100,g,60,
5949065046125,Fresh Smoothie,,Roots Goods,47,0.5,10.7,0,100,ml,500,
5949072200633,Semințe de cânepă decorticate,,Republica Bio,592,31.6,4.7,48.8,100,g,10,
5949082200739,Castraveți În Saramură,,Naturavit,9,0.5,0.9,0.1,100,g,,
5949082201422,Măsline negre fără sâmburi,,Naturavit,125,0.5,0,13,100,g,,330
5949084016543,Auch cașcaval clasic fel,,Auchan,304,28.7,2.4,20,100,g,,150
5949084019179,Înghețată La vafă,,Auchan,188,2.7,26.8,7.7,100,g,55,
5949084019483,Auch iaurt bio 140g,,Auchan,62,3.1,4.5,3.5,100,g,,
5949084021967,Pickled Green Tomatoes,,Auchan,36,0.8,6.5,0.3,100,g,350,
5949084023053,Auch iaurt grecesc 900g,,Auchan,117,4,3.6,9.6,100,g,,
5949084023725,Raw Nuts and dry Apricots,,Auchan,629,16,17,54,100,g,80,
5949084024623,"Pouce iaurt 2,8%",,,54,3.2,4.1,2.8,100,g,150,150
5949084027204,Spanac Frunze,,Auchan,34,3.4,1.5,0.9,100,g,765,
5949084027495,Mix Nuca Stafide,,Auchan,483,8.8,46.2,28.3,100,g,,
5949084029352,Semințe De Chia,,Auchan,490,15.6,43.8,30.8,100,g,,
5949084031416,Sandwich Cu Bacon Rosii Si Salata,,Auchan,252,7.9,22.5,15,100,g,195,
5949087842033,Green Velvet Ciocolata cu cafea proteica,,Secretele Ramonei,500,29.2,9.8,38.2,100,g,,
5949093101841,WAU,,Babic,224,34.3,0,9.6,100,g,,
5949096117276,Porumb Pop Corn,,Best PQ,365,9.4,67,4.7,100,g,100,
5949096219581,San Benedetto Zero Fructe Rosii,,San Benedetto,8,0,1.6,0,100,g,,
5949096924010,Vegan Protein,,Massive Vegan,402,81.4,9.1,4,100,g,30,
5949101000012,Zuzu Dolce Mousse de lapte cu ciocolată,,Zuzu Dolce,210,3.7,23.9,10.7,100,g,,100
5949101000050,Budinca Zuzu cu frișcă,,Zuzu,94,2.4,16,2.2,100,g,170,170
5949101000562,Zuzu fit,,albalact,50,6,5.8,0.3,100,ml,100,500
5949101000951,iaurt cremos,,K-Classic,124,4,0,10,100,g,,140
5949106462624,voila 500 ml,,Voila,250,1.7,6.3,25,100,ml,,500
59492573,Coca-Cola Original 0.5,,Coca-Cola,42,0,10.6,0,100,ml,,500
59492580,Fanta portocale 0.5,,Fanta,43,0,10.5,0,100,ml,,500
59492597,Coca Cola Original 0.33,,Coca Cola,42,0,10.6,0,100,g,,
59492603,Schweppes 0.5,,Coca-Cola,42,0,10.1,0,100,ml,100,
59492634,Schweppes biter 0.5,,Coca-Cola,52,0,12.6,0,100,ml,,500
59492689,Cappy portocale,,cappy,21,0,4.8,0,100,ml,330,330
59492696,Fanta portocale,,Fanta,43,0,10.5,0,100,ml,330,
59492702,Coca Cola Zero 0.5,,,0,0,0,0,100,ml,250,500
59492719,CeI Negru Piersici Hibiscus,,Fuzetea,19,0,4.4,0,100,ml,500,
59492726,Fructe de Pădure,,Fuzetea,20,0,4.5,0,100,ml,250,
59492740,Tonic Water,,Schweppes,37,0,8.9,0,100,ml,,500
59492757,ceai verde,,Fuzetea,19,0,4.5,0,100,ml,,500
59493037,Apa Fructata,,Bucovina,20,0,4.9,0,100,g,,
59493242,Cappy lemonade,,Cappy,21,0,4.7,0,100,g,400,
59493518,Apa,,Aqua Carpatica,0,0,0,0,100,g,,
59494041,Coca Cola Gust Original 0.3,,Coca Cola,42,0,10.6,0,100,ml,300,300
5949499042069,covrigi,,alka,466,9.6,65,18,100,g,100,100
59495130,Coca Cola Lămâie Original,,Coca Cola,43,0,10.8,0,100,ml,250,500
59495147,Sprite 0.5,,Coca-Cola,20,0,4.6,0,100,ml,,500
59496397,Coca Cola Lămâie Verde Original,,Coca-Cola,42,0,10.6,0,100,ml,250,500
5949999863157,Ovaz,,Tastesylvania,408,10.4,54,15,100,g,70,
5990031646849,Actimel kids,,danone,62,3.3,9,1.4,100,g,,
59939788,Choco Wafer,,Milka,422,7.9,66,14,100,g,,
59945383,NESCAFÉ 3in1 ORIGINAL,,Nestle,71,0.2,12.4,2.2,100,g,16.5,16.5
5995885790717,Pulykamellmedalionok z morčacích prs plnené syrom a šunkou,,GALLOCOOP,244,12,19,13,100,g,,
5995910711380,Mini snitzel from chicken breast,,Valdor,193,18,11,8.2,100,g,,
5995910711748,File Din Piept De Pui In Înveliș Dulce&Chili,,Hungerit Zrt,198,18,15,7,100,g,,
5996037061679,Summer Mix,,Iglo,52,2.2,8.6,0.5,100,g,,450
5996253000315,Chio Tubes Cașcaval,,Chio,550,5.2,52,35,100,g,,
5996253001213,Gold Fischli cașcaval,,Chio,466,10,64,18,100,g,,
5996253001237,Gold fischli susan,,Goldfish,479,10,65,19,100,g,30,80
5996253002210,Chio Lentil Chips Sea Salt,,Chio,470,15,63,19,100,g,30,65
5996253002326,Oven Paprika,,Chio,405,6.1,72,9.2,100,g,30,
5996253002340,Chio la cuptor Smântână și Ceapă,,Chio,410,6.1,73,9.4,100,g,,100
5996253002401,Chio Oven Sare de Mare,,Chio,435,5.9,80,9.2,100,g,30,100
5996253004139,Chio Cracker Cașcaval,,,439,4.8,69,15,100,g,,
5997010301225,Édes Anna,,Univer,53,6.9,3.7,0.9,100,g,,200
5997010304561,Majonéz,,Univer,640,1,5.4,68,100,g,20,420
5997010313303,ketchup picant Univer,,Univer,108,1.1,24,0.2,100,g,,
5997132504016,Paște făinoase fundițe,,Gyermelyi,377,14,68,4.6,100,g,250,250
5997312700320,chio chips cascaval,,Chio,518,7.3,32,32,100,g,,20
5997347539827,arahide in coaja rosie,,mogyi,554,24,12,44,100,g,100,
5997347540052,Protein Mix,,mogyi,549,32,11,39,100,g,70,
5997347540137,Mexicorn,,Moggy,434,7.4,69,13,100,g,,55
5997347540236,Dry Roasted,,Mogyi,575,25,12,46,100,g,100,
5997347540298,Nussmix,,Mogyi,508,14,38,32,100,g,70,
5997347540427,Micro Pop Sare,,Mogyi,438,8,42,24,100,g,,
5997347540984,Seminte Albe,,Mogyi,290,11,3.2,25,100,g,160,
5997347541042,Arahide prăjite fără sare,,mogyi,598,24,12,49,100,g,20,150
5997347541073,"Földimogyoró - Pörkölt, sózott",,Mogyi,598,24,12,49,100,g,,300
5997347541608,pumpkin 🎃 seeds,,mogyi,574,32,2,47,100,g,70,70
5997347541790,Mogyi Fistic prajit si sarat,,Mogyi,395,13,9,33,100,g,,140
5997347542773,fistic moggy,,mogyi,395,13,9,33,100,g,100,60
5997347543381,Semi di girasole tostati,,Mogyi,430,16,2.9,38,100,g,,200
5997347544395,Sunflower Seeds,,Mogyi,636,21,3.4,58,100,g,,100
5997347544432,Arahide mogyi,,mogyi,644,28,15,52,100,g,,50
5997347555766,Popcorn Natural,,Mogyi,355,11,70,3.1,100,g,,
5997523312152,Soba Classic Cup,,Nissin,206,5.9,25.8,8.3,100,g,,90
5997523312176,Soba Chili Cup,,Nissin,208,5.5,27.3,7.9,100,g,92,180
5997523316235,Beef,,Cup Noodles,78,2.5,9.6,3,100,ml,350,
5997523328276,Yakitori chicken,,Nissin,208,4.2,25.4,9.4,100,g,110,
5997536140131,Danette vanilie,,danone,108,3,17.2,3,100,g,125,125
5997536140728,Danette,,Danette,156,3.1,20,7,100,g,125,500
5998003149329,Pickstick Snack,,Pick,544,23,0.5,50,100,g,20,60
5998003149336,Pick Cârnați stick picanți,,Pick,544,23,0.5,50,100,g,20,60
5998200462726,"Mizo lapte UHT 1,5%",,Mizo,39,1.6,4.7,1.5,100,ml,,1000
5998400307698,Cerbona,,Cerbona,420,5.6,68.5,13,100,g,,
5998710960545,Nesquik,,Nestle,386,5.1,78.9,3.6,100,g,,200
5998710960620,Nesquik,,Nestle,386,5.1,78.9,3.6,100,g,13.5,400
5998711388928,Cheese,,TUC,501,8,60.5,23,100,g,25,100
5998711388935,TUC Sour cream & onion,,Tuc,503,7.1,64,24,100,g,100,100
5998711388942,Mini Original,,Tuc,482,8,62,22,100,g,25,100
5998711723163,Philadelphia,,Philadelphia,225,5.4,4.3,21,100,g,,125
5998711723170,Philadelphia Serek Twarogowy Light,,Mondelez,147,7.4,5.2,11,100,g,100,125
5998711723187,Philadelphia verdeata,,Philadelphia,216,5.3,4,20,100,g,,
5998858706753,Ekologiczne chrupki kukurydziane solone,,Biopont,425,8.1,60,15.8,100,g,70,70
5999553897739,Kerti Zöldségkeverék,,Bovita,49,2.6,8.1,0.4,100,g,,
5999860497073,latte,,Hell,56,2.6,9.6,0.8,100,ml,,250
5999860497080,Ice Coffee - Slim Vanilla,,Hell Energy,35,2.6,3.8,0.8,100,ml,250,250
5999860497097,hell cappuccino,,Hell,56,2.6,9.4,0.8,100,ml,,250
5999860497646,Ice Coffee Double Espresso,,Hell Energy,49,2.7,7.7,0.8,100,ml,250,250
5999860721086,"Lapte 2,8% Grasime",,Fresh Corner,58,3.3,4.8,2.8,100,g,100,
5999860721215,Chips with paprika,,,534,6.8,46,35,100,g,,
5999884034469,HELL,,Hell,46,0,11,0,100,ml,250,250
5999884034650,Hell Energy Drink,,HELL ENERGY,46,0,10.9,0,100,ml,,250
6009709582590,Creatine Monohydrate,,Clear Nutrition,0,0,0,0,100,g,5,
6217000501459,Protein milk,,Hawa Alsham,69,7.7,9,0.2,100,g,100,
6410500090014,Finn Crisp,,Finn Crisp,350,10,61,2.6,100,g,6,200
6410500091868,Finn Crisp | Multigrain,,Finn crisps,347,11,60,3,100,g,6,175
6420103024927,Salmone affumicato,,,183,19.2,0.5,11.5,100,g,,400
6420106181986,Stafide,,Sano vita,290,2.7,67.7,0,100,g,,
6420106182204,Musli cu goji,,SanoVita,374,12.4,59.6,7.6,100,g,,400
6420106184000,Goji uscate,,SanoVita,261,12,43,4.5,100,g,,
6420106196515,SanoVita Musli cu merisoare,,SanoVita,374,9.3,59.6,9.2,100,g,100,400
6420106199158,Crunchy Oat Flakes,,SanoVita,399,17,63,6.9,100,g,100,
6420169002143,Boni hering mari cu lămâie,,Nordic,162,16,5.1,8.5,100,g,,270
6420169002167,Haring Marinat,,,165,16,5.5,8.7,100,g,,270
6420169005588,Bonito salata icre hering și ceapa,,Bonito,557,2.7,1.5,60,100,g,100,70
6420211000332,Pufuleti,,Gusto,379,12,69,5.3,100,g,100,45
6420211000349,Gusto suprize,,Gusto,425,6.5,76,10,100,g,,60
6420289101603,Montana tableta de post,,Midar Group,508,4.9,59,28,100,g,100,50
6420309000046,Ulei spornic,,Spornic,827,0,0,91.9,100,ml,,1000
6420309001685,Ulei de Floarea Soarelui High Oleic,,Spornic,827,0,0,91.8,100,ml,100,
6420318000334,Pufuleti,,Matiaș,490,7,64,23,100,g,,150
6420318000730,"Pufuleți cu gust de căpșuni, iaurt și glazură de cacao",,Buggy,485,5.9,74.9,17.7,100,g,,40
6420396003845,coconut syroup,,5togo,337,0,85,0,100,ml,5,250
6420396003852,Sirop Irish Cream,,FIVE TO GO,17,0,4,0,100,ml,,250
6420464000110,Pizza Capricioasa,,Pizza Mania,211,10,31,5.8,100,g,450,
6420489000683,Gogosari,,Encon,26,1,0,0.2,100,g,,680
6420585005094,Extrasalted soft Shell roasted Sunflower seeds,,Gold,486,16,41.4,35.8,100,g,100,130
6420640000170,Mazare Verde,,Maxim’s,59,4.1,8.3,0.5,100,g,410,
6420657000019,Senape dolce,,Teco,85,5.4,4.6,5,100,g,,230
6421682097807,"Faina Integrala De Ovaz, Ecologica",,Pronat,402,13.8,67.9,7.2,100,g,30,
6421693000308,Pasta de tomate,,,82,3.3,17.2,0.1,100,g,,720
6421725000955,Ronțăilă - Covrigi cu tărâțe,,Timo Serv,365,8.6,64.5,3.4,100,g,,400
6421735000112,Paine libaneza,,Pain D'Or,290,10.1,58.5,1.2,100,g,,750
6421747009349,Fulgi de ovăz,,Penny,324,10,65.2,1.3,100,g,,500
6421757005034,Baciu Smantana 12% mare,,,135,2.8,4,12,100,g,500,900
6421766014577,Whey Protein White Chocolate and Rasperry,,Pro Nutrition,406,63.4,18.7,7.4,100,g,38,
6421766026136,Pro Whey,,Pro Nutrition,411,63.4,18.7,7.4,100,g,38,
6421766062653,35% Protein Bar Peanut Butter Caramel,,Pronutrition,382,35,34.1,13.5,100,g,55,
6421808000247,Cașcaval Rucăr,,Dorolact,307,24,1,24,100,g,100,
6421851000577,Cozonac Fantezie,,Grewe,251,3.1,34.4,10.3,100,g,,750
6421851001154,Paine Neagra Cu Tarate Si Seminte De Floarea Soarelui,,,261,10.3,42.4,4.3,100,g,,
6421851003141,covrigei ddr,,Carrefour,522,11,46,32,100,g,,
6421851003165,covrigei DDR,,Drag de Romania,523,9.3,41,35,100,g,,150
6421882000256,Paine Secuiana,,Frontera,222,7.2,44.4,1.2,100,g,,
6421922024563,Batonul copilăriei,,Pan Food,454,7,69,16,100,g,,100
6422005002720,Amidon Din Porumb Alimentar,,Colin Daily,356,0.5,87.5,0.6,100,g,,
6422006001296,Strop Sirop Pepene Rosu,,Europlant,38,0,9.2,0,100,g,,
6422006001395,Strop Sirop Cu Capsuni,,Europlant,2,0,0.5,0,100,g,,
6422189004572,Chia Seeds,,Natura,435,17.4,43.5,34.8,100,g,,
6422310003498,Covrigei Crocanți,,Krocantel,406,10.4,77.2,5.3,100,g,100,
6422497003236,Salat de icre de crap,,Delta din carpati doripesco,611,6.6,0.3,65,100,g,,
6422497004158,Sote Din Pastrav Cu Legume,,Delta din Carpați,167,12.6,2.2,11.7,100,g,100,
6422558000037,Covrigei cu sare și mac,,Dorivi,382,12,62,8.4,100,g,,250
6422572004660,Cranberry Sirop,,Hypericum Impex,250,0,62.5,0,100,g,,
6422730006772,Chrono isolate whey protein,,Transylvania nutrition,384,93.3,0,0.4,100,g,30,
6422730009575,Whey Pro Coconut,,Natural Plus,400,85.5,11.5,1.4,100,g,,
6422963002893,Penne lentille rouge lin doré,,Petras BIO,379,26.3,49.6,6.6,100,g,,250
6423097000052,Corn Snack,,Figurita Porcivoasa,440,35,34,0,100,g,,
6423366001995,Chiflă Kaiser,,Bunătărie,313,8.4,63.1,3.7,100,g,50,
6423380000035,Pâine neagra cu tarate,,,190,5,44,1,100,g,,300
6423402000050,Paine Cu Faina Neagra Si Maia,,,254,8.4,52.5,0.9,100,g,,
6424143000101,Iaurt 10%,,Teaca,116,3.2,3.2,10,100,g,,
6424312001229,Paine Cu Secara,,Panogrande,211,7.9,40.8,1.1,100,g,,
6424350000017,Sanziene,,S.C. Panitrans S.R.L.,489,4.6,62.9,24.1,100,g,,
6424350000024,Cornulete,,Sünzer,489,4.6,62.9,24.1,100,g,,
6424350000291,cornulețe,,Sanziene,489,4.6,62.9,24.1,100,g,17,
6424350000475,Cornulețe Cu Măr Și Scorțișoară,,Sânziene,489,4.6,62.9,24.1,100,g,10,
6424351000016,Sandwich Cu Piept De Pui,,Snack4u,202,11.8,23.9,6.6,100,g,180,
6424351000030,Sandwich Șuncă Praga & Cașcaval,,Snack4u,258,11.5,33.7,8.6,100,g,175,
6424351000047,Sandwich Mușchi Afumat & Cașcaval,,Snack4u,256,12.4,26.4,11.2,100,g,190,
6424351000948,Mini Baghetă Cu Sunca Praga Si Salam Chorizo,,Snack4u,242,9.8,29.9,8.3,100,g,170,
6424351001587,pofta de sandwich,,Snack 4 U,206,12.2,18,11.5,100,g,110,
6424351001822,Bagheta Cu Pui,,Kaufland,240,12.6,23,10.2,100,g,,
6424610000351,"Plain Yogurt, Fat Free",,Simpl♡,29,4,3,0.1,100,g,,500
6424944000034,covrigi Cornelius 1kg,,Cornelius,402,10.8,64.8,11,100,g,,
6424944000232,Covrigi,,Cornelius,445,10.6,58.3,18.8,100,g,,
6424949000343,Iaurt cu cereale si minerale,,FruFru,154,4.1,17.8,7,100,g,100,
6425011000391,sandwich pui Shanghai,,Sandwich Break,236,10.2,31.8,7.9,100,g,180,
6425011002708,FRIGĂRUI DE PUI THAI & CARTOFI PRĂJIȚI,,SANDWICH BREAK,204,10.5,20.7,8.4,100,g,100,
6425011003521,Sandwich cotlet haiducesc,,Sandwich Break,219,10.8,26.4,7.6,100,g,190,170
6425011010352,Sandwich cu pastrama de porc,,Sandwich Break,324,13.8,34,14.5,100,g,175,
6425011010987,Sandwich Cu Șuncă De Curcan Și Sos Remoulade,,Carrefour,377,10,30,24,100,g,160,
6425037000016,Bel Ami Gaufre de Liège cu zahăr perlat,,Bel Ami,453,6.3,53.7,23.3,100,g,55,550
6425688000373,Feta Fara Lactoza,,Mediterranea,276,16.5,0.7,23,100,g,,
6425717001937,Suc De Mere,,Drag De Romania,52,0,13,0,100,ml,100,
6425744121448,Salata De Ton Cu Naut Si Legume,,Home Garden High Protein,161,12,8.8,8,100,g,160,
6425818000044,"Unt nesărat josi, 60% grăsime",,Josi,546,0.4,6,60,100,g,10,200
6425818000495,Josi Crystal Produs din lapte degresat si grasimi vegetale,,Josi,247,9,1,23,100,g,,200
6425881240200,"Arahide decojite, prăjite, sărate",,Best,628,27.6,19.2,48.3,100,g,,200
6425888000494,Lapte Bătut,,nucet,49,3.4,4.3,2,100,g,,
6425888000609,nucet Smantana 12% Grasime 375 g,,Nucet,136,3.3,3.6,12,100,g,,
6425888000661,telemea de vaca nucet 400g,,,276,20,1.8,21,100,g,,400
6425888001156,nucet Smantana mare 20%,,nucet,203,3,2.8,20,100,g,,900
6425888001415,Cașcaval Rucăr,,Nucet,316,24,1,24,100,g,,164
6425888001859,Telemea De Vaca,,Nucet,276,20,1.8,21,100,g,,
6425899000186,Artesana Iaurt natural de oaie,,Artesana,70,3.9,5.1,3.8,100,g,,200
6425899000759,Artesana br.capra,,Artesana,322,25.9,8.4,20.4,100,g,100,
6425899000780,Artesana br. Cu Trufe,,Artesana,358,27.4,4.7,27.4,100,g,,
6425899000834,Iaurt de băut,,Artesana,65,3.3,4.6,3.7,100,ml,250,250
6425899001169,"Artesana, branza de vaci",,Arte sana,97,20.3,2.6,0.6,100,g,100,
6425929000971,Creveti,,Sushi Expert,60,14.7,0,0.1,100,g,100,
6425932000234,Paine Neagra Feliata,,,236,7.3,50,1,100,g,100,
6426034304046,Zacusca picanta,,Bunatati de Topoloveni,130,1,4.1,10.1,100,g,,300
6426333000632,Proteina Orez,,Obio,379,88,3.3,1.1,100,g,,
6426333002926,Mix Protein,,Bio,400,70.3,6,8.6,100,g,,
6426390940018,Sardine,,WindFish,46,6.7,2.2,1.3,100,g,240,
6426481000096,Pâine cu maia,,Michael Artisan Bakery,207,2.9,39.5,0.8,100,g,,
6426495212225,Miez seminte dovleac crude,,Dry Fruits Transilvania,608,32.1,11.6,48,100,g,,
6426495997641,Cartofi Pai Proaspat Congelati,,FrescoVerde,76,1.7,16.1,0.3,100,g,100,
6426495997818,Cartofi Pai,,Classic,76,1.7,16,0.5,100,g,100,
6426739010334,Gem Capsuni,,Pofta Focului,136,2.4,30.6,0,100,g,,
6426807000045,Cremola,,CreamLand,210,4.8,28.4,8.4,100,g,650,
6426807000137,Inghetata Ciocolata,,Cremola,164,6,20.9,7.1,100,g,,
6426817000011,Agri Venetia Iaurt de oaie,,Agri Venetia,87,4.9,4.4,5.5,100,g,,300
6426953000517,Mure Congelate,,Piramida,43,1.4,9.6,0.5,100,g,100,
6426953001828,Vișine Congelate,,Piramida,54,0.9,11,0.4,100,g,,
6426953002009,Tropical Trio,,Piramida,51,0.6,12.3,0.2,100,g,,
6427395000288,Iaurt stil grecesc,,Centana,124,5,3.5,10,100,g,,900
6427616213497,Pâine De Secară,,Pita Jinarilor,245,8.6,47.1,2.1,100,g,70,
6427616416133,Mar Si Scortisoara,,Five To Go,423,5.5,55,18,100,g,40,
6427948000062,Iaurt in Stil Grecesc 10%,,Lacto Fresh,116,3.2,3.2,10,100,g,100,
6774447200791,Mango,,Farm Freez,60,0.8,15,0.4,100,g,,
6936756292199,Gummy Roses,,4D,317,6.9,72,0.2,100,g,65,
6972007904213,Peeling Soft Candy,,,342,3.2,81,0,100,g,75,75
7300400118101,Original,,wasa,351,9,62,1.5,100,g,11.4,275
7311312008220,Flame baked crispy corn taco shells,,Santa Maria,461,6.5,61,20,100,g,11.3,135
7348008482293,Ciocolată neagră cu ardei iute,,Livstoru,587,7.2,40.7,42.9,100,g,,
75002220,Canelitas,,Marinela,436,5.9,72.6,16.6,100,g,,60
7500533001480,Bebida almendra,,Member's Mark,12,0.4,0.4,1,100,ml,100,1890
7500533002821,Hash Brown,,Member's Mark,258,2.8,23.2,16.2,100,g,100,2500
7501024598946,Hershey's Take 5,,Hershey's,504,8,58,26,100,g,25,42
7501058651280,CarlosV cereal,,Nestlé,375,5.2,75.3,5.9,100,g,,
7503023299046,Doradita multicereal de linaza,,Martany,260,10,40,6.7,100,g,30,90
75032814,corona extra,,Corona,42,0,4.2,0,100,ml,330,355
7610400010016,Milch extra,,Lindt,541,6.7,57,31,100,g,100,100
7610400082549,Lindor,,Lindor,623,4.7,44,47,100,g,12.5,200
7610400093484,Chocolate,,Lindt Lindor,623,4.7,44,47,100,g,12.5,
7610400098618,"Swiss milk chocolate with raisins, hazelnuts & almonds",,Lindt,525,7.2,55,30,100,g,,100
7610400111799,Lindt ciocolata lapte 300g,,Lindt,541,6.7,57,31,100,g,,300
7611471002382,Aptamil,,milupa,67,1.5,8.6,2.8,100,g,,800
7613034120151,Lion White Bar,,Lion,492,5.7,66.2,22.6,100,g,,42
7613034955098,Nestle After Eight Classic,,Nestlé,426,2.1,73.5,12.9,100,g,16.6,200
7613035159860,Nestlé dessert chocolat noir,,Nestlé Dessert,549,4.9,50.6,34.7,100,g,,
7613035619425,Chocolate Granola,,Nestlé,492,9,62.7,14.8,100,g,45,300
7613035619456,Granola Miele,,Nestlé,429,8.7,65,13.2,100,g,45,300
7613036047517,Gerber organic baby mar caisa piersica,,Gerber,50,0.4,11,0.1,100,g,125,
7613036958967,STARBUCKS By Nespresso Caffè Verona 10 capsules,,NESTLÉ NORGE AS,397,14.4,40.2,15.4,100,g,,55
7613038158754,Nescafe 3 in 1 mild,,Nestlé,440,2,78,12.9,100,g,,
7613287114280,pentru paste bolognese,,Maggi,330,10,59,3.7,100,g,,
7613287354280,Joe original,,Nestlé,493,5.3,63.9,23.2,100,g,,
7613287354389,Joe Cioco,,,513,5.6,60.2,27.1,100,g,,160
7613287756565,Lion chocolate bar (duo),,Nestlé,487,5,66.8,21.9,100,g,,
7614500010013,Milk chocolate with Honey & Almond Nougat,,Toblerone,529,5.6,61,28,100,g,25,100
7616100474141,Pileća kocka,,Maggi,251,4.7,32,12,100,g,10,60
7622201098483,Bubbly Alpine Milk,,Milka,541,6.5,56,32,100,g,22.5,90
7622201103064,Milka caramello,,Milka,539,4.6,56,33,100,g,,100
7622201125752,crema bisc milka,,Milka,531,6,61,29,100,g,,100
7622201138691,Poiana Amăruie cu gust de portocale,,Mondelez,519,5.2,56,28,100,g,18,90
7622201388300,Croissant cocoa filling,,7 DAYS,453,5.6,43,28,100,g,60,60
7622201388348,Croissant with filling,,7 DAYS,748,6.8,54.9,35,100,g,80,80
7622201389666,Coisant hazel nut 80g,,max,488,6.6,44,31,100,g,80,
7622201391652,Cream & Cookies Max Croissant,,7 Days,287,3.7,28.2,17.4,100,g,60,
7622201391775,CROISSANT GUST SAMPANIE,,7 days,455,5.7,43,28,100,g,60,60
7622201391836,Croissant vanilie capsuni double,,7 days Mondeleez,427,5,46,24,100,g,1,80
7622201391935,Croissant Chocolate drops,,7 Days,447,7,46,26,100,g,,70
7622201392017,7days double coconut max,,7days,440,5.7,42,27,100,g,,80
7622201392192,Croisant peanut Max cocoa,,7 days mondelez,474,7,43,30,100,g,80,80
7622201392291,Double Max,,7 days Mondeleez,435,5.4,46,25,100,g,80,80
7622201393670,bomboane,,Mondelez,457,2.6,71,18,100,g,9.2,221
7622201432287,Golden Oreo,,OREO,484,5.3,69,20,100,g,154,154
7622201521110,Milka hazelnut creme jar,,Milka,555,3.8,58,34,100,g,,350
7622201638740,Poiana cu lapte,,Mondelez,527,5.6,61,28,100,g,,80
7622201639785,Poiana Alune,,Mondelez,539,6.3,57,31,100,g,100,80
7622201735081,Gelatina sabor arándano,,Royal,10,1.7,0.5,0,100,g,100,360
7622202016288,Bake Rolls,,7 Days,436,12,62,15,100,g,,80
7622202021602,7Days Bake Rolls Sour Cream & Onion Flavour 80g,,7 Days,438,12,62,15,100,g,,80
7622202022357,Africana Ciocolata Lapte,,Africana,525,3.8,63,28,100,g,100,80
7622202022463,Ciocolată Cu Cocos Laura,,Africana,541,4,57,32,100,g,100,80
7622202022487,Africana Alune si Stafide,,Mondelez,517,5.6,59,28,100,g,14,
7622202022623,africana arahide,,Africana,541,7.7,55,31,100,g,100,
7622202043239,Chipicao mini crois. Cacao,,7 days mondelez,452,6.1,45,27,100,g,60,60
7622202205873,Chipicao croissant with cocoa filling,,Chipicao,453,5.6,43,28,100,g,60,60
7622202215797,mini ciocolata 7 days,,7 Days,452,6.1,45,27,100,g,185,
7622202250804,Ouă Chocolata Lapte Alpin,,Milka,532,6.1,59,29,100,g,90,
7622202254222,croissant vanilia flavour milka,,Milka,486,6.2,46,30,100,g,50,50
7622202258244,Ciocolata cu alune intregi 250g,,Milka,560,7.9,48,36,100,g,,250
7622202262708,Extra cacao,,Milka,557,7.6,47,36,100,g,15,
7622202265358,White Chocolate,,Milka,534,4.2,65,28,100,g,100,90
7622202265693,Choco Cookies,,Milka,499,6.3,62,25,100,g,27,
7622202265884,Sensations Cookies Oreo Creme,,Milka,519,4.2,61.5,28.5,100,g,26,156
7622202265914,Sensations Cookies,,Milka,515,4.6,61.5,26.9,100,g,26,
7622202271601,Lapte alpin,,Milka,539,6.5,57,31,100,g,15,
7622202272851,Cadbury dairy milk wholenut,,,172,2.7,15,11,100,g,,280
7622202287879,wafferlini,,Milka,523,4.8,64.5,26.8,100,g,31,
7622202287923,napolitane,,Milka,549,5.9,56,33,100,g,,
7622202298905,Extra Chunky Caramel Salted Almond Chocolate,,Milka,542,8,52,33,100,ml,,7920
7622202317057,Bake Rolls Garlic,,Tuc,442,13,63,15,100,g,,
7622202317798,Bake Rolls Tomato And Olive,,Tuc,441,13,63,15,100,g,80,
7622202329463,milka mica lapte,,Milka,269,3.3,28.9,15.6,100,g,45,
7622202355967,Milkinis promo 16x,,Milka,580,4.9,53,38,100,g,,
7622202397370,Croissant van cacao double,,7 days mondelez,455,5.6,43,28,100,g,,60
7622202398650,Max Croissant,,7 Days,452,5.5,43,28,100,g,100,
7622202399176,corn,,7days,401,4.7,49,20,100,g,80,80
7622210005984,milka cookies,,milka,499,6.3,62,25,100,g,13.5,135
7622210013224,Belvita original breakfast,,Belvita,435,7.8,66,14,100,g,,300
7622210018922,Oreo,,Oreo,479,5.3,68,20,100,g,11,154
7622210086013,Barni capsuni,,Barni,393,5,60,16,100,g,,30
7622210175762,Crema De Brânză Cu Chives,,Mondelez,146,7.4,5.1,10,100,g,,
7622210187062,Pim's sour cherry,,pim,360,3.3,70,7.1,100,g,,147
7622210194046,M Oreo 100,,Milka,564,4.6,56,35,100,g,20,100
7622210198518,Yogurt Crunch Creamy Live Yogurt,,BelVita,445,7.4,68,15,100,g,25.3,253
7622210203359,Milka Biscuiți acoperiți cu ciocolată cu lapte alpin,,Milka,494,7.6,67,21,100,g,,40
7622210276650,Cake & Choc,,Milka,429,5.4,56.5,21,100,g,35,35
7622210289995,Belvita Muesli,,Belvita,452,7.6,69,15,100,g,12.5,300
7622210318800,Oreo Original,,Oreo,472,5.6,67,19,100,g,22,66
7622210330048,Ciocolata Amaruie 65%,,Poiana,558,7.2,40,39,100,g,100,
7622210346735,belvita orginal breakfast,,Belvita,455,7.7,68,16,100,g,50,300
7622210403919,Milka Choco grain,,Milka,493,7.8,59,24,100,g,28,126
7622210544926,Milka Oreo White,,Milka,562,4.4,59,34,100,g,,
7622210547422,tib bar coko blag,,Belvita,416,5.7,60,16,100,g,40,
7622210591203,soft bakes,,belVita,398,5.1,63,15,100,g,,
7622210592262,soft bakes strawberry,,Belvita,376,4.6,64,11,100,g,,250
7622210594723,Praline au chocolat au lait,,Milka,554,6.1,53,35,100,g,,
7622210598462,Tuc Paprika,,Tuc,494,8,63,23,100,g,,100
7622210598493,Tuc au fromage,,Tuc,501,7.6,63,24,100,g,,90
7622210598691,Pralinés strawberry créme,,Milka,569,6.1,52,37,100,g,,
7622210626028,"Oreo Cookies, Cool Mint",,Oreo,479,5.2,69,20,100,g,100,154
7622210633354,Oreo Strawberry Cheesecake,,Oreo,474,5.6,67,20,100,g,100,154
7622210642196,Darkmilk,,Milka,557,5.8,49,36,100,g,,85
7622210659156,Biscuiți cu cacao și cremă,,Mondelez,494,4.8,70,21,100,g,24,96
7622210683724,MMMAX Strawberry Cheesecake,,Milka,526,5.3,60,29,100,g,100,300
7622210695451,Myrtilles et graines de lin,,Belvita,441,8.4,66,14,100,g,,270
7622210713650,Milka Oreo Original,,Milka,549,5.3,57,33,100,g,37,37
7622210748997,Oreo Crumbs,,Oreo,441,6.3,71,14,100,g,30,300
7622210765338,OREO ORIGINAL,,OREO,516,5.4,68,19,100,g,,176
7622210835338,Choco Brownie,,Oreo,474,5.7,67,19,100,g,11,176
7622210836687,"Oreo Brownie Biscuiți cu cacao și cremă cu cacao, 154g,",,OREO,469,6.1,66,19,100,g,11,154
7622210839442,OREO 154g,,Mondelez International,473,5.5,68.2,20,100,g,22,150
7622210956163,s ib m Oreo Brownie,,Oreo,552,6.7,51,35,100,g,,100
7622210991867,MilkaMMMAX,,Milka,560,5.4,52,36,100,g,,
7622210991881,MMMAX Oreo,,Oreo,552,5.4,56,34,100,g,,
7622210992246,Milka mmmax,,Milka,558,5.4,55,34,100,g,33.3,300
7622210999016,Chocolat lait amande caramel,,milka,544,6,53,34,100,g,,300
7622210999108,Milka oréo,,Milka,564,4.8,56,35,100,g,20,100
7622210999139,Milka noisette,,Milka,549,7.5,53,34,100,g,,100
7622210999160,Milka noisettes,,Milka,538,9.1,54,31,100,g,,
7622210999306,Milka mmmax,,Milka,544,9.2,51,33,100,g,,
7622210999368,Strawberry,,Milka,558,4,57,35,100,g,25,100
7622210999412,Milka alune seckani lesnik,,Milka,537,7.1,54,32,100,g,,100
7622210999610,t lu m mousse 100,,milka,570,6,49,38,100,g,7,100
7622210999634,MILKA Chocolate Milka Branco,,MILKA,532,4.3,65,28,100,g,,100
7622300382193,Belvita Breakfast,,Belvita,442,7.4,67,15,100,g,50,50
7622300382216,Ciocolată Chocolate,,belVita,481,7.7,65,14,100,g,12.5,50
7622300428860,Lapte & Cereale Milk & Cereals,,belVita,444,7.8,66,14,100,g,12.5,50
7622300428969,BelVita breakfast,,Mondelez International,444,7.8,66,15,100,g,50,300
7622300434373,Choco Jaffa Raspberry,,Milka,357,3.5,70,6.8,100,g,29.4,147
7622300441692,Milka Chocominis,,Milka,505,6.4,63.5,24.5,100,g,,
7622300441715,Milka Choco Mini Stars,,Milka,509,7.1,63,25,100,g,37.5,150
7622300507121,Lacta oreo,,Lacta,533,7.1,60,29,100,g,,105
7622300538255,"BelVita Breakfast - Cereals, Honey and Nut",,Belvita,450,7.4,68,15.5,100,g,50,300
7622300541491,Oreo,,Oreo,476,5.3,68,20,100,g,11,66
7622300555962,Belvita Honey And Nuts Biscuits 300G,,Belvita,455,7.6,69,15,100,g,,300
7622300590970,Choco Biscuits,,Milka,488,6,67,21,100,g,100,150
7622300730956,Arahide,,Africana,543,8.4,53,32,100,g,,90
7622300753320,Mondelez Double Oreo,,Oreo,494,4.2,68,22,100,g,,
7622300756451,Original Philadelphia Professional,,Philadelphia,226,5.4,4.3,21,100,g,,1650
76224935,Choco wafer,,Kraft Food,535,6.7,56,31,100,g,30,30
7708100367759,Granola cu fructe exotice,,Lök,360,4.3,65,0,100,g,,
7792180139726,Bizcochos cuadraditos agridulces con agregado de vitamina D. 9 de Oro,,Molino Cañuelas,467,6.7,66.7,20,100,g,30,215
7941065031468,Jambon Curcan,,Matache Măcelaru,107,18.1,0.4,3.7,100,g,150,
7999673407663,ZERO BAR (CHOCOLATE-BANANA),,BioTechUSA,380,40,22,15,100,g,50,
8000070038769,LAVAZZA CREMA E GUSTO,,Lavazza,1,0.2,0.3,0,100,g,,250
8000320010095,Passata verace,,Cirio,35,1.2,6.3,0.1,100,g,,700
8000320010118,ROSII PULPA,,Cirio,28,1.1,4.4,0.2,100,g,100,400
8000380153442,Loacker,,Loacker,517,8.6,58,27,100,g,,90
8000404000905,Ministre Quadrelli,,Spinosi,382,15.9,66,5.6,100,g,,
8000430395747,Gran Gusto,,Galbani,385,31,0,29,100,g,,200
8000500005187,Boîte assortiment variétés de chocolat,,Ferrero,455,3,52.8,20.3,100,g,,246
8000500023976,Candies Raffaello,,Ferrero,627,7,38.6,48.3,100,g,10,150
8000500082379,Nutella,,Nutella,539,6.3,57.5,30.9,100,g,15,1000
8000500192801,Ferrero Rocher,,Ferrero,603,8.2,44.4,42.7,100,g,,100
8000500217078,nutella B-ready,,nutella,521,7.2,60.7,27,100,g,22,220
8000500224281,Nutella B-ready,,Ferrero,521,7.2,60.7,27,100,g,22,22
8000500264379,Kinder Delice,,Ferrero,451,5.4,58.2,22.8,100,g,39,
8000500264850,Nutella B-Ready,,FERRERO,521,7.2,60.7,27,100,g,22,44
8000500267035,kinder delice,,Kinder,336,5.4,58.2,22.8,100,g,39,39
8000500269169,Kinder Cards,,Kinder,527,11.5,55.9,26.3,100,g,2256,128
8000500309469,Chocolat Kinder Chocofresh fourré lait noisette x5,,Kinder,577,7.3,40.2,42.7,100,g,20.5,102.5
8000500310427,Biscuits croquants au coeur onctueux de Nutella®,,nutella,515,7.9,64,24.8,100,g,13.8,304
8000500311585,Confetteria Raffaello Piacere Puro FERRERO,,Ferrero,627,7.4,38.6,48.3,100,g,80,80
8000500338056,Kinder pinguin cherry 30g,,Ferrero,128,0,14.1,7.3,100,g,,30
8000500357729,Nutella,,Ferrero,539,6.3,57.5,30.9,100,g,15,900
8000500359358,"Biscuits Nutella x3 biscuits fourrés - 41,4g",,nutella,522,7.9,64,24.8,100,g,13,41.4
8000500359488,Ferrero rocher milk,,Ferrero Rocher,617,6.1,46.1,44.4,100,g,18,90
8000500359556,Raffaello - Confetteria - Kokos & Mandelcreme,,Ferrero,432,8.1,46.5,41.8,100,g,18,90
8000500359815,Chocolat noir noisettes,,Ferrero Rocher,599,6.4,42.2,43.7,100,g,18,90
8000500383056,kinder,,Kinder,572,8.6,49.5,37.3,100,g,,107.5
8000500391228,Kinder Kinderini,,Kinder,504,6,67.9,23,100,g,12.5,250
8000500401026,Tic Tac Citrus Mix,,Tic Tac,394,0.1,94.9,0.6,100,g,,49
8000500426494,Nutella Plant-Based,,Ferrero,534,6.8,53.4,31.8,100,g,15,350
8000500434123,Kinder Crispy,,Kinder,573,7.8,51.8,36.8,100,g,34,34
8000500447130,Kinder Kinderini,,Kinder,508,6,67.9,23,100,g,,100
8000500461068,Icecream,,Ferrero Rocher,405,5.2,32,28.5,100,g,63.5,
8000590113106,Le dolcezze dell'aurora,,campiello,489,6.2,65,22,100,g,,350
8000590222150,È il novellino,,Campiello,412,7.2,75,12,100,g,5,350
8000590317115,Biscuit Mattinale intégrale,,,456,11,61,17,100,g,,350
8000920200087,Viennetta,,Olá,248,3.2,25,15,100,ml,100,650
8001040418291,Plasmon,,Plasmon,419,8.9,76.6,8,100,g,,
8001080030743,Gran Purè,,Knorr,39,2.4,4.9,1,100,g,225,225
8001100011868,Balocco Italian barn eggs,,Balocco,450,6.9,71,15,100,g,,350
8001100011882,BASTONCINI,,BALocco,469,6.3,71.9,18.8,100,g,100,350
8001100011912,"Balocco, Gocciolotti 350 gr",,Balocco,495,6.7,64,23,100,g,,
8001100012384,Novellini biscuits,,Balocco,463,6.7,72,16,100,g,29.2,350
8001120011015,Orecchiette di Semola,,Coop,282,9.4,58,1,100,g,,500
8001440132506,Red Kidney Bohnen,,Cirio,92,6.5,11.7,0.6,100,g,,230
8001665713184,Tortellini prosciutto crudo,,Rana,282,13,40,7,100,g,250,250
8001860181139,Rice Cakes Protein,,Scotti,395,16.3,63,7,100,g,9.4,
8001860201516,Risotto Reis,,Riso Scotti,351,6.9,77,1.3,100,g,,500
8001860209741,Oat Barista,,Riso Scotti,62,0.8,8.7,2.7,100,ml,,1000
8001860210075,biscuiți fragezi orez fl 350g Riso,,Riso Scotti,478,6.8,69,19,100,g,,350
8001860210099,Biscotti scotti senza lattosio,,Riso Scotti,478,7.2,66,20,100,g,13,350
8001860252266,RisoVital,,Riso Scotti,367,8.3,79.9,1.3,100,g,,40
8001860252341,Rice Bread w/ Chia seeds,,Riso Scotti,386,7.6,82,2.5,100,g,100,100
8001860252365,Rondele de porumb și orez cu ierburi aromate,,Scotti,375,8,81,1,100,g,100,100
8001860252938,Boisson de riz et quinoa,,Riso Scotti,59,0.5,12,1,100,ml,,1000
8001860810008,Rice Original,,Riso Scotti,61,0.2,13.1,0.9,100,ml,,1000
8002063211913,Mozzarella,,Brimi,242,17.3,0.8,18.8,100,g,100,
8002367017082,Tortellonicu br,,Pastificio Temporin,291,12,46,5.7,100,g,250,250
8002580000373,Bio 100% pera,,Parmalat,56,0,12,0,100,ml,,1000
8002580028513,tea pesca,,Parmalat,35,0,8.5,0,100,ml,,330
8002580030530,Succo di frutta ananas,,Parmalat,49,0,11,0,100,g,,
8002580321157,Stay Stong Shake,,Pro,68,10,5,0.7,100,ml,100,250
8002590017521,Non salati Unsalted Crackers,,Colussi,441,11.2,69.8,12.2,100,g,18,250
8002710402008,Zanetti Parmigiano Reggiano PDO Cheese,,Zanetti,386,32.1,0,30,100,g,28,200
8003340092621,Lindor Milk,,Lindt Lindor,623,5,44,47,100,g,,337
8003518100516,Mix gran primo,,AGRIFORM,408,34,1.6,29,100,g,,100
8003566011079,Parmigiano Reggiano,,Montanari & Gruzza,402,32,0,30,100,g,,
8003753900438,"Illy Classico 100% Arabica, 250g",,Illy,0,0,0,0,100,g,,250
8003950802818,Ton,,Sapori Și Mare,379,16,0,35,100,g,52,
80040248,Tonno all'Olio di Oliva,,RIO mare,363,17.5,0,37,100,g,,80
8004030022010,"Light Tuna Salad Corn with peas, carrots and black olives",,RIO mare,188,8.8,6.4,14,100,g,160,160
8004030026018,"Rio mare salatuna mexico style with red beans, corn and peppers",,RIO mare,197,10,8.3,13,100,g,160,160
8004030044005,Thunfisch in Olivenöl,,Rio Mare,401,17,0,37,100,g,160,160
8004030069008,Paté de thon,,rio mare,237,13,4,18,100,g,,100
8004030070004,paté salmone rosa,,RIO mare,213,10,4.5,17,100,g,100,100
8004030383555,Tonno all'Olio di Oliva,,Rio Mare,403,17,0,37,100,g,,320
8004030383562,Tonno all'Olio di Oliva,,RIO mare,403,17,0,37,100,g,,80
8004030595033,Tuna chunks in brine,,Rio Mare,106,25,0,0.7,100,g,100,120
8004030860001,Insalatissime Cous Cous e Tonno,,RIO mare,153,8.8,16.9,16.3,100,g,160,160
80042556,Pulpe fine de tomates,,Mutti,26,1.2,3.9,0.2,100,g,400,400
80042563,Mutti Solo Pomodoro Parma Passierte italienische Tomaten,,Mutti,36,1.6,5.1,0.5,100,ml,100,680
8004275001115,Olio extra vergine di oliva,,Pietro Coricelli,822,0,0,91,100,ml,,1000
8004690611500,Spaghetti n°15 (Le Integrali),,La Molisana,353,15,65,2.5,100,g,100,500
8004690612804,Fusilli No. 28 Le Integrali,,la Molisana,355,15,65,2,100,g,100,500
8004800023667,Hazelnut,,,463,5.2,62.9,27.9,100,g,,45
80051732,Pocket Coffee espresso,,Ferrero,437,3.5,57.8,20.5,100,g,,225
80052043,TIC TAC Fresh Mint,,tictac,397,0.1,97.5,0.5,100,g,0.5,18
80052333,Tic Tac orange,,tictac,400,0.1,96.7,0.7,100,g,,18
80053835,Olivenöl,,Monini,828,0,0,92,100,ml,100,1000
8005510001563,Ulei,,Monini,828,0,0,92,100,ml,,500
8006830320464,Ulei de avocado,,Fratelli mantova,824,0,0,91.6,100,g,1.7,
8006922010341,Mango with mango juice,,Siviero Maria,171,0.9,32,4.4,100,g,,500
8006922078167,Cappuccino,,Siviero Maria,211,2.9,30,8.9,100,ml,,1000
8006922078181,Fragola,,Siviero Maria,156,1,30,3.6,100,ml,100,1000
8006922078228,Gelato alla vaniglia del Madacascar,,Siviero Maria,209,3.7,27,9.4,100,g,100,500
8007153006158,Il Casolare grezzo naturale,,Farchioni,824,0,0,91.6,100,ml,,500
8007270110158,Costa D'oro olio extravergine di oliva,,costa d'oro,819,0,0,91,100,ml,,1000
8007270127026,Oliwa z oliwek najwyższej jakości z pierwszego tłoczenia,,Costa d'Oro,819,0,0,91,100,ml,100,1000
8007545000610,Riso per risotti,,Riso Mondina,361,7.4,78,0.6,100,g,,1000
8007640896569,Protein Bar,,Enervit,432,26,49,13,100,g,,
8007990002290,Hulala Mare,,Hulalá,292,0.7,13,26,100,g,,
8007990002382,Whipping sugar free,,Hulala,250,0.6,3.7,26,100,ml,,500
8007990002573,Sos Pentru Gatit Uht - Vegan,,Gran Cucina,204,2.2,3.2,20,100,g,,
8007990003082,Hulala Originala 500ml.,,Hulala,293,0.6,12,27,100,ml,500,
8007990003099,Hulala 1L,,Hulalá,294,0.6,12,27,100,ml,,1000
8007990464999,Cooking sauce light tasting,,gran cucina,189,3,7,16.4,100,g,100,500
8007990601868,Hulala Spray,,Hulala,256,1.1,7.8,24.5,100,ml,,250
8008177000047,Insalata Di Mare,,Denner,79,11,0.9,3.5,100,g,100,
8008410655409,Prosciutto Cotto,,Citterio,129,20,1,5,100,g,,
8008460800064,Olio Extra vergine di Oliva,,Il Portico,900,0,0,100,100,ml,,1000
8008620050551,Bio cracker con olio extra vergine di oliva 10% | crich,,Crich,438,11,68,13,100,g,31.3,250
8008698015988,Muffin Choco,,Schär,404,5.2,49,20,100,g,,65
8008698024065,Pan Blanco,,Schär,212,2.4,47.2,2.8,100,g,25,250
8008698024140,Pan multigrado sin gluten,,Schär,232,3.6,40,4.9,100,g,,250
8008698024188,Pan Rustico,,Schär,240,3.8,44,2.4,100,g,25,250
8009755009070,Chick peas,,Maxim's,72,4.6,6.7,1.3,100,g,100,400
8010518014125,Meravigliosa Italia prsciutto cotto ms120 gr,,Salumificio Volpi,163,19.5,1,9,100,g,,120
8012400008410,Ricotta,,Moro,107,8.2,3.9,6.5,100,g,250,
8012666006960,Tonno a pinne gialle al naturale,,Carrefour,100,23,0.5,0.9,100,g,,240
80128168,Pomodori Secchi,,,214,8.1,12,12,100,g,,
80135463,Pâte à Tartiner aux Noisettes et au Cacao,,Nutella,539,6.3,57.5,30.9,100,g,15,200
80135876,Nutella 400g,,Nutella,539,6.3,57.5,30.9,100,g,15,400
8015559008980,Artichoke In Oil,,Kaufland,167,1.3,1.4,16.8,100,g,,
8016647000312,Rigatoni,,D'amicis,332,14.3,68,0.4,100,g,100,500
8017596075178,Emmental francese,,Eurospin,369,27,0.5,29,100,g,,220
80176800,Nutella,,nutella,533,6,57.3,30.7,100,g,40,750
80177609,Kinder Chocolate,,Kinder,545,8.7,54.4,35,100,g,12.5,50
8018211906044,Focaccia Flour,,Molino Rossetto,350,12,71.8,1.1,100,g,,
8019428000013,Rice drink,,The Bridge,65,0.5,13,1.3,100,ml,100,1000
8019428000099,BIO RICE DRINK ALMOND,,The Bridge,70,0.5,12.8,1.9,100,ml,200,1000
8019428007067,Bio Spelt Drink,,The bridge,56,0.5,10,1.5,100,ml,,1000
8022496400029,Prosciutto Crudo,,K-Favourites,233,26,0.7,14,100,g,14,
8023696009098,Cookie Cuor di Crema al Pistacchio,,falcone,466,6.2,61,21,100,g,,
8024370059149,Soia Drink Cacao,,Penny,56,3,6.5,2,100,ml,,1000
8024370059156,Soia drink vaniglia,,Penny,46,3,4,2,100,g,,
8028257016140,Salame Spinata Picante,,Kaufland Gold Edition,349,25,1.4,27,100,g,,
8029513120687,gli sfiziosi,,Iper,510,7.3,61,26,100,g,,100
8032605060563,Lasagne,,La Pasta di Camerino,382,15,67,5.1,100,g,,500
8032618610410,Gran Moravia,,Gran Moravia,378,31,0.6,28,100,g,100,100
8032754439227,Apple cider vinegar,,De Nigris,16,0,0.3,0,100,ml,,500
8032804632073,Taralli multicereali,,Tentazioni Pugliesi,443,11.2,62.6,15.2,100,g,,200
8032804632080,Taralli Integrali,,Tentazioni Pugliesi,440,9.6,60,18.9,100,g,,200
8032974008180,I sottoli,,Prix,89,1.2,7.3,4.9,100,g,,
8033028911500,Roșii Decojite Tăiate,,Home Garden,22,1.5,3.2,0.1,100,g,400,
8033520536942,Polpa fine di pomodoro,,Bio ricchi,29,1.2,4.9,0.1,100,g,,400
8033971095715,"Tramezino cu speck, rucola proaspătă și maioneză",,Laboratorio Gastronomico Due,333,11,23,22,100,g,,130
80418900,Gran cucina,,Gran Cucina,189,3,7,16.4,100,g,,200
8050327350038,Lemon Soda,,Crodo,54,0,13,0,100,ml,330,330
8052462271773,mix,,Zaniboni,532,34.7,16.3,34.2,100,g,,
8052575091732,Dulceata De Caise,,Fior Di Frutta,155,0,38,0,100,g,,
8052789120181,Grana Padano,,,398,33,0,29,100,g,,
8054729870521,Tonno Mareblu Leggero,,Mareblu,170,26,0,7.2,100,g,60,180
8057639550576,Whey Protein Isolate (Cookie),,Iso-FUJI,344,85,2.4,0.3,100,g,15,
8057737264139,Canoli Limone,,Positano,482,4.6,54.8,26.2,100,g,170,
8059386751541,Barretta proteica cioccolato al latte e cocco,,1 attimo in forma,478,3.8,54,27,100,g,50,
80761761,Kinder Bueno White 39g,,,571,8.5,53,35.9,100,g,19.5,39
8076800195033,Spaghettini N°3,,Barilla,359,13,71,2,100,g,100,500
8076800195057,Spaghetti N°5,,Barilla,359,13,71,2,100,g,85,500
8076800376999,Lasagne all'uovo,,Barilla,368,14,68,4,100,g,54,500
8076802085738,Penne Rigate No. 73 Durum Wheat Semolina Pasta,,Barilla,359,13,71,2,100,g,100,500
8076802085899,Rigatoni,,Barilla,359,13,71,2,100,g,80,500
8076802085981,Barilla Fusilli N°98,,Barilla,359,13,71,2,100,g,80,500
8076808060654,Farfalle,,Barilla,359,12.5,71.2,2,100,g,160,500
8076809512060,Fette dorate int. 315 gr,,Mulino Bianco,396,11,71,6.1,100,g,8.8,315
8076809512077,Fette biscottate Integrali 315 gr,,Mulino Bianco,386,13.6,60.2,8,100,g,8.8,315
8076809513654,Base per Bolognese,,Barilla,68,1.3,6,4,100,g,400,400
8076809513678,Bolognese,,Barilla,86,4.5,6.5,4.2,100,g,100,400
8076809513692,Napoletana,,Barilla,67,1.4,6.2,3.7,100,g,100,400
8076809513715,Sauce tomate aux olives,,Barilla,77,1.9,6.2,4.5,100,g,380,400
8076809513746,Pesto alla Genovese,,Barilla,492,4.7,9.8,46,100,g,60,190
8076809516655,Cracker integrali,,Mulino Bianco,396,14,61,8,100,g,25,500
8076809527033,Granetti integrali,,Mulino Bianco,410,11,61,11,100,g,,280
8076809545396,Pesto Basilico e Rucula,,Barilla,444,4.5,6.7,44,100,g,27.5,190
8076809569101,Basilico,,Barilla,64,1.6,7.6,2.6,100,g,,400
8076809569118,Arrabiata - Tomato & Chilli,,Barilla,60,1.4,5.5,3.1,100,g,100,400
8076809571487,Buongrano,,Mulino Bianco,418,9.2,63,16,100,g,8.5,350
8076809572569,PESTO,,Barilla,431,2.5,12,41,100,g,100,195
8076809572828,Tarallucci mb 350g int. eu,,Mulino Bianco,467,7,70,17,100,g,9.3,350
8076809572873,Biscuits,,Mulino Bianco,486,7.4,65,21,100,g,7.2,350
8076809572897,Macine mb 350g int. eu,,Barilla,482,6,68,20,100,g,13,350
8076809573252,Baiocchi nocciola 260g,,Mulino Bianco - Barilla,510,8,59,26,100,g,9.3,260
8076809573757,Cioccograno mb 330g,,Mulino Bianco,473,7.7,60,21,100,g,12.5,330
8076809574075,Pan di stelle mb 350 gr eu,,Barilla,485,7.8,64,21,100,g,7.8,350
8076809575492,Penne Rigate Integrale,,Barilla,347,13,64,2.5,100,g,100,500
8076809575515,Pâtes complètes,,Barilla,346,13,64,2.5,100,g,100,500
8076809575553,Integrale Spaghetti Barilla,,Barilla,347,13,64,2.5,100,g,80,500
80859192,Fiesta,,Ferrero,447,3.9,56,21,100,g,36,36
80880042,mentors,,Mentos,239,0,96,0.9,100,g,,21
8402001036453,Caocream Turon,,Hacendado,541,8.5,57,31,100,g,150,
8410037101007,Mandarin Segments in light syrup,,Videca,61,0.4,15,0.1,100,g,,312
8410066144259,Barbeque Sauce,,Heinz,138,0.9,32,0,100,g,,
8410087655192,Donas cacao,,Hermanos Juan,468,5.9,49,27,100,g,,
8410087820033,Sandwich sotille integral,,Dulcesol,271,10,42,4.1,100,g,39,
8410090031549,Atún al natural,,Calvo,76,18,0.7,0.2,100,g,112,160
8410109109832,Chocolate 85% Cacao 0% Azúcares Añadidos,,VALOR,566,11,19,49,100,g,,100
8410188012092,Kelloggs corn flakes the original,,Kellogg's,383,7,84,0.9,100,g,30,500
8410342005861,Chocolate negro 100% Cacao Ecológico,,Torras,616,12,9,56,100,g,10,100
8410376002201,Galleta ligera sin sal y sin azúcar,,Gullón,408,9,58,13,100,g,,80
8410376007121,Gullon Maria Integral,,,433,7.3,74,11,100,g,,
8410376009392,Galletas,,Gullón,474,6.1,65,17,100,g,34,170
8410376009415,Chip Choco Zero Sin Azúcares,,gullón zero sin azucares,458,5.9,64,24,100,g,9.6,125
8410376016789,Digestive Classic,,gullón,464,6,70,17,100,g,,400
8410376023831,Digestive zero sin azúcares,,gullón,431,6.2,68,16,100,g,400,400
8410376037784,Sandwich Zero Sin Azúcares,,Gullón,434,7,67,18,100,g,26,250
8410376039375,Cuore di Cereale,,gullón,447,6.9,70,14,100,g,14,265
8410376039979,Cuor di cereale cioccolato,,gullón,438,7.8,63,15,100,g,13,280
8410376039986,"Gullon Cuordi Cereale Tradizionale, Alto Contenuto Di Fibra",,Gullon,455,7.9,57,19,100,g,,280
8410376040425,Cuor di Cereale,,gullón,459,7.2,59,19,100,g,13.7,300
8410376042498,Galletas Desayuno Zero Sin Azúcares,,Gullón,410,6.8,65,14,100,g,9,216
8410376049060,Avena Bio Organic,,Gullón,470,8.3,64,19,100,g,6.3,250
8410376050837,Bio organic,,Gullón,463,7,67,17,100,g,,170
8410376050936,gullon tea biscuit petit no sugar,,Gullón,401,7.4,73,11,100,g,,200
8410376053128,Maria,,Gullón,417,6.7,75,11.7,100,g,6,
8410376059373,Gullon ostya Kakaó 60g,,Gullón,434,4.4,68,22,100,g,,60
8410500023522,YoPro Blueberry yogurt,,DANONE YoPRO,54,9.4,3.7,0.1,100,g,160,
8410500028206,Proteina Strawberry,,Danone,54,9.4,3.9,0.1,100,g,160,160
8410634084352,Mozz Rasa,,Hochland,291,25,3,21,100,g,100,
8410634718127,Queso Rallado Especial Pasta,,Hochland,316,23,11,20,100,g,,100
8410707000197,Zumo Juver Disfruta Melocot. 1L,,Juver,21,0.4,4.4,0.1,100,ml,,1000
8410791013561,Black olives pitted,,penny,133,0.5,2.2,13.6,100,g,155,340
8412600019672,Takis Fuego,,Barcel,486,5.2,51,27,100,g,100,100
8412600049075,Takis blue,,Takis,497,5.9,54,27,100,g,,
8413164020203,MisterCorn El original,,Grefusa,497,7.6,60,24,100,g,30,160
8413585032007,Mini xocolatinas 85% cacau,,BonÀrea,578,11.6,25.7,44.9,100,g,10,200
8414192346112,Collagen Peptides,,Weider,367,95,0.5,1.2,100,g,,680
8421395418164,Chorizo Paprika Salami,,Kaufland Gold Edition,411,21.6,2.7,34.4,100,g,,
8424259802031,Galletas leche y chocolate,,Gerblé,449,10,61,17,100,g,,230
8424465870282,Bagel,,Cristal,257,9.5,49,2.2,100,g,,
8424465870305,Ciabatta Cerveza,,Lidl,243,7.2,46,2.7,100,g,100,
8424465870329,Ciabatta,,Cristal,225,8.3,43,1.9,100,g,80,
8424621000331,Collier bonbon,,,367,0,88,1.7,100,g,,
8426617119928,pico-balla,,Haribo,381,1.7,82,4.9,100,g,,85
8429583022773,Albacore Tuna In Water,,Solo,142,29,0,2.9,100,g,120,
8431876001495,Petits pains grilles,,Carrefour,408,10,66,10,100,g,,225
8431876066913,Tortilla nachos,,Carrefour,472,6.6,64,20,100,g,25,200
8431876291445,Caramelo de goma botellitas sabor cola,,Carrefour,345,4.7,80,0,100,g,,250
8431876291506,Caramelos de goma Jellies,,Carrefour,324,0,81,0,100,g,,
8431876355529,Calendrier de l'avant Chocolat au lait,,Carrefour,531,5.9,59,29,100,g,,75
8434165624245,TostaRica,,Cuétara,463,7.5,73,15,100,g,30,
8434165624290,Campurrianas Chocolate,,Cuétara,459,6.2,69,17,100,g,,350
8435177056017,Fried And Salted Giant Corn,,Auchan,332,3.9,55.4,9.2,100,g,130,
8435177058066,Jagody goji suszone,,Auchan,343,14,64,0.5,100,g,25,150
8435177065392,Noix de cajou,,Auchan,601,20,23,47,100,g,25,150
8435177077531,Curmale Deglet Nour,,Auchan,284,2.3,65,0.5,100,g,100,
8435177077647,Arahide Ciocolata Lapte,,Auchan,543,20,33,35,100,g,100,
8435257037288,Nesquik Shake,,Nestlé,77,3.7,10.9,2,100,g,,
8436047158602,Cotlet de porc &quot;Andaluz&quot; feliat,,Costa Brava,97,20,1,1.4,100,g,500,
8436551190747,Delicious bread snacks (garlic & parsley),,Valentina,528,8.9,52.9,30.4,100,g,,
8436574337969,Rice flour,,Quamtrax,343,8.3,73,1.2,100,g,100,
8436607852001,Caldo de pollo,,Casa Ametller,2,0.8,0.5,0.5,100,ml,100,1000
8437011503848,High Protein Wraps,,Deli Sun,287,15,40,6,100,g,60,
8437020396011,FRAMBUESAS BAÑADAS EN CHOCOLATE BLANCO Y LECHE,,franui,360,5.2,36.4,21.6,100,g,25,150
8445291259171,Saucy Noodles,,Maggi,462,8.2,63.1,19.1,100,g,,75
8445291260054,Saucy Noodles Sweet Chili,,Maggi,463,8.9,62.1,18.9,100,g,75,75
8445291260078,Teriyaki Noodles,,Maggi,462,8.4,63,19,100,g,75,
8445291532045,nescafe,,Nescafe,400,7.1,72.1,8.6,100,g,14,
8445291837508,Noodle Cup Chicken Taste,,Maggi,103,2.3,11.9,4.9,100,g,288,63
8445292215404,Nuts mango taste,,Nestle,487,4.8,62,24,100,g,42,
8480000095084,Chocodays,,Hacendado,372,8,70,4.8,100,g,30,500
8480000095329,Cereal mix 0% azúcares añadidos,,Hacendado,372,9.4,74.8,2.7,100,g,,375
8480000138484,Bebida de arroz y avellana,,Hacendado,50,0.6,6.9,2.1,100,ml,,1000
8480000141583,Tortas de Maíz,,Hacendado,367,7.7,80,1.7,100,g,30,120
8480000156044,Gazpacho Tradicional,,Hacendado,41,0.8,3.6,2.6,100,g,,1000
8480000156167,Mixbeans Edamame&Soja,,Hacendado,430,46,9.1,20,100,g,,100
8480000171320,Tomate frito,,Hacendado,81,1.5,9.5,3.5,100,g,100,400
8480000173539,Ketchup,,Hacendado,101,1,22.9,0.4,100,g,,600
8480000180186,Atún claro al natural,,Hacendado,99,21,0.9,1.2,100,g,60,
8480000225108,Avellana & Datil,,Hacendado,580,13.6,39,35.9,100,g,,200
8480000340245,Nuez natural pelada,,Hacendado,716,17,2.2,69.6,100,g,100,200
8480000348654,Almendra natural,,HACENDADO,642,25.2,5.9,54.8,100,g,100,200
8480000390103,Zumo pura naranja,,Hacendado,44,0.7,9.9,0.1,100,ml,250,1000
8480000503718,Queso fundido sandwich,,Hacendado,288,17,9.9,20,100,g,,200
8480000592521,Pechuga de pavo bajo en sal finas lonchas,,Hacendado,76,16.5,1.3,0.5,100,g,100,
8480000808585,Hummus Classic,,HACENDADO,311,6,11.1,25.8,100,g,100,240
8480000823656,REGAÑA,,Hacendado,448,11.8,65,15,100,g,35,250
8480000829320,Croissant con crema de chocolate,,Hacendado,419,7,45,23,100,g,42,375
8480000861450,Batatas Fritas Sabor Serrano,,Hacendado,533,6.6,50,33,100,g,100,150
8584004025181,Lina Crispy Wafers with cocoa cream filling with peanuts in cocoa coating,,LINA,573,10,47,38,100,g,50,
8585002444134,Beef Soup Base,,Maggi,257,4.2,34.8,11.2,100,g,100,80
8585002460004,Maggi - Vegetables Seasoning / Baza PT Mancare Cu Legume,,Maggi,127,5.8,20.8,1.8,100,g,,75
8585002460028,Secretul gustului cu Legume,,Nestlé,128,5.8,20.9,1.8,100,g,,200
8585002460042,Secretul Gustului legume,,Maggi,127,5.8,20.8,1.8,100,g,,400
8585002460486,Magg Secretul Gustului GUST DE GAINA pentru plus d,,Nestlé,134,5,16.8,4.8,100,g,,
8585002460509,Baza pentru mancaruri,,Maggi,134,5,16.8,4.8,100,g,,75
8585002476166,6 cuburi vita,,Maggi,228,5.2,23.3,12.6,100,g,10,60
8585002521934,Cooking base,,Megle,169,2.2,4.2,16,100,ml,,500
8586019163940,Power Protein,,Day Up power,89,5,12,2.4,100,g,,
8586019164008,power,,Day Up,78,1.5,17,0.5,100,g,,100
8586020106165,Sandwich Pui Copt,,Tommy BITES,235,10,23,11,100,g,180,
8586022211263,Nuci Pecan,,Gymbeam,721,9.2,4.3,72,100,g,100,
8586022211799,Cashew Butter Gymbeam,,Strawberry,598,9.5,32.5,45.3,100,g,,
8586022214332,Sardynki w zalewie,,GymBeam,109,21.7,0.7,2.2,100,g,90,125
8586022218415,IsoFuel,,ClearWhey,354,86,0.7,0.5,100,g,100,
8586025609012,Creștine,,Gymbeam,0,0,0,0,100,g,10,250
8586025701648,Fistic Prăjit Și Sărat,,Pentru tine de Penny,600,21,8.9,50,100,g,100,250
8586026393200,Protein Balls,,Gymbeam,389,20.7,44.9,13.3,100,g,,
8586027394312,Soy Protein Isolate - Banana,,Gymbeam,364,86,3.9,0.5,100,g,,
8586028593233,Just Whey Gourmet Vanilla,,,377,74.9,6.6,5.6,100,g,30,1000
8588006139068,True Whey Protein,,GymBeam,373,74,6,5.6,100,g,30,
8588006485363,Beef protein,,Gym Beam,391,93,2.9,1,100,g,30,
8588006485639,True Whey Protein,,GymBeam,370,74,6,5.6,100,g,100,1000
8588006485738,True Whey Unflavoured,,Gymbeam,383,77,5.8,5.5,100,g,100,
8588006751246,True Whey Protein,,GymBeam,370,74,6,5.6,100,g,30,2500
8588007130033,Just Whey Vanilla,,Gymbeam,377,74.9,6.6,5.6,100,g,30,1000
8588007275420,Crea7in,,Gymbeam,230,0.6,40,0,100,g,10,
8588007731919,Hummus,,Mclloyds,433,9.5,64.9,13.8,100,g,,85
8590311104051,Zoom east candies jelly eye,,,341,7.4,74.3,0,100,g,,
8590421044162,Ovocné pyré z jablek manga a broskví,,Nature's Promise,56,0.2,11,0.2,100,g,90,90
8590421044858,Oat Cookies With Cranberries,,Nature's Promise,425,8.7,72,11,100,g,9,
8590421051504,Biscuits With Oat And Chocolate,,Nature's Promise,390,7.8,62,14,100,g,9,
8590421060346,Ovesná kaše s chia semínky a borůvkami,,Nature's Promise,373,14,58,6.9,100,g,,65
8590421062586,Tortilla bio,,Nature's Promise,480,6.7,63,22,100,g,100,
8590421062661,"Băutură cu soia bio, UHT",,Nature´s Promise,39,3.6,1.3,1.9,100,ml,,1000
8590421066836,Go nuts fruit mix,,go nuts,478,9,52,26,100,g,100,
8590421068816,ALMOND with milk chocolate,,DREAM & CO,340,4.7,32,21,100,g,84,504
8590421069905,Green Pesto,,World's Market,263,3.7,2.1,26,100,g,100,190
8590421070000,Guacamole Dip,,Word's Market,100,2,7,7,100,g,300,
8590421070383,Np bio fulgi porumb 38340,,Natures Promise,339,7.9,70,1.8,100,g,100,
8590421070413,Křupavé müsli s ořechy,,Emma Grown for good,480,9,65,19,100,g,,350
8590421070468,Choco Balls,,Emma,367,7.8,76,2.7,100,g,30,
8590421070895,Obraji de vită cu arome de trufe și vin roșu,,Excellent,110,17,2.3,3.8,100,g,100,
8590421073926,Bicuits Cocoa,,Kitbis,447,6.1,73,14,100,g,100,
8590421073940,Mini Wafers Hazelnut,,Kitbits,526,6,62,28,100,g,400,400
8590421074572,Peanut butter,,worlds market,644,26,11,54,100,g,100,
8590421075760,Mandle,,Emma,629,21,22,49,100,g,100,200
8590421075821,Nuci de Macadamia crude,,Emma,783,7.8,13,76,100,g,50,100
8593893007437,"Nesquik Cereal Riegel, Schoko",,Nestlé,395,6.6,66.6,11.5,100,g,25,25
8593893007468,Nestle Chocapic Cereal Bar,,CHOCAPIC,396,6.6,65.4,11.8,100,g,,25
8593893007499,Baton Cini Minis 25G,,Nestlé,392,8,66,10.8,100,g,25,25
8594012791763,Plátky ananasu ve sladkém nálevu,,Giana,65,0,16,0,100,g,,565
8594012798861,Marinna,,,68,14,0,1.2,100,g,,
8594042912015,Lentil chips,,vital snack,467,9.6,56.5,24,100,g,,65
8594042912046,Humus chips,,,489,9.7,56.2,24,100,g,,
8594044245975,pedro,,rainbow pencils,372,2.7,83,2.7,100,g,8,100
8594199372779,Pizza Base,,Vilgain,282,7.7,47,6.3,100,g,,280
8594199375251,Avocado oil spray,,Vilgain,824,0,0,92,100,ml,1.8,200
8595002110229,Vanilla Flavour Pudding,,YoPRO,72,10,6.1,0.8,100,g,180,180
8595021603283,president Cheddar felii,,Président,415,25,0,35,100,g,,100
8595021608080,Cheddar,,President,415,25,0.1,35,100,g,,
8595241505350,Tuńczyk w sosie własnym duże kawałki,,Giana,97,22,1.4,0.2,100,g,120,120
8595241515281,Tuňák steak v pikantním oleji,,Gaston,372,20,1,32,100,g,52,104
8595241517582,Franz Josef,,Kaiser Franz Josef,26,2,2.4,0.5,100,g,,
8595241524726,Tuna Salad Mexico,,Hollandia,13,0.8,0.9,0.7,100,g,160,160
8595241526140,Tuna Salad Quinoa,,Kaiser Franz Josef,172,9.2,8.1,11,100,g,160,
8595564521389,Gourmet Knuspermüsli Honig-Nuss,,k Favourites,486,10,61,21,100,g,,100
8595643804884,Yoghurt Strawberry,,Miil,89,2.9,13.1,2.7,100,g,125,
8595643815705,Norwegian Smoked Salmon,,Pappudia,167,21,0.5,9.4,100,g,100,
8595643818102,Mix Olives,,Kitchin BIO,203,2.2,1.6,20,100,g,100,
8595643818201,Peanut Butter Smooth,,Yutto,639,27,10,53,100,g,,
8595643818225,Peanut Butter Smooth,,YUTTO,628,25,18,50,100,g,15,
8595680001390,Muschi Pork,,Le&co,127,16.5,2.5,5.5,100,g,,
8595685206721,Pretzels Salted Caramel,,Mixit,497,9.2,58,25,100,g,70,
8595685228914,Creme Boule Pistachio Mio,,Mixit,397,6.6,60,16,100,g,,30
8595685231228,Mixtika Action Bar Peanut Butter,,Mixit,403,11,56,16,100,g,34,
8595685235028,Crunchy Cheese,,Mixit,594,40,4.2,46,100,g,20,
8595685235059,Crunchy Cheese,,Mixit,580,39,5.4,45,100,g,20,
8595685236261,Creme Boule Fistic,,Mixit,387,6.6,62,14,100,g,30,
8595685247588,Festin De Paște,,Mixit,539,9.5,51,33,100,g,,
8595685251134,Oua De Paște,,Mixit,610,9.3,42,45,100,g,,
8595685251684,Mix Nuci Prăjite Și Brânzeturi,,Mixit,602,22,20,49,100,g,,
8595717702276,Vilgain Falafel,,Vilgain,352,15.9,54.5,5,100,g,50,200
8595717716532,Rolled Oats,,Vilgain,375,13,62.5,6.2,100,g,,
8595717716631,Tuna Chunks In Brine,,vilgain,117,24,0,4.9,100,g,84,
8595717730866,Whey Protein Cinnamon Roll,,Vilgain,391,75,8.8,6,100,g,30,
8600114011040,Donut triple choco,,Jaffa bakery,420,5.5,49,22,100,g,24,
8600197462142,Miley milk chocolate albastru,,Milly,545,6.7,54,33,100,g,100,
8600197470475,Tortilla,,World's Market,299,9.1,57.4,4.9,100,g,40,
8600197488760,Ovseno mleko za kafu,,Nature’s Life,60,0.7,6.9,3.2,100,ml,,1000
8600462042123,Nutri O'cake,,Jaffa crvenka,446,9,52,20,100,g,,115
8606011890030,Hummus Italiano Tomato & Garlic,,Ribella,231,5,9.3,18.7,100,g,,200
8606011893543,Hummus Caramelized Garlic,,Ribella,240,5,11,18.5,100,g,100,200
8606011898852,Hummus natural,,Ribella,231,5.5,6.7,19,100,g,,
8606011898968,DUO MIX Hummus Onion Sweet Salad,,Ribella,233,5,8,19,100,g,,200
8606015717968,musli baton din cereale cu ciocolata Dr Oetker,,Vitalis,369,6.3,70,5.8,100,g,35,
8606015717982,Musli Baton Din Cereale Cu Merisoare,,Vitalis,363,5.7,72,4.5,100,g,35,
8606015718002,Vitalis Baton Musli Cu Alune,,Dr Oetker,365,6.3,70,5.3,100,g,35,
8606018618453,Mango Ice-cream,,Pirulo,86,0.8,20,0.8,100,g,65,
8682213100955,Angel Hair,,Rosso Bianco,525,6.4,60.1,30,100,g,100,
8690504037767,Nibbles Double Chocolate,,McVitie's,527,7,63,26.2,100,g,37,110
8690504081210,Rulouri de napolitane umplute cu cremă de alune,,McVitie's,521,4.3,68,26,100,g,6,170
8690504119272,Cookie acreala,,McVities,499,5.8,51,25,100,g,,
8690504121107,Protein Biscuits,,McVities,479,16,52,23,100,g,28,
8690504185239,Sesame Sticks,,Ülker Clip,500,13,56,19,100,g,,100
8690526007021,biscotte toast,,ETI,375,11,74,3,100,g,,148
8690526026220,Dare with MILK CHOCOLATE,,Eti,513,7.3,57,28,100,g,50,50
8690526060163,Puf,,ETI,406,3.6,77,11.4,100,g,16,16
8690526060231,puf,,Eti,401,3,77,8.3,100,g,,18
8690526065182,Adicto Go Prăjitură cu cremă de capșuni,,Eti,416,5,56,18,100,g,40,40
8690526065700,Dare,,ETi,522,7.7,54,30,100,g,50,50
8690526065946,Adicto Go Prăjitură cu cremă de lămâie și glazură,,Eti,444,4.5,61.2,20.8,100,g,45,45
8690526065953,Adicto Go Prăjitură cu cremă de cacao și glazură de cacao,,Eti,432,4.8,59,20.1,100,g,45,45
8690526067797,Milk Burger,,Eti,330,6,51,11,100,g,,35
8690526067803,Milk burguer,,danone,342,4.7,51,13,100,g,,35
8690526266848,dare,,eti,488,5.8,59,27,100,g,28,28
8690526730196,Dare cocoa &peanuts,,Dare,486,9.3,50,26,100,g,,
8690526733104,Dare,,Dare,497,7.6,60,25,100,g,100,
8690632767147,Ciocolata Fistic,,Nestle,561,11,48,36,100,g,,
8690828618550,Instant Noodles Special Chicken Flavour,,Licco,89,1.5,11.3,4.2,100,g,367,
8692806022809,Double Up Big Cake,,Szerencsi,460,5.2,65,25.6,100,g,,
8697288521109,Dubai Chocolate,,Rosso Bianco,525,6.9,56,33,100,g,,
8697950816632,ETODOLOGIA CERCETARI MOROBI Nature's DATE 09.12.20,,Natures,336,12.1,58.5,11.5,100,g,,
8697950816649,Natural bites,,Nature's,335,9.4,61,11.2,100,g,,96
8698529301740,Sour Cherry Jam,,Sultan Baci,286,0.5,71,0,100,g,,
8710449001880,Steak Fries,,Aviko,145,2.5,25,3.5,100,g,,750
8710449500765,Onion Rings,,Avico,217,3.6,25,10.9,100,g,225,
8710522991350,Hovězí polévka s nudlemi,,Knorr,36,1.3,6.8,0.5,100,g,,101
8710559038417,Pepper Mint,,FRESH COURAGE,399,0.6,99,0,100,g,,200
8710609413409,Ciuperci tăiate,,Carrefour,18,2.1,0.2,0.4,100,g,100,
8710637105185,mission lipie originala,,Mission,333,8,56,8,100,g,61,
8710637107189,Spelt and Oat Wraps,,mission,316,8,53,7,100,g,100,
8710637107202,mission lipie multicereale,,Mission,308,8.5,52,6.5,100,g,100,
8711000535806,Decaf 100% Freeze Dried Instant Coffee,,JACOBS,0,0,0,0,100,g,100,100
8711000566923,3.1 ice,,Jacobs,402,7.4,74,8.1,100,g,100,
8711000566930,Jacobs 3 in 1 Intense 11.1G,,Jacob’s,383,3.5,75,8.9,100,g,11.1,11.1
8711000566947,Jacobs 3 in1 original,,Jacobs,426,3,67,15,100,g,,
8711000577431,Jacob’s 3 in 1,,Jacob's,426,4.1,66,15,100,g,,12.4
8711000692561,3.1 scorti,,Jacobs,439,1.7,74,15,100,g,,
8711200398461,ketchup classic,,Hellmann's,107,1.2,24,0.5,100,g,,
8711327547018,Înghețată Cu Cacao Fara Zahăr Adăugat,,Lido,79,4.5,12,2.9,100,ml,100,
8711327632523,Înghețată Cu Ciocolata,,Betty Blue,225,3.5,27,11,100,g,57,
8711327676220,Green Ice Tea,,Lipton,10,0,2.3,0,100,ml,250,
8712100386558,Legume,,,140,7,22,0.8,100,g,,
8712100386619,Delik'at Gustul De Acasa,,Delikat,135,8.1,19,0.9,100,g,2.5,75
8712100386657,Baza mancaruri gust gaina,,Delikat,140,8,19,0.9,100,g,,400
8712100462511,Baza PT. Mancare Legume 400G Del'k'at,,Delikat,137,6.6,22,0.8,100,g,,400
8712566394197,Original BBQ sauce,,Hellmann's,133,0.7,30,0.7,100,g,15,285
8712857971274,Coco water,,Tropical,25,0,6.3,0,100,ml,,315
8713500012078,Hero baby poire banane avoine,,Hero baby,74,0.6,16,0.3,100,g,,120
8713734033825,Queso Gouda,,Hacendado,345,23.4,0,27.9,100,g,25,300
8713975600008,colageen,,Vital Proteins,360,90,0,0,100,g,20,567
8714100289983,Magnum Crème Glacée en Pot Amande 440ml,,Magnum,329,4.6,31,20,100,g,297,297
8714100750582,Noodles Chicken Taste,,knorr,477,9,60.7,21.3,100,g,61,61
8714100804728,Bors Magic cu legume,,,20,1.6,0,1.8,100,g,,
8715700126210,57 HEINZ EST 1869 FIERY HOT TOMATO KETCHUP 3573835,,Heinz,109,1.3,23.5,0.3,100,g,,
8715700126234,Ketchup,,Heinz,44,1.6,5.4,0.1,100,g,15,425
8715700210988,Mayonnaise sauce,,Heinz,644,0.8,30,70,100,g,,
8715700407760,Tomato Ketchup BIO,,Heinz,112,1.4,25.3,0.1,100,g,,580
8715700420363,Ketchup Pikantny,,Heinz,107,1.2,23.3,0.1,100,g,,570
8715700421469,Heinz tomato ketchup,,Heinz,102,1.2,23.2,0.1,100,g,,500
8715700421544,Tomato ketchup,,Heinz,102,1.2,23.2,0.1,100,g,,
87157635,Tomato Ketchup,,HEINZ,102,1.2,23.2,0.1,100,g,100,342
87170160,Pepsi S / Cafeina LL.375,,Pepsi,44,0,11,0,100,ml,,330
8717703265637,Peanut Butter,,K-Classic,601,22.5,11,49.8,100,g,100,350
8717703265651,Crunchy Peanut Butter,,Kaufland,601,22.5,11.5,49.8,100,g,,
8718114876009,Borș magic original,,Delik'at,166,1.1,35,2,100,g,,20
8718612005826,AriZona Blueberry White Tea,,Arizona,20,0,5.2,0,100,ml,100,1750
8718906662858,Perla Huisblends Aroma snelfiltermaling,,Albert Heijn,1,0.2,0.1,0,100,g,,500
8718906895171,Latte Macciato,,Perla,34,1.5,3.7,1.4,100,ml,220,120
8719200065666,Margarina,,,180,0.5,0.5,20,100,g,,
8719200069282,Sandvis,,Delma,180,0.5,0.5,20,100,g,,
8719200215511,Margarina rica en omega 3,,Flora,630,0.5,0.5,70,100,g,,450
8719200240261,Delma sandwich,,Upfield,180,0.5,0.5,20,100,g,,900
8719200240902,Delma sandwich margarin,,Delma,180,0.5,0.5,20,100,g,,450
8719200265035,Rama classic,,Rama,530,0.5,0.5,59,100,g,,400
8719200265066,100% plant based classic margarine,,Rama,530,0.5,0.5,59,100,g,,225
8719200266582,Classic,,Becel,318,0,0,35,100,g,,
8719200266612,Becel Classic,,Becel,315,0.5,0.5,35,100,g,,400
8719979201470,Cracker Mix Classic,,Happy Creations,507,7.9,58,27,100,g,25,300
8720088531914,Cocktail Fructe De Mare Cu Surimi Cu Apa Adaugata,,Dayseaday,80,17.8,0,1,100,g,,
8720182086679,Sos de maioneză,,Hellman's,671,0.6,20.4,73,100,g,,
8720182088376,Hellman’s Original Mayonnaise,,Hellmann's,671,0.6,2.9,73,100,ml,,405
8720182110961,Light sos de maioneză,,Hellmann's,289,0.5,9.1,27,100,g,,413
8720182303509,Hot Mexican style sauce,,Hellmann's,63,1,13,0.5,100,g,,266
8720182344946,Cheddar Sauce,,Hellmann's,411,0.9,7.7,43,100,g,,
8720182682604,Garlic And Herb Sauce,,Hellman's,290,1.1,13,26,100,g,100,250
8720182697356,Crema de setas,,Starlux,42,0.9,4.7,2.2,100,ml,,500
8720182818683,Ketchup -50% Sugar,,Hellman,54,1.4,11,0.5,100,g,,
8720182821591,Knorr,,Knorr,113,2.1,14,5,100,ml,300,
8720182928238,Chicken Stock Powder,,Delicat,126,7.1,19,1.7,100,g,,
8720182928498,DELIK’AT,,Unilever,126,7.1,19,1.7,100,g,2.5,200
8720182928610,Delikat Légumes,,Delikat,125,6.7,19,1.8,100,g,100,400
8720182975805,Knorr supa cu pui tăitei 63g,,Knorr,21,0.6,4.2,0.5,100,ml,100,63
8721122750087,Tortilla super soft,,Dürüm Company,298,7.3,49.7,7.6,100,g,100,
8721274807332,înghețată premium ciocolată albă și biscuiți,,Napolact,327,3.8,38,18,100,g,100,
8722700221906,Green tea Mandarin Orange,,Lipton,4,0.5,0.5,0,100,ml,100,36
8723400938118,Negro Classic,,Győri Édes,386,0,94.7,0,100,g,5.7,
8801043022705,SOON VEGGIE RAMYUN NOODLE,,NONGSHIM,430,9,67,14,100,g,112,112
8801052039862,Gochujang for Bibimbap,,O'Food,225,6.7,53.3,3.3,100,g,40,300
8801073116467,Buldak HOT Chicken Flavour Ramen Carbonara,,Samyang,427,7,66,15,100,g,130,130
8809455631416,Hakata Style Ramen Fresh Noodles,,Asian Food Service,169,6.6,35.9,0.4,100,g,180,
8850813507003,Coconut milk,,Roi Thai,179,1.4,2.9,18,100,ml,80,250
8853662057866,Sriracha Hot Chilli Sauce,,Flying Goose Brand,139,2.3,28,1.2,100,ml,,455
8934863502123,Rice paper,,Bich Chi Food Company,350,5,80,0,100,g,20,200
8935311172080,Duck flavour instant noodle soup,,Vifon,60,1.1,7.7,2.7,100,g,,60
8936010682153,Chicken Noodles,,Cung Dinh,436,9.4,59.9,17.6,100,g,65,
8994452220128,BEEF CHIPS,,BALI FORAGES,371,71.4,11.4,2.9,100,g,35,
8997212611013,Coconut Water,,Kara,17,0,4,0,100,ml,250,1000
9000332813607,Original Rum-Kokos,,Casali,492,4.9,61,23,100,g,5.6,100
9000332813959,Coco Nuts,,McVitie's,490,4.4,63,24,100,g,,160
9000332813973,Rum-Kokos,,Casali,492,4.9,61,23,100,g,,175
9001745009687,Tyrolini Scharf,,Kaufland,500,30,0.5,42,100,g,100,
9002859055553,Fine drops,,wogie,392,0.5,97,0.5,100,g,,200
9002859090516,Fine Drops,,woogie,392,0,97,0,100,g,,200
9002975301558,Goldbären,,Haribo,343,6.9,77,0.5,100,g,25,100
9004145002067,Kamille,,Sonnentor,1,0.1,0.2,0,100,g,,50
9006900013981,pfanner mela verde,,Pfanner,47,0.5,11,0.5,100,g,,
9006900013998,Arancia rossa blutorange,,Pfanner,46,0.5,10,0.5,100,ml,,2000
9006900014018,pfanner Peach,,Pfanner,47,0.5,11,0.5,100,ml,,2000
9006900014025,Apfelsaft,,Pfanner,45,0.5,10,0.1,100,ml,,2000
9006900014414,Multivitamine Mixed Fruits Nectar,,Pfanner,45,0.5,11,0.5,100,ml,,2000
9006900014872,Lemon-lime,,Pfanner,50,0.5,12,0.5,100,ml,,2000
9006900228743,Fruity Orange,,Pfanner,43,0.5,9.9,0.5,100,g,800,
9008684055232,Coconut Cubes in Milk Chocolate,,Nice Bites,533,5.3,52,36,100,g,,
9010158012979,Vollmilch Nuss Schokolade,,Clever,552,6.9,51,35,100,g,,100
9010621070420,Müsli crunchy Strawberry,,Emma Grown for good,468,9.4,68,16,100,g,,
9011900196725,Himbeer Sirup,,Mautner Markhof,2,0,0,0,100,ml,,700
90158124,manner snack minis,,manner,526,8.1,52,31,100,g,25,25
9019100694737,High Protein Drink Kakao,,K-Classic,62,10,4.7,0.5,100,g,350,350
9019100694935,Protein Drink,,Kaufland,61,10,4.8,0.5,100,g,350,
90375408,Coca-Cola Zero,,Coca-Cola,0,0,0,0,100,ml,,330
90426230,Milka Choco Snack,,Milka,496,6.3,49,30,100,g,29,32
90426278,Fresh Milk-snack,,Oreo,517,5.2,44,35,100,g,27,30
90426292,Portocale orange,,Pfanner,29,0.5,6.5,0.5,100,ml,,500
9120012040137,Glasnudeln,,Shan'shi,353,0,87,0,100,g,,100
9120012041059,Sojasauce,,Shan Shi,59,4.7,10,0,100,ml,100,150
9120025830602,Milino Baton pufos cu umplutura cremoasa de lapte si glazura de cacao,,Milino,489,5.3,53,28,100,g,,30
9120025830619,Milino Baton pufos cu umplutura cremoasa cu miere si lapte,,Milino,444,5,44,27,100,g,,28
9120025831975,Milino Baton pufos cu umplutura de nuca de cocos si lapte si glazura cacao,,Milino,476,5.4,45,30,100,g,,30
9120025833597,Milioni snack,,Penny,444,5,44.2,27.2,100,g,,28
9120025833603,Penny Prajitura cu umplutura de lapte si glazura de cacao,,Penny,484,5.3,53,27.9,100,g,,30
9120025833610,Penny Prajitura cu umplutura de cocos si glazura de cacao,,Penny,470,5.4,44.6,30,100,g,,30
9120025833726,Bakery d'Oro Pandispan cu crema tiramisu cu lapte,,Bakery d'Oro,462,5.6,46,28,100,g,,30
9120025833771,Bakery d'Oro Pandispan cu cacao umplut cu crema de lapte si cappuccino,,Bakery d'Oro,459,5.2,43,29,100,g,,30
9120025838769,Baton pufos cu umplutura de ciocolata,,Muller,456,5.7,42.9,29.1,100,g,,29
9120025838783,Baton pufos cu umplutura de alune de padure,,Muller,460,5.8,42.7,29.5,100,g,,29
9120025838806,Muller Baton pufos cu umplutura de nuca de cocos si fistic,,Muller,455,5.7,42.5,29.1,100,g,,29
9120070100231,Frozen Power Crispy Hazel,,Frozen Power,313,16,19,21,100,g,50,150
9120070100248,Frozen Power Creamy Coco,,Frozen Power,309,16,21,19,100,g,50,150
9120070100255,dark passion Ice Cream Bar,,,305,16,14,21,100,g,50,150
9120070100408,Frozen Power Salted Caramel,,FRENE ZERO,304,16.4,19.6,19.6,100,g,50,150
9120070100422,Frozen Power Yogurt Amarena,,Frozen Power,435,22.5,28.5,28.5,100,g,50,150
9311493000196,"Bundaberg Ginger 0,375l",,KAFFE KOPPEN DISTRIBUSJON AS,44,0,10.8,0,100,ml,,375
9555487800250,Mixed Berries Yogurt,,Farm Fresh,60,2.2,10,1.2,100,ml,233,700
